-- phpMyAdmin SQL Dump
-- version 3.1.3.1
-- http://www.phpmyadmin.net
--
-- Host: localhost
-- Generation Time: Feb 09, 2013 at 11:35 PM
-- Server version: 5.1.33
-- PHP Version: 5.2.9

SET SQL_MODE="NO_AUTO_VALUE_ON_ZERO";


/*!40101 SET @OLD_CHARACTER_SET_CLIENT=@@CHARACTER_SET_CLIENT */;
/*!40101 SET @OLD_CHARACTER_SET_RESULTS=@@CHARACTER_SET_RESULTS */;
/*!40101 SET @OLD_COLLATION_CONNECTION=@@COLLATION_CONNECTION */;
/*!40101 SET NAMES utf8 */;

--
-- Database: `hz`
--

-- --------------------------------------------------------

--
-- Table structure for table `config`
--

CREATE TABLE IF NOT EXISTS `config` (
  `id` int(11) NOT NULL AUTO_INCREMENT,
  `name` varchar(255) NOT NULL,
  `value` text NOT NULL,
  PRIMARY KEY (`id`),
  UNIQUE KEY `name_2` (`name`),
  UNIQUE KEY `name_3` (`name`),
  KEY `name` (`name`)
) ENGINE=MyISAM  DEFAULT CHARSET=latin1 AUTO_INCREMENT=11 ;

--
-- Dumping data for table `config`
--

INSERT INTO `config` (`id`, `name`, `value`) VALUES
(1, 'hosturl', 'new Host url3'),
(2, 'version', '3'),
(3, 'ldapencoding', 'utf-8'),
(4, 'accountsuffix', 'Account Suffix: 3'),
(5, 'basedn', 'Base DN:3'),
(6, 'adminusername', 'Admin Username3'),
(7, 'password', 'Password:3'),
(8, 'usertype', 'ad'),
(10, 'contexts', 'v3');

-- --------------------------------------------------------

--
-- Table structure for table `config_ldap`
--

CREATE TABLE IF NOT EXISTS `config_ldap` (
  `id` int(11) NOT NULL AUTO_INCREMENT,
  `hostUrl` varchar(255) NOT NULL,
  `version` int(3) NOT NULL,
  `ldapEncoding` varchar(255) NOT NULL,
  `accountSuffix` varchar(255) NOT NULL,
  `baseDN` text NOT NULL,
  `userName` varchar(255) NOT NULL,
  `password` varchar(255) NOT NULL,
  `location` varchar(255) NOT NULL,
  PRIMARY KEY (`id`)
) ENGINE=MyISAM  DEFAULT CHARSET=latin1 AUTO_INCREMENT=3 ;

--
-- Dumping data for table `config_ldap`
--

INSERT INTO `config_ldap` (`id`, `hostUrl`, `version`, `ldapEncoding`, `accountSuffix`, `baseDN`, `userName`, `password`, `location`) VALUES
(1, 'hzl01.vedantaresource.local', 3, 'utf-8', '@hzl01.vedantaresource.local', 'OU=Users,OU=HZL-CSC,DC=HZL01,DC=vedantaresource,DC=local', 'hzl.csc', 'csc%2013', 'HZL-CSC'),
(2, 'asdf', 3, 'utf-8', 'asdf', 'asdf', 'asdf', 'asdf', 'asdf');

-- --------------------------------------------------------

--
-- Table structure for table `hz_asset_requests`
--

CREATE TABLE IF NOT EXISTS `hz_asset_requests` (
  `requestID` int(11) NOT NULL AUTO_INCREMENT,
  `EmployeeID` varchar(255) NOT NULL,
  `HardwareID` int(11) NOT NULL,
  `Reason` text NOT NULL,
  `HaveAssets` tinyint(1) NOT NULL,
  `Executive` tinyint(1) NOT NULL,
  `ManagerUsername` varchar(255) NOT NULL,
  `RejectionReason` text NOT NULL,
  `ManagerRejected` tinyint(1) NOT NULL DEFAULT '0',
  `HodRejected` tinyint(1) NOT NULL DEFAULT '0',
  `Status` tinyint(4) NOT NULL COMMENT '0=new_request, 1=Approved_by_manager,2=Approved by HOD',
  PRIMARY KEY (`requestID`)
) ENGINE=MyISAM  DEFAULT CHARSET=latin1 AUTO_INCREMENT=3 ;

--
-- Dumping data for table `hz_asset_requests`
--

INSERT INTO `hz_asset_requests` (`requestID`, `EmployeeID`, `HardwareID`, `Reason`, `HaveAssets`, `Executive`, `ManagerUsername`, `RejectionReason`, `ManagerRejected`, `HodRejected`, `Status`) VALUES
(1, '444444', 1, 'Reason/Purpose:', 1, 1, 'him.developer@gmail.com', 'Reason for Rejection:', 0, 1, 1),
(2, '444444', 1, 'Reason/Purpose:', 1, 1, 'him.developer@gmail.com', '', 0, 0, 0);

-- --------------------------------------------------------

--
-- Table structure for table `hz_cartage`
--

CREATE TABLE IF NOT EXISTS `hz_cartage` (
  `id` int(8) NOT NULL AUTO_INCREMENT,
  `hw_id` int(8) NOT NULL,
  `cartage` varchar(200) NOT NULL,
  PRIMARY KEY (`id`),
  KEY `hw_id` (`hw_id`)
) ENGINE=InnoDB  DEFAULT CHARSET=latin1 AUTO_INCREMENT=19 ;

--
-- Dumping data for table `hz_cartage`
--

INSERT INTO `hz_cartage` (`id`, `hw_id`, `cartage`) VALUES
(1, 3, 'Q2610A'),
(2, 3, 'Q2612A'),
(3, 3, 'Q2624A'),
(4, 3, 'Q5949A'),
(5, 3, 'Q6511A'),
(6, 3, 'Q7551A'),
(7, 3, 'Q7553A'),
(8, 3, 'CB436A'),
(9, 3, 'CE505A'),
(10, 3, 'C7115A'),
(11, 3, 'CC388A'),
(12, 3, 'CE278A'),
(13, 3, '6001A'),
(14, 3, '6002A'),
(15, 3, '6003A'),
(16, 3, '6004A'),
(17, 3, 'SCX4521'),
(18, 3, 'C1823');

-- --------------------------------------------------------

--
-- Table structure for table `hz_configuration`
--

CREATE TABLE IF NOT EXISTS `hz_configuration` (
  `id` int(8) NOT NULL AUTO_INCREMENT,
  `make_id` int(8) NOT NULL,
  `config` varchar(240) NOT NULL,
  PRIMARY KEY (`id`),
  KEY `modle_id` (`make_id`),
  KEY `make_id` (`make_id`)
) ENGINE=InnoDB  DEFAULT CHARSET=latin1 AUTO_INCREMENT=24 ;

--
-- Dumping data for table `hz_configuration`
--

INSERT INTO `hz_configuration` (`id`, `make_id`, `config`) VALUES
(1, 1, 'P-4,2.40GHZ,RAM-512MB,40GB HD'),
(2, 1, 'P-4,2.40GHZ,RAM-512MB,80GB HD'),
(3, 1, 'P-4,2.40GHZ,RAM-1GB,40GB HD'),
(4, 1, 'P-4,3.00GHZ,RAM-512 MB,80GB HD'),
(5, 2, 'CORE 2 DUO,3.00GHZ,RAM-1 GB,160GB HD'),
(6, 3, 'i5 3.55 GHZ,RAM-4GB,320GB HD, DVD WRITER'),
(7, 7, ' CORE 2 DUO 2.26GHZ, 2GB RAM, 250GB HD'),
(8, 10, 'CORE i7 - 3520M PROCESSOR 2.90GHZ,750GB HDD,4GB RAM,13.3" LCD,DVD RW, WINDOWS 7 64 Bit'),
(9, 9, 'INTEL CORE(P8700(2.53Ghz), 4GB RAM, 250GB HDD, 14.1 LCD'),
(10, 9, ' CORE 2 DUO, 2 GHZ, 512+1MB RAM, 60GB SATA HDD, DVD-COMBO, 14 XGA'),
(11, 9, 'CORE 2 DUO,  2.26 GHZ, 2 GB DDR3 RAM, 160GB SATA HDD, DVD-RW, 14.1 WXGA'),
(12, 9, 'INTEL core i5(2.40GHZ), 4GB RAM, 320GB HDD'),
(13, 9, 'CORE i5-2540M 2.60 GHZ , 4GB RAM , 320GB HDD'),
(14, 9, 'CORE 2 DUO, 1.8 GHZ, 1 +1=2GB RAM, 120GB SATA HDD, DVD-WRITER, 14.1 WXGA'),
(15, 9, 'Core 2 Duo 2.26 / 4GB / 250 GB / NIC / DVD-RW / 14.1 Wide'),
(16, 3, 'I-5,2400 CPU,3.10 Ghz,H.D-320GB,RAM-4GB,DVD R/W '),
(17, 3, 'CORE-2(3.00GHZ)RAM-3GB,HDD250GB '),
(18, 3, 'I-5,660,3.33Ghz,H.D-320GB,RAM-4GB,DVD R/W '),
(22, 2, 'Other,config,for,delL'),
(23, 1, 'Other,hp, config');

-- --------------------------------------------------------

--
-- Table structure for table `hz_criticalregistration`
--

CREATE TABLE IF NOT EXISTS `hz_criticalregistration` (
  `id` int(8) NOT NULL AUTO_INCREMENT,
  `department` int(8) NOT NULL,
  `hardware` int(8) NOT NULL,
  `hwname` varchar(200) NOT NULL,
  `assetcode` varchar(200) NOT NULL,
  `location` varchar(150) NOT NULL,
  `assetowner` varchar(200) NOT NULL,
  `make` int(8) NOT NULL,
  `model` int(8) NOT NULL,
  `serialno` varchar(200) NOT NULL,
  `ipaddr` varchar(200) NOT NULL,
  `hasconfig` tinyint(2) NOT NULL DEFAULT '0',
  `configprocessor` varchar(200) NOT NULL,
  `configram` varchar(50) NOT NULL,
  `confighdd` varchar(150) NOT NULL,
  `configcdrom` varchar(150) NOT NULL,
  `hasnetwork` tinyint(2) NOT NULL DEFAULT '0',
  `nwmake` varchar(220) NOT NULL,
  `nwspeed` varchar(200) NOT NULL,
  `nwgateway` varchar(200) NOT NULL,
  `hasperipheral` tinyint(2) NOT NULL,
  `peripheralmake` varchar(220) NOT NULL,
  `peripheralmodel` varchar(220) NOT NULL,
  `peripheralserialno` varchar(220) NOT NULL,
  `hassoftware` tinyint(2) NOT NULL,
  `swoperatingsystem` varchar(240) NOT NULL,
  `swapplication` varchar(220) NOT NULL,
  `swserialno` varchar(220) NOT NULL,
  `otherconfig` varchar(200) NOT NULL,
  `issuedate` bigint(20) NOT NULL,
  `activestatus` enum('A','D') NOT NULL DEFAULT 'A',
  PRIMARY KEY (`id`),
  KEY `department` (`department`,`hardware`),
  KEY `hardware` (`hardware`),
  KEY `make` (`make`),
  KEY `model` (`model`)
) ENGINE=InnoDB  DEFAULT CHARSET=latin1 AUTO_INCREMENT=86 ;

--
-- Dumping data for table `hz_criticalregistration`
--

INSERT INTO `hz_criticalregistration` (`id`, `department`, `hardware`, `hwname`, `assetcode`, `location`, `assetowner`, `make`, `model`, `serialno`, `ipaddr`, `hasconfig`, `configprocessor`, `configram`, `confighdd`, `configcdrom`, `hasnetwork`, `nwmake`, `nwspeed`, `nwgateway`, `hasperipheral`, `peripheralmake`, `peripheralmodel`, `peripheralserialno`, `hassoftware`, `swoperatingsystem`, `swapplication`, `swserialno`, `otherconfig`, `issuedate`, `activestatus`) VALUES
(1, 2, 6, 'LOTUS NOTES SERVER', 'HZL/CZ/SER/SGH445X01N/07-08 ', 'HZL,CZ', 'MR DIPAK SHAH', 22, 27, 'SGH445X01N', '10.101.22.50/255.255.252.0', 1, 'QUAD CORE XN 3.00 GHZ', '4GB', '146GBX3,72X3 SAS SFF HOT PLUG HDD', 'CD-RW', 1, 'HP NC373I MULTIFUNCTION GIGABIT SERVER ADAPTER(#2) ', '1000 MBPS ', '10.101.23.10 ', 0, 'NONE', 'NONE', 'NONE', 1, 'WIN SERVER 2003 STD EDITION SP2', 'LOTUS NOTES DOMINO SERVER 8.0 ', 'NONE', 'NONE', 1151692200, 'A'),
(2, 2, 6, 'SAFETY SERVER', 'HZL/CZ/SER/I2Q3V1S/08-09', 'HZL,CZ', 'MR. DIPAK SHAH', 38, 50, 'I2Q3V18', '10.101.23.100/255.255.252.0', 1, 'QUAD CORE XN 3.00 GHZ', '4GB', '146GBX3 SAS SFF HOT PLUG HDD', 'CD-RW/DVD COMBO DRIVE', 1, 'BROADCOM BCM5708C NETXTREME II GIGE (NDIS VBD CLIENT)', '1000 MBPS', '10.101.23.10', 0, 'NONE', 'NONE', 'NONE', 1, 'WIN SERVER 2003 STD EDITION SP2', '1. MICROSOFT ACTIVE DIRECTORY DOMAIN	 ', 'UNDEFINED', '-', 1157049000, 'A'),
(3, 2, 6, 'ARS SERVER', 'HZL/CZ/SER/ISGH806EK8R/07-08', 'HZL,CZ', 'MR. DIPAK SHAH', 22, 26, 'SGH806EK8R', '10.101.22.28/255.255.252.0', 1, 'XEON INTEL 1.87 GHZ', '4GB', '280GB', 'CD-RW', 1, 'NONE', '1000 MBPS', '10.101.23.10', 0, 'NONE', 'NONE', 'NONE', 1, 'WIN SERVER 2003 STD EDITION SP2', '-', '-', '-', 1175884200, 'A'),
(4, 2, 6, 'CLMS SERVER', 'HZL/CZ/SER/CN774701J0/07-08 ', 'HZL,CZ', 'MR. DIPAK SHAH', 22, 26, 'CN774701J0', '10.101.22.6/255.255.252.0', 1, 'XEON INTEL 3.00 GHZ', '4GB', '280GB', 'CD-RW', 1, 'NONE', '1000 MBPS ', '10.101.23.10', 0, 'NONE', 'NONE', 'NONE', 1, 'WIN SERVER 2003 STD EDITION SP2', '-', 'UNDEFINED', '-', 1178562600, 'A'),
(5, 2, 6, 'HSE SERVER', 'HZL/CZ/SER/SGH7072034/07-08', 'HZL,CZ', 'MR. DIPAK SHAH', 22, 26, 'SGH7072034', '10.101.22.7/255.255.252.0', 1, 'XEON INTEL 1.60GHZ', '1GB', '280GB', 'CD-RW', 1, 'NONE', '1000 MBPS', '10.101.23.10', 0, 'NONE', 'NONE', 'NONE', 1, 'WIN SERVER 2003 STD EDITION SP2', '-', '-', '-', 1186252200, 'A'),
(6, 2, 6, 'AD SERVER', 'HZL/CZ/SER/SGH543X0T0/07-08 ', 'HZL,CZ', 'MR DIPAK SHAH', 22, 27, 'SGH543X0T0		 ', '10.101.23.48/255.255.252.0', 1, 'QUAD CORE XN 3.00 GHZ', '2GB', '140GB', 'CD-RW', 1, 'HP NC373I MULTIFUNCTION GIGABIT SERVER ADAPTER(#2) ', '1000 MBPS', '10.101.23.10', 0, 'NONE', 'NONE', 'NONE', 1, 'WIN SERVER 2003 STD EDITION SP2', '-', '-', '-', 1212431400, 'A'),
(7, 2, 6, 'SCCM SERVER', 'HZL/CZ/SER/99B1515/10-11', 'HZL,CZ', 'MR. DIPAK SHAH', 22, 27, '99B1515', '10.101.23.8/255.255.252.0', 1, '2X QUAD CORE XN E5620 2.4 GHZ', '8GB', '8X146 SAS SFF HOT CHECKLIST PLUG', 'CD-RW', 1, 'HP NC373I MULTIFUNCTION GIGABIT SERVER ADAPTER(#2)', '1000 MBPS', '10.101.23.10', 0, 'NONE', 'NONE', 'NONE', 1, 'WIN SERVER 2008 R2 STANDARD', '-', '-', '-', 1325701800, 'A'),
(8, 2, 6, 'SEPM SERVER', 'HZL/CZ/SER/99B1515/09-10 ', 'HZL,CZ', 'MR. DIPAK SHAH', 38, 50, '99EB033', '10.101.23.101/255.255.252.0', 1, 'XEON E5410 2.33 GHZ', '8GB', '300GB', 'CD-RW/DVD COMBO DRIVE', 1, 'NONE', '1000 MBPS ', '10.101.23.10', 0, 'NONE', 'NONE', 'NONE', 1, 'WIN SERVER 2003 STD EDITION SP2', '-', '-', '-', 1302114600, 'A'),
(9, 2, 6, 'ALPHA SERVER', 'HZL/CZ/SER/HZL/CZ/SER/S391700252/99-00', 'HZL,CZ', 'MR DIPAK SHAH', 39, 51, 'S391700252', '192.168.96.2 /255.255.252.0', 1, '64 RISC', '256MB', '4X4GB SCSI', 'CD-RW', 1, 'NONE', '10 MBPS', 'NA', 1, 'EPSON DFX 8500 ', 'DFX 8500 ', 'AE50000497 ', 1, 'TRU64 UNIX', '1.MEDICAL REIMBURSMENT 2. INCENTIVE OF WORKMAN 3. CONTRACTOR PF', '-', '-', 1170613800, 'A'),
(10, 2, 6, 'ITMS PROJECT', 'HZL/CZ/SER/99F7071/2011-2012', 'HZL,CZ', 'MR. DIPAK SHAH', 40, 53, '99F7071', '10.101.23.23/255.255.252.0', 1, 'XEON INTEL 3.00 GHZ', '8GB', '300*3', 'DVD RW', 0, 'NONE', 'NONE', 'NONE', 0, 'NONE', 'NONE', 'NONE', 0, 'NONE', 'NONE', 'NONE', 'NO', 1370802600, 'A'),
(11, 44, 11, 'CORE SWITCH', 'HZL/CZ/NETSWT/FOC1121U6YX ', 'HZL,CZ', 'CSC-IT', 30, 70, 'FOC1121U6YX ', '10.101.20.15/255.255.252.0', 0, 'NONE', 'NONE', 'NONE', 'NONE', 0, 'NONE', 'NONE', 'NONE', 0, 'NONE', 'NONE', 'NONE', 0, 'NONE', 'NONE', 'NONE', '48 PORT SWITCH', 1280946600, 'A'),
(12, 44, 11, 'CORE SWITCH', 'HZL/CZ/NETSWT/FOC1121Y0UM ', 'HZL,CZ', 'CSC-IT', 30, 71, 'FOC1121Y0UM ', '10.101.20.17/255.255.252.0', 0, 'NONE', 'NONE', 'NONE', 'NONE', 0, 'NONE', 'NONE', 'NONE', 0, 'NONE', 'NONE', 'NONE', 0, 'NONE', 'NONE', 'NONE', '48 PORT SWITCH', 1207765800, 'A'),
(13, 58, 11, 'CORE SWITCH', 'HZL/CZ/NETSWT/FOC1313V05H', 'HZL,CZ', 'CSC-IT', 30, 68, 'FOC1122Z303 ', '10.101.20.31/255.255.252.0', 0, 'NONE', 'NONE', 'NONE', 'NONE', 0, 'NONE', 'NONE', 'NONE', 0, 'NONE', 'NONE', 'NONE', 0, 'NONE', 'NONE', 'NONE', '24 PORT SWITCH', 1220985000, 'A'),
(14, 44, 11, 'CORE SWITCH', 'HZL/CZ/NETSWT/FOC1122Z2UJ ', 'HZL,CZ', 'CSC-IT', 30, 68, 'FOC1122Z2UJ ', '10.101.20.32/255.255.252.0', 0, 'NONE', 'NONE', 'NONE', 'NONE', 0, 'NONE', 'NONE', 'NONE', 0, 'NONE', 'NONE', 'NONE', 0, 'NONE', 'NONE', 'NONE', '24 PORT SWITCH', 1228588200, 'A'),
(15, 9, 11, 'CORE SWITCH', 'HZL/CZ/NETSWT/FOC1122Z2V0 ', 'HZL,CZ', 'CSC-IT', 30, 68, 'FOC1122Z2V0 ', '10.101.20.33/255.255.252.0', 0, 'NONE', 'NONE', 'NONE', 'NONE', 0, 'NONE', 'NONE', 'NONE', 0, 'NONE', 'NONE', 'NONE', 0, 'NONE', 'NONE', 'NONE', '24 PORT SWITCH HYDRO 2', 1233685800, 'A'),
(16, 43, 11, 'CORE SWITCH', 'HZL/CZ/NETSWT/FOC1122Z2ZC ', 'HZL,CZ', 'CSC-IT', 30, 68, 'FOC1122Z2ZC ', '10.101.20.34/255.255.252.0', 0, 'NONE', 'NONE', 'NONE', 'NONE', 0, 'NONE', 'NONE', 'NONE', 0, 'NONE', 'NONE', 'NONE', 0, 'NONE', 'NONE', 'NONE', '24 PORT SWITCH', 1225823400, 'A'),
(17, 34, 11, 'CORE SWITCH', 'HZL/CZ/NETSWT/FOC1122Z2VB ', 'HZL,CZ', 'CSC-IT', 30, 68, 'FOC1122Z2VB ', '10.101.20.35/255.255.252.0', 0, 'NONE', 'NONE', 'NONE', 'NONE', 0, 'NONE', 'NONE', 'NONE', 0, 'NONE', 'NONE', 'NONE', 0, 'NONE', 'NONE', 'NONE', '24 PORT SWITCH HYDRO 2', 1215282600, 'A'),
(18, 25, 11, 'CORE SWITCH', 'HZL/CZ/NETSWT/FOC1122Z2W4 ', 'HZL,CZ', 'CSC-IT', 30, 68, 'FOC1122Z2W4 ', '10.101.20.36/255.255.252.0', 0, 'NONE', 'NONE', 'NONE', 'NONE', 0, 'NONE', 'NONE', 'NONE', 0, 'NONE', 'NONE', 'NONE', 0, 'NONE', 'NONE', 'NONE', '24 PORT HYDRO 2', 1212949800, 'A'),
(19, 59, 11, 'CORE SWITCH', 'HZL/CZ/NETSWT/FOC1121U6V2 ', 'HZL,CZ', 'CSC-IT', 30, 70, 'FOC1121U6V2 ', '10.101.20.37/255.255.252.0', 0, 'NONE', 'NONE', 'NONE', 'NONE', 0, 'NONE', 'NONE', 'NONE', 0, 'NONE', 'NONE', 'NONE', 0, 'NONE', 'NONE', 'NONE', '48 PORT SWITCH', 1288895400, 'A'),
(20, 61, 11, 'CORE SWITCH', 'HZL/CZ/NETSWT/FOC1122Z2W1 ', 'HZL,CZ', 'CSC-IT', 30, 68, 'FOC1122Z2W1 ', '10.101.20.55/255.255.252.0', 0, 'NONE', 'NONE', 'NONE', 'NONE', 0, 'NONE', 'NONE', 'NONE', 0, 'NONE', 'NONE', 'NONE', 0, 'NONE', 'NONE', 'NONE', '24 PORT SWITCH HYDRO 2', 1233945000, 'A'),
(21, 44, 11, 'CORE SWITCH', 'HZL/CZ/NETSWT/F302158000436 ', 'HZL,CZ', 'CSC-IT', 31, 76, 'F302158000436 ', 'NONE', 0, 'NONE', 'NONE', 'NONE', 'NONE', 0, 'NONE', 'NONE', 'NONE', 0, 'NONE', 'NONE', 'NONE', 0, 'NONE', 'NONE', 'NONE', '8 PORT SWITCH HYDRO 2', 1186511400, 'A'),
(22, 56, 11, 'CORE SWITCH', 'HZL/CZ/NETSWT/02P154005896 ', 'HZL,CZ', 'CSC-IT', 31, 76, '02P154005896 ', 'NONE', 0, 'NONE', 'NONE', 'NONE', 'NONE', 0, 'NONE', 'NONE', 'NONE', 0, 'NONE', 'NONE', 'NONE', 0, 'NONE', 'NONE', 'NONE', '8 PORT SWITCH', 1241548200, 'A'),
(23, 29, 11, 'CORE SWITCH', 'HZL/CZ/NETSWT/04051008V68162 ', 'HZL,CZ', 'CSC-IT', 31, 60, '04051008V68162 ', 'NONE', 0, 'NONE', 'NONE', 'NONE', 'NONE', 0, 'NONE', 'NONE', 'NONE', 0, 'NONE', 'NONE', 'NONE', 0, 'NONE', 'NONE', 'NONE', '8 PORT SWITCH', 1204569000, 'A'),
(24, 6, 11, 'CORE SWITCH', 'HZL/CZ/NETSWT/F30H267006193 ', 'HZL,CZ', 'CSC-IT', 31, 58, 'F30H267006193 ', 'NONE', 0, 'NONE', 'NONE', 'NONE', 'NONE', 0, 'NONE', 'NONE', 'NONE', 0, 'NONE', 'NONE', 'NONE', 0, 'NONE', 'NONE', 'NONE', '24 PORT SALES PYRO', 1218133800, 'A'),
(25, 62, 11, 'CORE SWITCH', 'HZL/CZ/NETSWT/04091008V83783 ', 'HZL,CZ', 'CSC-IT', 31, 60, '04091008V83783 ', 'NONE', 0, 'NONE', 'NONE', 'NONE', 'NONE', 0, 'NONE', 'NONE', 'NONE', 0, 'NONE', 'NONE', 'NONE', 0, 'NONE', 'NONE', 'NONE', '8 PORT PYRO MCC', 1217615400, 'A'),
(26, 63, 11, 'CORE SWITCH', 'HZL/CZ/NETSWT/02P152000394 ', 'HZL,CZ', 'CSC-IT', 31, 60, '02P152000394 ', 'NONE', 0, 'NONE', 'NONE', 'NONE', 'NONE', 0, 'NONE', 'NONE', 'NONE', 0, 'NONE', 'NONE', 'NONE', 0, 'NONE', 'NONE', 'NONE', '8 PORT SWITCH', 1259692200, 'A'),
(27, 20, 11, 'CORE SWITCH', 'HZL/CZ/NETSWT/05Q169004392 ', 'HZL,CZ', 'CSC-IT', 31, 60, '05Q169004392 ', 'NONE', 0, 'NONE', 'NONE', 'NONE', 'NONE', 0, 'NONE', 'NONE', 'NONE', 0, 'NONE', 'NONE', 'NONE', 0, 'NONE', 'NONE', 'NONE', 'PYRO LABORATRY 8 PORT SWITCH', 1209753000, 'A'),
(28, 20, 11, 'CORE SWITCH', 'HZL/CZ/NETSWT/0411008V44594 ', 'HZL,CZ', 'CSC-IT', 31, 60, '0411008V44594 ', 'NONE', 0, 'NONE', 'NONE', 'NONE', 'NONE', 0, 'NONE', 'NONE', 'NONE', 0, 'NONE', 'NONE', 'NONE', 0, 'NONE', 'NONE', 'NONE', '8 PORT PYRO LABORATRY', 1286217000, 'A'),
(29, 15, 11, 'CORE SWITCH', 'HZL/CZ/NETSWT/05M15B00423 ', 'HZL,CZ', 'CSC-IT', 31, 60, '05M15B00423 ', 'NONE', 0, 'NONE', 'NONE', 'NONE', 'NONE', 0, 'NONE', 'NONE', 'NONE', 0, 'NONE', 'NONE', 'NONE', 0, 'NONE', 'NONE', 'NONE', '8 PORT PYRO ENVIORMENT', 1262889000, 'A'),
(30, 64, 11, 'CORE SWITCH', 'HZL/CZ/NETSWT/04017008V71309 ', 'HZL,CZ', 'CSC-IT', 31, 60, '04017008V71309 ', 'NONE', 0, 'NONE', 'NONE', 'NONE', 'NONE', 0, 'NONE', 'NONE', 'NONE', 0, 'NONE', 'NONE', 'NONE', 0, 'NONE', 'NONE', 'NONE', '8 PORT SWITCH', 1257445800, 'A'),
(31, 65, 11, 'CORE SWITCH', 'HZL/CZ/NETSWT/75179010162 ', 'HZL,CZ', 'CSC-IT', 31, 60, '75179010162 ', 'NONE', 0, 'NONE', 'NONE', 'NONE', 'NONE', 0, 'NONE', 'NONE', 'NONE', 0, 'NONE', 'NONE', 'NONE', 0, 'NONE', 'NONE', 'NONE', '8 PORT', 1228588200, 'A'),
(32, 66, 11, 'CORE SWITCH', 'HZL/CZ/NETSWT/04071008V71932 ', 'HZL,CZ', 'CSC-IT', 31, 60, '04071008V71932 ', 'NONE', 0, 'NONE', 'NONE', 'NONE', 'NONE', 0, 'NONE', 'NONE', 'NONE', 0, 'NONE', 'NONE', 'NONE', 0, 'NONE', 'NONE', 'NONE', '8 PORT SWITCH', 1194114600, 'A'),
(33, 10, 11, 'CORE SWITCH', 'HZL/CZ/NETSWT/05Q169004392 ', 'HZL,CZ', 'CSC-IT', 31, 58, '05Q169004392 ', 'NONE', 0, 'NONE', 'NONE', 'NONE', 'NONE', 0, 'NONE', 'NONE', 'NONE', 0, 'NONE', 'NONE', 'NONE', 0, 'NONE', 'NONE', 'NONE', '24 PORT SWITCH', 1246473000, 'A'),
(34, 37, 11, 'CORE SWITCH', 'HZL/CZ/NETSWT/05M15B00423 ', 'HZL,CZ', 'CSC-IT', 31, 60, '05M15B00423 ', 'NONE', 0, 'NONE', 'NONE', 'NONE', 'NONE', 0, 'NONE', 'NONE', 'NONE', 0, 'NONE', 'NONE', 'NONE', 0, 'NONE', 'NONE', 'NONE', '8 PORT', 1254853800, 'A'),
(35, 21, 11, 'CORE SWITCH', 'HZL/CZ/NETSWT/0200/LW2G1X012759 ', 'HZL,CZ', 'CSC-IT', 31, 60, '0200/LW2G1X012759 ', 'NONE', 0, 'NONE', 'NONE', 'NONE', 'NONE', 0, 'NONE', 'NONE', 'NONE', 0, 'NONE', 'NONE', 'NONE', 0, 'NONE', 'NONE', 'NONE', '8 PORT', 1157481000, 'A'),
(36, 12, 11, 'CORE SWITCH', 'HZL/CZ/NETSWT/B23M245000258 ', 'HZL,CZ', 'CSC-IT', 31, 60, 'B23M245000258 ', 'NONE', 0, 'NONE', 'NONE', 'NONE', 'NONE', 0, 'NONE', 'NONE', 'NONE', 0, 'NONE', 'NONE', 'NONE', 0, 'NONE', 'NONE', 'NONE', '8 PORT', 1233513000, 'A'),
(37, 12, 11, 'CORE SWITCH', 'HZL/CZ/NETSWT/B23M245000260 ', 'HZL,CZ', 'CSC-IT', 31, 60, 'B23M245000260 ', 'NONE', 0, 'NONE', 'NONE', 'NONE', 'NONE', 0, 'NONE', 'NONE', 'NONE', 0, 'NONE', 'NONE', 'NONE', 0, 'NONE', 'NONE', 'NONE', '8 PORT', 1139164200, 'A'),
(38, 12, 11, 'CORE SWITCH', 'HZL/CZ/NETSWT/3560', 'HZL,CZ', 'CSC-IT', 30, 72, '3560', 'NONE', 0, 'NONE', 'NONE', 'NONE', 'NONE', 0, 'NONE', 'NONE', 'NONE', 0, 'NONE', 'NONE', 'NONE', 0, 'NONE', 'NONE', 'NONE', '24 PORT', 1172773800, 'A'),
(39, 12, 11, 'CORE SWITCH', 'HZL/CZ/NETSWT/FOC1207W1L3', 'HZL,CZ', 'CSC-IT', 30, 68, 'FOC1207W1L3', '10.101.20.12/255.255.252.0', 0, 'NONE', 'NONE', 'NONE', 'NONE', 0, 'NONE', 'NONE', 'NONE', 0, 'NONE', 'NONE', 'NONE', 0, 'NONE', 'NONE', 'NONE', '24 PORT', 1172946600, 'A'),
(40, 12, 11, 'CORE SWITCH', 'HZL/CZ/NETSWT/DGS-1008 TL ', 'HZL,CZ', 'CSC-IT', 31, 60, 'DGS-1008 TL ', 'NONE', 0, 'NONE', 'NONE', 'NONE', 'NONE', 0, 'NONE', 'NONE', 'NONE', 0, 'NONE', 'NONE', 'NONE', 0, 'NONE', 'NONE', 'NONE', '8 PORT', 1180809000, 'A'),
(41, 67, 11, 'CORE SWITCH', 'HZL/CZ/NETSWT/BH23M245000265 ', 'HZL,CZ', 'CSC-IT', 31, 59, 'BH23M245000265 ', 'NONE', 0, 'NONE', 'NONE', 'NONE', 'NONE', 0, 'NONE', 'NONE', 'NONE', 0, 'NONE', 'NONE', 'NONE', 0, 'NONE', 'NONE', 'NONE', '16 PORT', 1170613800, 'A'),
(42, 68, 11, 'CORE SWITCH', 'HZL/CZ/NETSWT/DGS-1008 TL ', 'HZL,CZ', 'CSC-IT', 31, 60, 'DGS-1008 TL ', 'NONE', 0, 'NONE', 'NONE', 'NONE', 'NONE', 0, 'NONE', 'NONE', 'NONE', 0, 'NONE', 'NONE', 'NONE', 0, 'NONE', 'NONE', 'NONE', '8 PORT', 1136140200, 'A'),
(43, 69, 11, 'CORE SWITCH', 'HZL/CZ/NETSWT/DGS-1008 TL ', 'HZL,CZ', 'CS-IT', 31, 60, 'DGS-1008 TL ', 'NONE', 0, 'NONE', 'NONE', 'NONE', 'NONE', 0, 'NONE', 'NONE', 'NONE', 0, 'NONE', 'NONE', 'NONE', 0, 'NONE', 'NONE', 'NONE', '8 PORT', 1151865000, 'A'),
(44, 12, 11, 'CORE SWITCH', 'HZL/CZ/NETSWT/FOC1306Z3KR ', 'HZL,CZ', 'CSC-IT', 30, 68, 'FOC1306Z3KR ', '10.101.20.57/255.255.252.0', 0, 'NONE', 'NONE', 'NONE', 'NONE', 0, 'NONE', 'NONE', 'NONE', 0, 'NONE', 'NONE', 'NONE', 0, 'NONE', 'NONE', 'NONE', '24 PORT', 1209753000, 'A'),
(45, 70, 11, 'CORE SWITCH', 'HZL/CZ/NETSWT/DNI150307HN ', 'HZL,CZ', 'CSC-IT', 30, 73, 'DNI150307HM ', '10.101.20.38/255.255.252.0', 0, 'NONE', 'NONE', 'NONE', 'NONE', 0, 'NONE', 'NONE', 'NONE', 0, 'NONE', 'NONE', 'NONE', 0, 'NONE', 'NONE', 'NONE', '28 PORT', 1178217000, 'A'),
(46, 67, 11, 'CORE SWITCH', 'HZL/CZ/NETSWT/DNI150307HM ', 'HZL,CZ', 'CSC-IT', 30, 73, 'DNI150307HM ', '10.101.20.39/255.255.252.0', 0, 'NONE', 'NONE', 'NONE', 'NONE', 0, 'NONE', 'NONE', 'NONE', 0, 'NONE', 'NONE', 'NONE', 0, 'NONE', 'NONE', 'NONE', '28 PORT', 1213036200, 'A'),
(47, 61, 11, 'CORE SWITCH', 'HZL/CZ/NETSWT/DGS-1008 TL ', 'HZL,CZ', 'CSC-IT', 31, 60, 'DGS-1008 TL ', 'NONE', 0, 'NONE', 'NONE', 'NONE', 'NONE', 0, 'NONE', 'NONE', 'NONE', 0, 'NONE', 'NONE', 'NONE', 0, 'NONE', 'NONE', 'NONE', '8 PORT CP WEBBRIDGE', 1178217000, 'A'),
(48, 59, 11, 'CORE SWITCH', 'HZL/CZ/NETSWT/D-LINK SWITCH 24 PORT', 'HZL,CZ', 'CSC-IT', 31, 74, 'D-LINK SWITCH 24 PORT ', 'NONE', 0, 'NONE', 'NONE', 'NONE', 'NONE', 0, 'NONE', 'NONE', 'NONE', 0, 'NONE', 'NONE', 'NONE', 0, 'NONE', 'NONE', 'NONE', 'SWITCH 24 PORT ', 1154370600, 'A'),
(49, 48, 11, 'CORE SWITCH', 'HZL/CZ/NETSWT/D-LINK SWITCH 16 PORT ', 'HZL,CZ', 'CSC-IT', 31, 75, 'D-LINK SWITCH 16 PORT ', 'NONE', 0, 'NONE', 'NONE', 'NONE', 'NONE', 0, 'NONE', 'NONE', 'NONE', 0, 'NONE', 'NONE', 'NONE', 0, 'NONE', 'NONE', 'NONE', 'D-LINK SWITCH 16 PORT ', 1204482600, 'A'),
(50, 22, 11, 'CORE SWITCH', 'HZL/CZ/NETSWT/D-LINK SWITCH 16 PORT ', 'HZL,CZ', 'CSC-IT', 31, 75, 'D-LINK SWITCH 16 PORT ', 'NONE', 0, 'NONE', 'NONE', 'NONE', 'NONE', 0, 'NONE', 'NONE', 'NONE', 0, 'NONE', 'NONE', 'NONE', 0, 'NONE', 'NONE', 'NONE', 'D-LINK SWITCH 16 PORT HYDRO 2', 1262629800, 'A'),
(51, 6, 11, 'CORE SWITCH', 'HZL/CZ/NETSWT/FOC1528X0AJ', 'HZL,CZ', 'CSC-IT', 30, 68, 'FOC1528X0AJ', '10.101.20.58/255.255.252.0', 0, 'NONE', 'NONE', 'NONE', 'NONE', 0, 'NONE', 'NONE', 'NONE', 0, 'NONE', 'NONE', 'NONE', 0, 'NONE', 'NONE', 'NONE', '24 PORT SWITCH', 1141237800, 'A'),
(52, 44, 11, 'CORE SWITCH', 'HZL/CZ/NETSWT/D-LINK SWITCH 16 PORT ', 'HZL,CZ', 'CSC-IT', 31, 75, 'D-LINK SWITCH 16 PORT ', 'NONE', 0, 'NONE', 'NONE', 'NONE', 'NONE', 0, 'NONE', 'NONE', 'NONE', 0, 'NONE', 'NONE', 'NONE', 0, 'NONE', 'NONE', 'NONE', 'D-LINK SWITCH 16 PORT ', 1181068200, 'A'),
(53, 44, 11, 'CORE SWITCH', 'HZL/CZ/NETSWT/D-LINK SWITCH 8 PORT ', 'HZL,CZ', 'CSC-IT', 31, 76, 'D-LINK SWITCH 8 PORT ', 'NONE', 0, 'NONE', 'NONE', 'NONE', 'NONE', 0, 'NONE', 'NONE', 'NONE', 0, 'NONE', 'NONE', 'NONE', 0, 'NONE', 'NONE', 'NONE', 'D-LINK SWITCH 8 PORT ', 1172687400, 'A'),
(54, 59, 11, 'CORE SWITCH', 'HZL/CZ/NETSWT/D-LINK SWITCH 16 PORT ', 'HZL,CZ', 'CSC-IT', 31, 75, 'D-LINK SWITCH 16 PORT ', 'NONE', 0, 'NONE', 'NONE', 'NONE', 'NONE', 0, 'NONE', 'NONE', 'NONE', 0, 'NONE', 'NONE', 'NONE', 0, 'NONE', 'NONE', 'NONE', 'D-LINK SWITCH 16 PORT HYDRO2', 1176143400, 'A'),
(55, 11, 11, 'CORE SWITCH', 'HZL/CZ/NETSWT/FOC1351W3M2 ', 'HZL,CZ', 'CSC-IT', 30, 66, 'FOC1351W3M2 ', '10.101.20.67/255.255.252.0', 0, 'NONE', 'NONE', 'NONE', 'NONE', 0, 'NONE', 'NONE', 'NONE', 0, 'NONE', 'NONE', 'NONE', 0, 'NONE', 'NONE', 'NONE', '48 PORT SWITCH', 1223404200, 'A'),
(56, 11, 11, 'CORE SWITCH', 'HZL/CZ/NETSWT/FOC1416W3XT ', 'HZL,CZ', 'CSC-IT', 30, 70, 'FOC1416W3XT ', '10.101.20.68/255.255.252.0', 0, 'NONE', 'NONE', 'NONE', 'NONE', 0, 'NONE', 'NONE', 'NONE', 0, 'NONE', 'NONE', 'NONE', 0, 'NONE', 'NONE', 'NONE', '48 PORT SWITCH', 1220207400, 'A'),
(57, 11, 11, 'CORE SWITCH', 'HZL/CZ/NETSWT/D-LINK ', 'HZL,CZ', 'CSC-IT', 31, 76, 'D-LINK  ', 'NONE', 0, 'NONE', 'NONE', 'NONE', 'NONE', 0, 'NONE', 'NONE', 'NONE', 0, 'NONE', 'NONE', 'NONE', 0, 'NONE', 'NONE', 'NONE', 'D-LINK  8 PORT', 1202149800, 'A'),
(58, 52, 11, 'CORE SWITCH', 'HZL/CZ/NETSWT/D-LINK ', 'HZL,CZ', 'CSC-IT', 31, 74, 'D-LINK ', 'NONE', 0, 'NONE', 'NONE', 'NONE', 'NONE', 0, 'NONE', 'NONE', 'NONE', 0, 'NONE', 'NONE', 'NONE', 0, 'NONE', 'NONE', 'NONE', '24 PORT', 1183314600, 'A'),
(59, 50, 11, 'CORE SWITCH', 'HZL/CZ/NETSWT/D-LINK ', 'HZL,CZ', 'CSC-IT', 31, 76, 'D-LINK ', 'NONE', 0, 'NONE', 'NONE', 'NONE', 'NONE', 0, 'NONE', 'NONE', 'NONE', 0, 'NONE', 'NONE', 'NONE', 0, 'NONE', 'NONE', 'NONE', '8 PORT GUEST HOUSE', 1246818600, 'A'),
(60, 52, 11, 'CORE SWITCH', 'HZL/CZ/NETSWT/D-LINK ', 'HZL,CZ', 'CSC-IT', 31, 75, 'D-LINK ', 'NONE', 0, 'NONE', 'NONE', 'NONE', 'NONE', 0, 'NONE', 'NONE', 'NONE', 0, 'NONE', 'NONE', 'NONE', 0, 'NONE', 'NONE', 'NONE', '16 PORT', 1204482600, 'A'),
(61, 71, 11, 'CORE SWITCH', 'HZL/CZ/NETSWT/2950 ', 'HZL,CZ', 'CSC-IT', 31, 74, '2950', 'NONE', 0, 'NONE', 'NONE', 'NONE', 'NONE', 0, 'NONE', 'NONE', 'NONE', 0, 'NONE', 'NONE', 'NONE', 0, 'NONE', 'NONE', 'NONE', '24 PORT', 1249324200, 'A'),
(62, 8, 11, 'CORE SWITCH', 'HZL/CZ/NETSWT/D-LINK ', 'HZL,CZ', 'CSC-IT', 31, 60, 'D-LINK', 'NONE', 0, 'NONE', 'NONE', 'NONE', 'NONE', 0, 'NONE', 'NONE', 'NONE', 0, 'NONE', 'NONE', 'NONE', 0, 'NONE', 'NONE', 'NONE', '8 PORT FOR LEACHING CONTROL ROOM', 1212431400, 'A'),
(63, 8, 11, 'CORE SWITCH', 'HZL/CZ/NETSWT/JPE0844Z03J', 'HZL,CZ', 'CSC-IT', 30, 69, 'JPE0844Z03J ', 'NONE', 0, 'NONE', 'NONE', 'NONE', 'NONE', 0, 'NONE', 'NONE', 'NONE', 0, 'NONE', 'NONE', 'NONE', 0, 'NONE', 'NONE', 'NONE', '48 PORT', 1212517800, 'A'),
(64, 8, 11, 'CORE SWITCH', 'HZL/CZ/NETSWT/JPE0904Z035 ', 'HZL,CZ', 'CSC-IT', 30, 69, 'JPE0904Z035 ', 'NONE', 0, 'NONE', 'NONE', 'NONE', 'NONE', 0, 'NONE', 'NONE', 'NONE', 0, 'NONE', 'NONE', 'NONE', 0, 'NONE', 'NONE', 'NONE', '48 PORT', 1209925800, 'A'),
(65, 8, 11, 'CORE SWITCH', 'HZL/CZ/NETSWT/CSG0848P0GR ', 'HZL,CZ', 'CSC-IT', 30, 67, 'CSG0848P0GR ', '10.101.20.14/255.255.252.0', 0, 'NONE', 'NONE', 'NONE', 'NONE', 0, 'NONE', 'NONE', 'NONE', 0, 'NONE', 'NONE', 'NONE', 0, 'NONE', 'NONE', 'NONE', '24 PORT', 1202236200, 'A'),
(66, 22, 11, 'CORE SWITCH', 'HZL/CZ/NETSWT/DRB5879001256 ', 'HZL,CZ', 'CSC-IT', 31, 59, 'DRB5879001256 ', 'NONE', 0, 'NONE', 'NONE', 'NONE', 'NONE', 0, 'NONE', 'NONE', 'NONE', 0, 'NONE', 'NONE', 'NONE', 0, 'NONE', 'NONE', 'NONE', '16 PORT', 1212431400, 'A'),
(67, 72, 11, 'CORE SWITCH', 'HZL/CZ/NETSWT/CSG0848P0HD', 'HZL,CZ', 'CSC-IT', 30, 67, 'CSG0848P0HD', '10.101.20.11/255.255.252.0', 0, 'NONE', 'NONE', 'NONE', 'NONE', 0, 'NONE', 'NONE', 'NONE', 0, 'NONE', 'NONE', 'NONE', 0, 'NONE', 'NONE', 'NONE', '24 PORT', 1236537000, 'A'),
(68, 24, 11, 'CORE SWITCH', 'HZL/CZ/NETSWT/F30215B000440 ', 'HZL,CZ', 'CSC-IT', 31, 60, 'F30215B000440 ', 'NONE', 0, 'NONE', 'NONE', 'NONE', 'NONE', 0, 'NONE', 'NONE', 'NONE', 0, 'NONE', 'NONE', 'NONE', 0, 'NONE', 'NONE', 'NONE', '8 PORT', 1244053800, 'A'),
(69, 24, 11, 'CORE SWITCH', 'HZL/CZ/NETSWT/CSG0848P0HD', 'HZL,CZ', 'CSC-IT', 30, 67, 'CSG0848P0HD', '10.101.20.9/255.255.252.0', 0, 'NONE', 'NONE', 'NONE', 'NONE', 0, 'NONE', 'NONE', 'NONE', 0, 'NONE', 'NONE', 'NONE', 0, 'NONE', 'NONE', 'NONE', '24 PORT', 1210185000, 'A'),
(70, 2, 11, 'CORE SWITCH', 'HZL/CZ/NETSWT/JPE1017Y00S', 'HZL,CZ', 'CSC-IT', 30, 69, 'JPE1017Y00S', '10.101.20.1/255.255.252.0', 0, 'NONE', 'NONE', 'NONE', 'NONE', 0, 'NONE', 'NONE', 'NONE', 0, 'NONE', 'NONE', 'NONE', 0, 'NONE', 'NONE', 'NONE', '48 PORT', 1209925800, 'A'),
(71, 4, 11, 'CORE SWITCH', 'HZL/CZ/NETSWT/FOC1032Z35H', 'HZL,CZ', 'CSC-IT', 30, 70, 'FOC1032Z35H', '10.101.20.2/255.255.252.0', 0, 'NONE', 'NONE', 'NONE', 'NONE', 0, 'NONE', 'NONE', 'NONE', 0, 'NONE', 'NONE', 'NONE', 0, 'NONE', 'NONE', 'NONE', '48 PORT', 1180895400, 'A'),
(72, 22, 11, 'CORE SWITCH', 'HZL/CZ/NETSWT/FOC0815T1LX', 'HZL,CZ', 'CSC-IT', 30, 56, 'FOC0815T1LX', '10.101.20.3/255.255.252.0', 0, 'NONE', 'NONE', 'NONE', 'NONE', 0, 'NONE', 'NONE', 'NONE', 0, 'NONE', 'NONE', 'NONE', 0, 'NONE', 'NONE', 'NONE', '24 PORT', 1215282600, 'A'),
(73, 64, 11, 'CORE SWITCH', 'HZL/CZ/NETSWT/FOC0813Y2MS', 'HZL,CZ', 'CSC-IT', 30, 57, 'FOC0813Y2MS', '10.101.20.4/255.255.252.0', 0, 'NONE', 'NONE', 'NONE', 'NONE', 0, 'NONE', 'NONE', 'NONE', 0, 'NONE', 'NONE', 'NONE', 0, 'NONE', 'NONE', 'NONE', '24 PORT', 1215196200, 'A'),
(74, 8, 11, 'CORE SWITCH', 'HZL/CZ/NETSWT/JAE0844Z9GZ', 'HZL,CZ', 'CSC-IT', 30, 69, 'JAE0844Z9GZ', '10.101.20.5/255.255.252.0', 0, 'NONE', 'NONE', 'NONE', 'NONE', 0, 'NONE', 'NONE', 'NONE', 0, 'NONE', 'NONE', 'NONE', 0, 'NONE', 'NONE', 'NONE', 'LEACHING DCS', 1202409000, 'A'),
(75, 73, 11, 'CORE SWITCH', 'HZL/CZ/NETSWT/FOC1019YOAJ', 'HZL,CZ', 'CSC-IT', 30, 72, 'FOC1019YOAJ', '10.101.20.6/255.255.252.0', 0, 'NONE', 'NONE', 'NONE', 'NONE', 0, 'NONE', 'NONE', 'NONE', 0, 'NONE', 'NONE', 'NONE', 0, 'NONE', 'NONE', 'NONE', '24 PORT', 1217788200, 'A'),
(76, 12, 11, 'CORE SWITCH', 'HZL/CZ/NETSWT/FOC1343Z6J8', 'HZL,CZ', 'CSC-IT', 30, 72, 'FOC1343Z6J8', '10.101.20.7/255.255.252.0', 0, 'NONE', 'NONE', 'NONE', 'NONE', 0, 'NONE', 'NONE', 'NONE', 0, 'NONE', 'NONE', 'NONE', 0, 'NONE', 'NONE', 'NONE', 'CPP OFFICE II 24 PORT', 1204741800, 'A'),
(77, 2, 11, 'CORE SWITCH', 'HZL/CZ/NETSWT/FDO1129ZAD8', 'HZL,CZ', 'CSC-IT', 30, 61, 'FDO1129ZAD8', '10.101.20.8/255.255.252.0', 0, 'NONE', 'NONE', 'NONE', 'NONE', 0, 'NONE', 'NONE', 'NONE', 0, 'NONE', 'NONE', 'NONE', 0, 'NONE', 'NONE', 'NONE', 'IT DEPARTMENT SWITCH', 1228761000, 'A'),
(78, 22, 11, 'CORE SWITCH', 'HZL/CZ/NETSWT/CAT1017N1AH', 'HZL,CZ', 'CSC-IT', 30, 54, 'CAT1017N1AH', '10.101.20.10/255.255.252.0', 0, 'NONE', 'NONE', 'NONE', 'NONE', 0, 'NONE', 'NONE', 'NONE', 0, 'NONE', 'NONE', 'NONE', 0, 'NONE', 'NONE', 'NONE', '24-FX-SMI', 1202322600, 'A'),
(79, 2, 11, 'CORE SWITCH', 'HZL/CZ/NETSWT/FOC0719Y2NC', 'HZL,CZ', 'CSC-IT', 30, 56, 'FOC0719Y2NC', '10.101.20.13/255.255.252.0', 0, 'NONE', 'NONE', 'NONE', 'NONE', 0, 'NONE', 'NONE', 'NONE', 0, 'NONE', 'NONE', 'NONE', 0, 'NONE', 'NONE', 'NONE', 'OK', 1207161000, 'A'),
(80, 74, 11, 'CORE SWITCH', 'HZL/CZ/NETSWT/FOC0717Z1EC', 'HZL,CZ', 'CSC-IT', 30, 56, 'FOC0717Z1EC', '10.101.20.19/255.255.252.0', 0, 'NONE', 'NONE', 'NONE', 'NONE', 0, 'NONE', 'NONE', 'NONE', 0, 'NONE', 'NONE', 'NONE', 0, 'NONE', 'NONE', 'NONE', '24 PORT', 1215282600, 'A'),
(81, 15, 11, 'CORE SWITCH', 'HZL/CZ/NETSWT/FAB0525Q0J1', 'HZL,CZ', 'CSC-IT', 30, 57, 'FAB0525Q0J1', '10.101.20.20/255.255.252.0', 0, 'NONE', 'NONE', 'NONE', 'NONE', 0, 'NONE', 'NONE', 'NONE', 0, 'NONE', 'NONE', 'NONE', 0, 'NONE', 'NONE', 'NONE', 'ENVIORMENT/ZRP', 1199817000, 'A'),
(82, 4, 11, 'CORE SWITCH', 'HZL/CZ/NETSWT/FOC0715Y23D', 'HZL,CZ', 'CSC-IT', 30, 57, 'FOC0715Y23D', '10.101.23.42/255.255.252.0', 0, 'NONE', 'NONE', 'NONE', 'NONE', 0, 'NONE', 'NONE', 'NONE', 0, 'NONE', 'NONE', 'NONE', 0, 'NONE', 'NONE', 'NONE', 'OK', 1230834600, 'A'),
(83, 8, 11, 'CORE SWITCH', 'HZL/CZ/NETSWT/JAE09044FXG', 'HZL,CZ', 'CSC-IT', 30, 69, 'JAE09044FXG', '10.101.22.154/255.255.252.0', 0, 'NONE', 'NONE', 'NONE', 'NONE', 0, 'NONE', 'NONE', 'NONE', 0, 'NONE', 'NONE', 'NONE', 0, 'NONE', 'NONE', 'NONE', 'HYDRO1 LEACHING DCS', 1228329000, 'A'),
(84, 22, 11, 'CORE SWITCH', 'HZL/CZ/NETSWT/FOC1451W7UK', 'HZL,CZ', 'CSC-IT', 30, 68, 'FOC1451W7UK', '10.101.20.18/255.255.252.0', 0, 'NONE', 'NONE', 'NONE', 'NONE', 0, 'NONE', 'NONE', 'NONE', 0, 'NONE', 'NONE', 'NONE', 0, 'NONE', 'NONE', 'NONE', 'TP HYDRO1 STORE SWITCH', 1262629800, 'A'),
(85, 57, 11, 'CORE SWITCH', 'HZL/CZ/NETSWT/FOC1551Z0S4', 'HZL,CZ', 'CSC-IT', 30, 68, 'FOC1551Z0S4', '10.101.20.65/255.255.252.0', 0, 'NONE', 'NONE', 'NONE', 'NONE', 0, 'NONE', 'NONE', 'NONE', 0, 'NONE', 'NONE', 'NONE', 0, 'NONE', 'NONE', 'NONE', 'OUTER GATE SWITCH', 1239129000, 'A');

-- --------------------------------------------------------

--
-- Table structure for table `hz_critical_hardware`
--

CREATE TABLE IF NOT EXISTS `hz_critical_hardware` (
  `id` int(8) NOT NULL AUTO_INCREMENT,
  `name` varchar(200) NOT NULL,
  PRIMARY KEY (`id`)
) ENGINE=InnoDB  DEFAULT CHARSET=latin1 AUTO_INCREMENT=8 ;

--
-- Dumping data for table `hz_critical_hardware`
--

INSERT INTO `hz_critical_hardware` (`id`, `name`) VALUES
(1, 'SERVER'),
(2, 'ROUTER'),
(3, 'FIREWALL'),
(4, 'RF'),
(5, 'WIRELESS'),
(6, 'CORE SWITCH'),
(7, 'IP CAMERA');

-- --------------------------------------------------------

--
-- Table structure for table `hz_critical_hardware_name`
--

CREATE TABLE IF NOT EXISTS `hz_critical_hardware_name` (
  `id` int(8) NOT NULL AUTO_INCREMENT,
  `hardware_id` int(8) NOT NULL,
  `name` varchar(200) NOT NULL,
  PRIMARY KEY (`id`),
  KEY `hardware_id` (`hardware_id`)
) ENGINE=InnoDB  DEFAULT CHARSET=latin1 AUTO_INCREMENT=19 ;

--
-- Dumping data for table `hz_critical_hardware_name`
--

INSERT INTO `hz_critical_hardware_name` (`id`, `hardware_id`, `name`) VALUES
(1, 6, 'LOTUS NOTES SERVER'),
(2, 6, 'SAFETY SERVER'),
(3, 6, 'ARS SERVER'),
(4, 6, 'ALPHA SERVER'),
(5, 6, 'CLMS SERVER'),
(6, 6, 'HSE SERVER'),
(7, 6, 'AD SERVER'),
(8, 6, 'SCCM SERVER'),
(9, 6, 'SEPM SERVER'),
(10, 7, 'ROUTER'),
(11, 8, 'FIREWALL'),
(12, 9, 'BASE STATION'),
(13, 9, 'P-P COLONY'),
(14, 9, 'P-M'),
(15, 10, 'WIRELESS'),
(16, 11, 'CORE SWITCH'),
(17, 12, 'CAMERA'),
(18, 18, 'VSAT');

-- --------------------------------------------------------

--
-- Table structure for table `hz_critical_make`
--

CREATE TABLE IF NOT EXISTS `hz_critical_make` (
  `id` int(8) NOT NULL AUTO_INCREMENT,
  `criticalhw_id` int(8) NOT NULL,
  `name` varchar(200) NOT NULL,
  PRIMARY KEY (`id`),
  KEY `criticalhw_id` (`criticalhw_id`)
) ENGINE=InnoDB  DEFAULT CHARSET=latin1 AUTO_INCREMENT=12 ;

--
-- Dumping data for table `hz_critical_make`
--

INSERT INTO `hz_critical_make` (`id`, `criticalhw_id`, `name`) VALUES
(1, 1, 'HP(SERVER)'),
(2, 2, 'CISCO(ROUTER)'),
(3, 3, 'SYMANTEC(FIREWALL)'),
(4, 4, 'MICROTIK(RF)'),
(5, 4, 'FIREPRO(RF)'),
(6, 5, 'ALTECH(WIRELESS)'),
(7, 5, 'DLINK(WIRELESS)'),
(8, 5, 'BELKIN(WIRELESS)'),
(9, 6, 'CISCO(SWITCH)'),
(10, 6, 'DLINK(SWITCH)'),
(11, 7, 'CAMERA');

-- --------------------------------------------------------

--
-- Table structure for table `hz_departments`
--

CREATE TABLE IF NOT EXISTS `hz_departments` (
  `id` int(5) NOT NULL AUTO_INCREMENT,
  `name` varchar(200) NOT NULL,
  PRIMARY KEY (`id`)
) ENGINE=InnoDB  DEFAULT CHARSET=latin1 AUTO_INCREMENT=75 ;

--
-- Dumping data for table `hz_departments`
--

INSERT INTO `hz_departments` (`id`, `name`) VALUES
(1, 'HR'),
(2, 'IT'),
(3, 'INSRUMENTATION LAB'),
(4, 'PYRO OFFICE'),
(5, 'SECURITY'),
(6, 'SALES'),
(7, 'FINANCE'),
(8, 'LEACHING'),
(9, 'CELL HOUSE'),
(10, 'CIVIL'),
(11, 'COMMERCIAL'),
(12, 'CPP'),
(13, 'DISPENSARY'),
(14, 'ELECTRICAL'),
(15, 'ENVIRONMENT'),
(16, 'FINANCE'),
(17, 'HR&ADMIN'),
(18, 'ISF'),
(19, 'INST'),
(20, 'LABORATORY'),
(21, 'LRP'),
(22, 'STORE'),
(23, 'PROJECT'),
(24, 'ROASTER'),
(25, 'REFRACTORY'),
(26, 'SALES'),
(27, 'SAFETY'),
(28, 'SAP'),
(29, 'SECURITY'),
(30, 'SINTER'),
(31, 'SRP'),
(32, 'TG'),
(33, 'UNIT-HEAD'),
(34, 'UTILITIES'),
(35, 'WORKSHOP'),
(36, 'WSS'),
(37, 'ZRP'),
(38, 'BUSINESS EXCELLENCE'),
(39, 'FIRE & SECURITY'),
(40, 'LEACHING OFFICE'),
(41, 'COMMERCIAL'),
(42, 'ROASTER'),
(43, 'MELTING & CASTING'),
(44, 'CDSS BUILDING'),
(45, 'ELECTRICAL'),
(46, 'PROCESS'),
(47, 'LOCATION HEAD'),
(48, 'CELL HOUSE'),
(49, 'LOGISTIC'),
(50, 'ZINC NAGAR'),
(51, 'ZINC SCHOOL'),
(52, 'ZINC NAGAR HOSPITAL'),
(53, 'ZINC NAGAR GUEST HOUSE'),
(54, 'ZINC NAGAR CIVIL OFFICE'),
(55, 'ZINC NAGAR ELECTRICAL'),
(56, 'TIME OFFICE'),
(57, 'MAIN GATE'),
(58, 'ACID LOAD HYDRO-II'),
(59, 'SHIFT_ROOM'),
(61, 'WEB BRIDGE'),
(62, 'SINTER MCC'),
(63, 'SINTER LAB'),
(64, 'POTA CEABIN/MANTHAN '),
(65, 'AUSMELT-MCC '),
(66, 'AUSMELT-11 METAR '),
(67, 'CPP-STORE'),
(68, 'CPP-CONTROL ROOM'),
(69, 'ESP PLANT '),
(70, 'CPP-DG SET'),
(71, 'TP ROOM'),
(72, 'SWITCH YARD'),
(73, 'NLPS MCC ROOM'),
(74, 'ZINC NAGAR EXCHANGE');

-- --------------------------------------------------------

--
-- Table structure for table `hz_employees`
--

CREATE TABLE IF NOT EXISTS `hz_employees` (
  `id` int(11) NOT NULL AUTO_INCREMENT,
  `empid` bigint(6) unsigned zerofill NOT NULL,
  `empname` varchar(200) NOT NULL,
  `unit` varchar(100) NOT NULL,
  `department` varchar(100) NOT NULL,
  `designation` varchar(200) NOT NULL,
  `email` varchar(255) DEFAULT NULL,
  `location` varchar(255) DEFAULT NULL,
  PRIMARY KEY (`id`),
  UNIQUE KEY `hz_empid` (`empid`)
) ENGINE=InnoDB  DEFAULT CHARSET=latin1 AUTO_INCREMENT=1237 ;

--
-- Dumping data for table `hz_employees`
--

INSERT INTO `hz_employees` (`id`, `empid`, `empname`, `unit`, `department`, `designation`, `email`, `location`) VALUES
(13, 555555, 'CHANDRA SINGH NAHAR', 'PYRO', 'CIVIL', 'OVERSEER A-S', 'himanshuzone@gmail.com', NULL),
(14, 108216, 'MAHENDRA SINGH', 'PYRO', 'GUEST HOUSE', 'SR COOK CUM GUEST ATTD', NULL, NULL),
(15, 108672, 'SURYA PRAKASH  SUKHWAL', 'PYRO', 'CIVIL', 'OVERSEER A', NULL, NULL),
(16, 108902, 'MAHENDRA SINGH ARORA', 'PYRO', 'COMMERCIAL', 'HEAD CLERK', NULL, NULL),
(17, 108931, 'VINOD KUMAR SHARMA', 'PYRO', 'ISF', 'SR STENOGRAPHER', NULL, NULL),
(18, 109723, 'RADHEYSHYAM', 'PYRO', 'WTP', 'FITTER B', NULL, NULL),
(19, 132211, 'TASLEEM MUSHTAQ', 'PYRO', 'ELECTRICAL', 'AFM (ELECT)', NULL, NULL),
(20, 212872, 'SURESH CHANDRA KHATIK', 'PYRO', 'FINANCE', 'SR ASSISTANT-S', NULL, NULL),
(21, 252984, 'MAHENDRA KUMAR JAIN', 'PYRO', 'CIVIL', 'OVERSEER A', NULL, NULL),
(22, 261344, 'RAJENDER S  RAWAT', 'PYRO', 'MECHANICAL', 'SR HELPER (MECH)', NULL, NULL),
(23, 261357, 'P S MARJURIE', 'PYRO', 'WTP', 'CHARGEHAND', NULL, NULL),
(24, 261412, 'RAJESH HARIJAN', 'PYRO', 'WTP', 'SR PUMP HOUSE OPTR', NULL, NULL),
(25, 606828, 'DILIP SINGH SISODIA', 'PYRO', 'SALES', 'DESPEACHER II', NULL, NULL),
(26, 660013, 'RAJENDRA SINGH PINGOLIA', 'PYRO', 'FINANCE', 'HEAD CASHIER', NULL, NULL),
(27, 660026, 'LALIT KUMAR  DASHORA', 'PYRO', 'SALES', 'HEAD CLERK (SALES)', NULL, NULL),
(28, 660097, 'FATEH LAL NAI', 'PYRO', 'ELECTRICAL', 'AFM (ELECT)', NULL, NULL),
(29, 660107, 'KISHAN LAL SHARMA', 'PYRO', 'LRP', 'OPERATOR II (LOADER)', NULL, NULL),
(30, 660136, 'SATYANARAYAN NAI', 'PYRO', 'ENVIRONMENT', 'HORT INSPECTOR', NULL, NULL),
(31, 660204, 'OM PRAKASH NYATI', 'PYRO', 'FINANCE', 'ASSTT ACCOUNTANT', NULL, NULL),
(32, 660220, 'BHAGWATI LAL GARU', 'PYRO', 'MECHANICAL', 'SR DRAUGHTSMEN', NULL, NULL),
(33, 660259, 'BABU LAL MOCHI', 'PYRO', 'CIVIL', 'OVERSEER A', NULL, NULL),
(34, 660262, 'RAJENDRA KUMAR KUMAWAT', 'PYRO', 'ADMINISTRATION', 'SR STENOGRAPHER', NULL, NULL),
(35, 660275, 'GHANSHYAM PANCHOLI', 'PYRO', 'FINANCE', 'SR ASSISTANT-S', NULL, NULL),
(36, 660288, 'SURESH CHANDRA PATIDAR', 'PYRO', 'CIVIL', 'OVERSEER A', NULL, NULL),
(37, 660291, 'GOPENDRA NARAYAN SINGH CHAUHAN', 'PYRO', 'MECHANICAL', 'SR DRAUGHTSMAN', NULL, NULL),
(38, 660343, 'SHYAM SINGH CHUNDAWAT', 'PYRO', 'COMMERCIAL', 'AUTO DRIVER  A-S', NULL, NULL),
(39, 660369, 'ROOP SINGH CHARAN', 'PYRO', 'SECURITY', 'HEAD T/W OPTR', NULL, NULL),
(40, 660385, 'MOHAMMAD RAFIQ', 'PYRO', 'SINTER', 'OPTR I (LOADER)', NULL, NULL),
(41, 660408, 'NANA LAL JAT', 'PYRO', 'ISF', 'AFM (PROCESS) TAPPER', NULL, NULL),
(42, 660411, 'TULSI RAM GADRI', 'PYRO', 'COMMERCIAL', 'MATERIAL ISSUER', NULL, NULL),
(43, 660424, 'NAGJI RAM JAT', 'PYRO', 'ZRP', 'OPERATOR II (LOADER)', NULL, NULL),
(44, 660437, 'DEVKISHAN SHARMA', 'PYRO', 'WTP', 'PUMP HOUSE OPTR', NULL, NULL),
(45, 660440, 'LADU LAL SHARMA', 'PYRO', 'CRP', 'PLANT OPTR II', NULL, NULL),
(46, 660453, 'PRABHU LAL JAT', 'PYRO', 'ZRP', 'OPERATOR I (LOADER)', NULL, NULL),
(47, 660466, 'RATAN LAL  SHARMA', 'PYRO', 'WTP', 'PUMP HOUSE OPTR', NULL, NULL),
(48, 660482, 'MOHAN LAL KALAL', 'PYRO', 'FINANCE', 'SR ASSISTANT-S', NULL, NULL),
(49, 660495, 'KAILASH SINGH RANAWAT', 'PYRO', 'FINANCE', 'SR ASSISTANT-S', NULL, NULL),
(50, 660534, 'ASHOK KUMAR JAIN', 'PYRO', 'ELECTRICAL', 'AFM (ELECT)', NULL, NULL),
(51, 660547, 'HEERA LAL SHARMA', 'PYRO', 'COMMERCIAL', 'MATERIAL ISSUER', NULL, NULL),
(52, 660550, 'HARBANS SINGH RANA', 'PYRO', 'COMMERCIAL', 'WB OPTR III', NULL, NULL),
(53, 660576, 'RAFEEK MOHAMMAD', 'PYRO', 'SECURITY', 'ASSTT ACCOUNTANT', NULL, NULL),
(54, 660602, 'SHANTI LAL TELI', 'PYRO', 'ZRP', 'OPTR I (LOADER)', NULL, NULL),
(55, 660615, 'MADAN LAL SHARMA', 'PYRO', 'ELECTRICAL', 'AFM (ELECT)', NULL, NULL),
(56, 660628, 'SHAMBHU LAL JAISWAL', 'PYRO', 'ELECTRICAL', 'AFM (ELECT)', NULL, NULL),
(57, 660631, 'GHANSHYAM PUROHIT', 'PYRO', 'HR', 'HEAD CLERK (P', NULL, NULL),
(58, 660673, 'JEETU LAL JAT', 'PYRO', 'TRANSPORT', 'AUTO DRIVER A', NULL, NULL),
(59, 660699, 'RAJ SINGH RATHORE', 'PYRO', 'ZRP', 'OPERATOR II', NULL, NULL),
(60, 660709, 'GHANSHYAM SINGH RANAWAT', 'PYRO', 'COMMERCIAL', 'SR ASSISTANT', NULL, NULL),
(61, 660712, 'GAJVEER SINGH SOLANKI', 'PYRO', 'SALES', 'SR STENOGRAPHER', NULL, NULL),
(62, 660738, 'MANSUKH LAL NALWAYA', 'PYRO', 'FINANCE', 'ASSTT ACCOUNTANT -STG', NULL, NULL),
(63, 660754, 'SURESH CHANDRA UPADHYAY', 'PYRO', 'ELECTRICAL', 'ELECTRICIAN', NULL, NULL),
(64, 660767, 'CHANDRA SINGH GELDA', 'PYRO', 'ELECTRICAL', 'ELECTRICIAN', NULL, NULL),
(65, 660770, 'UDAI LAL OJHA', 'PYRO', 'ELECTRICAL', 'ELECTRICIAN', NULL, NULL),
(66, 660796, 'LACHHI RAM TELI', 'PYRO', 'ELECTRICAL', 'ELECTRICIAN', NULL, NULL),
(67, 660822, 'SHYAM LAL SHARMA', 'PYRO', 'ELECTRICAL', 'ELECTRICIAN', NULL, NULL),
(68, 660835, 'MAHAVEER KUMAR JAIN', 'PYRO', 'MECHANICAL', 'AFM (MECH)', NULL, NULL),
(69, 660851, 'BANSHI LAL  SUTHAR', 'PYRO', 'ELECTRICAL', 'ELECTRICIAN', NULL, NULL),
(70, 660864, 'KALU SINGH TANWAR', 'PYRO', 'ZRP', 'SR PROCESS ASSTT', NULL, NULL),
(71, 660877, 'BHAGWAN LAL SUKHWAL', 'PYRO', 'MECHANICAL', 'SR WEL MISTRY', NULL, NULL),
(72, 660880, 'UDAI SINGH MEENA', 'PYRO', 'SINTER', 'SR PROCESS ASSTT', NULL, NULL),
(73, 660893, 'RAJENDRA SINGOLIA', 'PYRO', 'LRP', 'PROCESS ASSTT', NULL, NULL),
(74, 660903, 'CHAGAN LAL BHIL', 'PYRO', 'AUSMELT', 'PROCESS ASSTT', NULL, NULL),
(75, 660916, 'SANJAY KUMAR ASNANI', 'PYRO', 'HR', 'SR ASSISTANT-S', NULL, NULL),
(76, 660929, 'SUDEEP KUMAR TIWARI', 'PYRO', 'HR', 'SR ASSISTANT', NULL, NULL),
(77, 660932, 'VINOD KUMAR JAIN', 'PYRO', 'DG SET', 'SR OPTR/MECH', NULL, NULL),
(78, 660945, 'DILIP KUMAR VERMA', 'PYRO', 'DG SET', 'SR OPTR/MECH', NULL, NULL),
(79, 660958, 'GOPAL LAL NAYAK', 'PYRO', 'DG SET', 'AFM (DG SET)', NULL, NULL),
(80, 660974, 'MUBARAK MOHD SHEIKH', 'PYRO', 'DG SET', 'AFM (DG SET)', NULL, NULL),
(81, 661009, 'ASHOK KUMAR CHHIPA', 'PYRO', 'DG SET', 'SR OPTR/MECH', NULL, NULL),
(82, 661012, 'GUNWANT DAS BAIRAGI', 'PYRO', 'ACID', 'SR PROCESS ASSTT', NULL, NULL),
(83, 661038, 'TAKHAT SINGH SANKHLA', 'PYRO', 'DG SET', 'AFM (DG SET)', NULL, NULL),
(84, 661054, 'B SANNA RUDRAPPA', 'PYRO', 'SINTER', 'AFM (PROCESS)', NULL, NULL),
(85, 661096, 'LALIT KUMAR JAIN', 'PYRO', 'ELECTRICAL', 'WIREMAN - A', NULL, NULL),
(86, 661106, 'MANGI LAL MALVI', 'PYRO', 'ZRP', 'OPERATOR I (LOADER)', NULL, NULL),
(87, 661119, 'BHARAT SINGH CHAUHAN', 'PYRO', 'ZRP', 'OPERATOR I (LOADER)', NULL, NULL),
(88, 661122, 'ANIRUDH SINGH BHATI', 'PYRO', 'ISF', 'OPERATOR I (LOADER)', NULL, NULL),
(89, 661135, 'DEVI LAL OJHA', 'PYRO', 'ELECTRICAL', 'WIREMAN - A', NULL, NULL),
(90, 661151, 'MADAN LAL SHARMA', 'PYRO', 'MECHANICAL', 'FITTER B', NULL, NULL),
(91, 661164, 'RATAN LAL  SHARMA', 'PYRO', 'WTP', 'PUMP HOUSE OPTR', NULL, NULL),
(92, 661177, 'NARAYAN LAL GADRI', 'PYRO', 'COMMERCIAL', 'MATERIAL ISSUER', NULL, NULL),
(93, 661193, 'JAGDISH CHANDRA SHARMA', 'PYRO', 'COMMERCIAL', 'WB OPTR III', NULL, NULL),
(94, 661203, 'GOPAL KRISHNA SHARMA', 'PYRO', 'WTP', 'PUMP HOUSE OPTR', NULL, NULL),
(95, 661216, 'SHOBHA RAM BAIRAGI', 'PYRO', 'LAB SERVICES', 'LAB ATTENDANT', NULL, NULL),
(96, 661229, 'RATAN LAL JAT', 'PYRO', 'MEDICAL', 'DRESSER "A"', NULL, NULL),
(97, 661232, 'MATHURA LAL JAT', 'PYRO', 'LRP', 'PLANT OPTR II', NULL, NULL),
(98, 661258, 'SATYANARAYAN BAIRAGI', 'PYRO', 'ISF', 'AFM (PROCESS) TAPPER', NULL, NULL),
(99, 661261, 'MAHENDRA SINGH SHAKTAWAT', 'PYRO', 'ELECTRICAL', 'WIREMAN B', NULL, NULL),
(100, 661274, 'MADAN LAL DHAKAR', 'PYRO', 'SINTER', 'OPERATOR II (LOADER)', NULL, NULL),
(101, 661339, 'SUMA JAMES', 'PYRO', 'MEDICAL', 'STAFF NURSE', NULL, NULL),
(102, 661342, 'BALWANT SINGH BHATI', 'PYRO', 'ZRP', 'OPERATOR I (LOADER)', NULL, NULL),
(104, 661355, 'RATAN LAL JAT', 'PYRO', 'LRP', 'PLANT OPTR II', NULL, NULL),
(105, 661368, 'HARISHANKER JAT', 'PYRO', 'MEDICAL', 'DRESSER A', NULL, NULL),
(106, 661384, 'BADRI LAL BAIRAGI', 'PYRO', 'WTP', 'PUMP HOUSE OPTR', NULL, NULL),
(107, 661397, 'LADU LAL VAISHNAV', 'PYRO', 'ISF', 'SR MATLS ISSUER', NULL, NULL),
(108, 661407, 'BHERU LAL TELI', 'PYRO', 'ZRP', 'OPTR II (F/L)', NULL, NULL),
(109, 661410, 'DASHRATH SINGH RANAWAT', 'PYRO', 'ZRP', 'PROCESS ASSTT', NULL, NULL),
(110, 661436, 'HARISH CHANDRA SHARMA', 'PYRO', 'FINANCE', 'SR ASSISTANT', NULL, NULL),
(111, 661449, 'NARAYAN LAL JAT', 'PYRO', 'ZRP', 'OPTR II (F/L)', NULL, NULL),
(112, 661452, 'OMPRAKASH SHARMA', 'PYRO', 'COMMERCIAL', 'WB OPTR I', NULL, NULL),
(113, 661465, 'CHANDMAL JAISWAL', 'PYRO', 'ELECTRICAL', 'AFM (ELECT)', NULL, NULL),
(114, 661504, 'PRAKASH CHANDRA BAFNA', 'PYRO', 'FINANCE', 'CASHIER - S', NULL, NULL),
(115, 661517, 'CHANDRA SHEKHAR PARIYANI', 'PYRO', 'AUSMELT', 'CHARGEHAND (BOILER)', NULL, NULL),
(116, 661520, 'BHERU LAL SHARMA', 'PYRO', 'ETP', 'PLANT OPTR II', NULL, NULL),
(117, 661559, 'NAND LAL BAIRAGI', 'PYRO', 'ZRP', 'PLANT OPTR II', NULL, NULL),
(118, 661562, 'BHERU LAL  JAT', 'PYRO', 'WTP', 'SR HELPER (MECH)', NULL, NULL),
(119, 661575, 'RAJKUMAR PUNGALIA', 'PYRO', 'COMMERCIAL', 'SR MATLS ISSUER', NULL, NULL),
(120, 661588, 'RAJENDRA KUMAR JAIN', 'PYRO', 'LAB SERVICES', 'LAB ATTENDANT', NULL, NULL),
(121, 661591, 'RAKESH KUMAR BAFNA', 'PYRO', 'LAB SERVICES', 'SR LAB ATTENDANT', NULL, NULL),
(122, 661601, 'NAND LAL CHAMAR', 'PYRO', 'ISF', 'PLANT OPTR II', NULL, NULL),
(123, 661614, 'NARAYAN LAL LOHAR', 'PYRO', 'ZRP', 'OPERATOR II (LOADER)', NULL, NULL),
(124, 661627, 'SHYAM SINGH RAJPUT', 'PYRO', 'LRP', 'OPERATOR II (LOADER)', NULL, NULL),
(125, 661630, 'NARENDRA SINGH SHAKTAWAT', 'PYRO', 'CRP', 'PLANT OPTR II', NULL, NULL),
(126, 661643, 'JAGDISH CHANDRA BAIRAGI', 'PYRO', 'MECHANICAL', 'SR HELPER (MECH)', NULL, NULL),
(127, 661708, 'HANSRAJ PURI GOSWAMI', 'PYRO', 'COMMERCIAL', 'SR ASSISTANT', NULL, NULL),
(128, 661711, 'DAMODAR LAL SOMANI', 'PYRO', 'COMMERCIAL', 'SR ASSISTANT', NULL, NULL),
(129, 661724, 'KESHAV SHANKER LOHAR', 'PYRO', 'MECHANICAL', 'AFM (MECH)', NULL, NULL),
(130, 661737, 'CHANDRA SHEKHAR PALIWAL', 'PYRO', 'MECHANICAL', 'AFM (MECH)', NULL, NULL),
(131, 661740, 'GOVERDHAN LAL JAT', 'PYRO', 'ISF', 'PROCESS ASSTT(TAPPER)', NULL, NULL),
(132, 661753, 'RATAN LAL GADRI', 'PYRO', 'ISF', 'PROCESS ASSISTANT', NULL, NULL),
(133, 661766, 'BABU LAL BAIRAGI', 'PYRO', 'COMMERCIAL', 'SR MATLS ISSUER', NULL, NULL),
(134, 661779, 'MITTHA LAL VERMA', 'PYRO', 'MECHANICAL', 'AFM (MECH) MS', NULL, NULL),
(135, 661782, 'DEVKISHAN JAT', 'PYRO', 'ISF', 'PROCESS ASSISTANT', NULL, NULL),
(136, 661795, 'DHARMENDRA WIDHANI', 'PYRO', 'ADMINISTRATION', 'SR DESPATCHER', NULL, NULL),
(137, 661805, 'MAHENDRA SINGH BHATI', 'PYRO', 'ISF', 'SR PROCESS ASSTT', NULL, NULL),
(138, 661818, 'GOPAL LAL GARU', 'PYRO', 'AUSMELT', 'PROCESS ASSISTANT', NULL, NULL),
(139, 661821, 'MANGI LAL RAIGER', 'PYRO', 'ACID', 'PROCESS ASSISTANT', NULL, NULL),
(140, 661834, 'KUSHAL SINGH JAT', 'PYRO', 'MECHANICAL', 'SR MECHANIC', NULL, NULL),
(141, 661847, 'OMPRAKASH SHARMA', 'PYRO', 'AUSMELT', 'AFM (PROCESS)', NULL, NULL),
(142, 661850, 'RAMESH CHANDRA VERMA', 'PYRO', 'SINTER', 'AFM (PROCESS)', NULL, NULL),
(143, 661863, 'VIJAY KUMAR JUNWA', 'PYRO', 'AUSMELT', 'AFM (PROCESS)', NULL, NULL),
(144, 661876, 'RAJJAK MOHAMMAD', 'PYRO', 'ISF', 'SR PROCESS ASSTT', NULL, NULL),
(145, 661889, 'MADHAV SINGH RANAWAT', 'PYRO', 'AUSMELT', 'AFM (PROCESS)', NULL, NULL),
(146, 661892, 'SHANTI LAL SAREKU', 'PYRO', 'MECHANICAL', 'MECHANIC', NULL, NULL),
(147, 661902, 'KHUSHVEER SINGH SHAKTAWAT', 'PYRO', 'ISF', 'SR PROCESS ASSTT', NULL, NULL),
(148, 661915, 'KISHAN LAL SUTHAR', 'PYRO', 'MECHANICAL', 'SR MECHANIC', NULL, NULL),
(149, 661928, 'LADU LAL BHAMBHI', 'PYRO', 'AUSMELT', 'AFM (PROCESS)', NULL, NULL),
(150, 661931, 'PRADHUMAN SINGH RATHORE', 'PYRO', 'MECHANICAL', 'AFM (MECH)', NULL, NULL),
(151, 661944, 'NIRBHAY SINGH SARANGDEVOT', 'PYRO', 'MECHANICAL', 'AFM (MECH)', NULL, NULL),
(152, 661957, 'KARU LAL RAIGER', 'PYRO', 'SINTER', 'SR PROCESS ASSTT', NULL, NULL),
(153, 661960, 'RAKESH KUMAR BANJARA', 'PYRO', 'ACID', 'SR PROCESS ASSTT', NULL, NULL),
(154, 661973, 'PREM KUMAR MEENA', 'PYRO', 'ZRP', 'OPTR I (F/L)', NULL, NULL),
(155, 661986, 'SAYER KUMAR HARIJAN', 'PYRO', 'AUSMELT', 'PROCESS ASSTT', NULL, NULL),
(156, 662008, 'SHYAM LAL TELI', 'PYRO', 'COMMERCIAL', 'MATERIAL ISSUER', NULL, NULL),
(157, 662024, 'PRABHU LAL CHAMAR', 'PYRO', 'SINTER', 'PLANT OPTR III', NULL, NULL),
(158, 662037, 'KALU LAL CHAMAR', 'PYRO', 'SINTER', 'PLANT OPTR II', NULL, NULL),
(159, 662040, 'GOTU LAL SUTHAR', 'PYRO', 'ISF', 'PROCESS ASSTT (TAPPER)', NULL, NULL),
(160, 662053, 'SANDHYA R GIRASE', 'PYRO', 'MEDICAL', 'STAFF NURSE', NULL, NULL),
(161, 662066, 'SALIM MALIK', 'PYRO', 'REFRACTORY', 'SR MASON MISTRY', NULL, NULL),
(162, 662079, 'RANJEET SINGH BHATI', 'PYRO', 'COMMERCIAL', 'WB OPTR I', NULL, NULL),
(163, 662082, 'SHEIKH SALAUDDIN', 'PYRO', 'REFRACTORY', 'SR MASON MISTRY', NULL, NULL),
(164, 662095, 'SHEIKH MASIUR REHMAN', 'PYRO', 'REFRACTORY', 'SR MASON MISTRY', NULL, NULL),
(165, 662105, 'VIRENDER SINGH YADAV', 'PYRO', 'MEDICAL', 'STAFF NURSE', NULL, NULL),
(166, 662118, 'ASHOK KUMAR TRIPATHI', 'PYRO', 'LAB SERVICES', 'SR ANALYST', NULL, NULL),
(167, 662121, 'BHERU LAL PUROHIT', 'PYRO', 'HR', 'SR ASSISTANT', NULL, NULL),
(168, 662134, 'DALU LAL GADRI', 'PYRO', 'ETP', 'PLANT OPTR II', NULL, NULL),
(169, 662147, 'VINOD KUMAR VERMA', 'PYRO', 'LRP', 'PROCESS ASSTT', NULL, NULL),
(170, 662150, 'MANOHAR LAL BUNKER', 'PYRO', 'MECHANICAL', 'SR MECHANIC (AUTO)', NULL, NULL),
(171, 662176, 'BADRI LAL TELI', 'PYRO', 'LAB SERVICES', 'LAB ATTENDENT B', NULL, NULL),
(172, 662189, 'ASHOK KUMAR MAKHAN', 'PYRO', 'CRP', 'PROCESS ASSTT', NULL, NULL),
(173, 662192, 'DINESH CHANDRA JAISWAL', 'PYRO', 'MECHANICAL', 'FITTER B', NULL, NULL),
(174, 662215, 'ANIL KUMAR  BHARAKTYA', 'PYRO', 'SALES', 'HEAD CLERK (SALES)', NULL, NULL),
(175, 662273, 'JAGDISH CHANDRA PAREEK', 'PYRO', 'WTP', 'BOILER ATTENDANT A', NULL, NULL),
(176, 662286, 'AJAY KUMAR JHA', 'PYRO', 'AUSMELT', 'CHARGEHAND (BOILER)', NULL, NULL),
(177, 662299, 'BABU LAL MEENA', 'PYRO', 'AUSMELT', 'CHARGEHAND (BOILER)', NULL, NULL),
(178, 662309, 'SHIVRAJ SINGH SHAKTAWAT', 'PYRO', 'AUSMELT', 'CHARGEHAND (BOILER)', NULL, NULL),
(179, 662435, 'OM PRAKASH SAIN', 'PYRO', 'ELECTRICAL', 'AFM (ELECT)', NULL, NULL),
(180, 662561, 'FARIDUDDIN MANSOORI', 'PYRO', 'MECHANICAL', 'AFM (MECH)-S', NULL, NULL),
(181, 662574, 'SUDHIR MEHTA', 'PYRO', 'ELECTRICAL', 'AFM (ELECT)', NULL, NULL),
(182, 662590, 'PRADEEP KUMAR SHARMA', 'PYRO', 'INSTRUMENTATION', 'AFM (INST)', NULL, NULL),
(183, 662600, 'RENU BALA SHRINGI', 'PYRO', 'INSTRUMENTATION', 'AFM (INST)', NULL, NULL),
(184, 662671, 'PRAMOD KUMAR JAIN', 'PYRO', 'INSTRUMENTATION', 'AFM (INST)', NULL, NULL),
(185, 662697, 'GIRIJESH KUMAR TRIPATHI', 'PYRO', 'ISF', 'AFM (PROCESS)', NULL, NULL),
(186, 662723, 'RAVI KUMAR GUPTA', 'PYRO', 'ACID', 'AFM (PROCESS)', NULL, NULL),
(187, 662749, 'PRAKASH CHANDRA MAROO', 'PYRO', 'ELECTRICAL', 'AFM (ELECT)', NULL, NULL),
(188, 662781, 'BADRI LAL VERMA', 'PYRO', 'INSTRUMENTATION', 'AFM (INST)', NULL, NULL),
(189, 662820, 'SANJEEV PRASAD', 'PYRO', 'ETP', 'AFM (PROCESS)', NULL, NULL),
(190, 662972, 'SHYAM SUNDER YADAV', 'PYRO', 'ELECTRICAL', 'AFM (ELECT)', NULL, NULL),
(191, 663052, 'BRAJESH MODANI', 'PYRO', 'INSTRUMENTATION', 'AFM (INST)', NULL, NULL),
(192, 663078, 'RAJENDRA SINGH RAJAWAT', 'PYRO', 'ELECTRICAL', 'AFM (ELECT)', NULL, NULL),
(193, 663081, 'NARENDRA KUMAR SAINI', 'PYRO', 'ELECTRICAL', 'AFM (ELECT)', NULL, NULL),
(194, 663133, 'SITARAM RANGASWAMI', 'PYRO', 'MECHANICAL', 'AFM (MECH)', NULL, NULL),
(195, 663159, 'NIRANJAN LAL NIMKA', 'PYRO', 'SINTER', 'AFM (PROCESS)', NULL, NULL),
(196, 663188, 'NIRANJAJ KUMAR JOSHI', 'PYRO', 'LAB SERVICES', 'SR ANALYST', NULL, NULL),
(197, 663201, 'RAJESH KUMAR JATAV', 'PYRO', 'MECHANICAL', 'AFM (MECH) MS', NULL, NULL),
(198, 663214, 'TULSI RAM MEGHWAL', 'PYRO', 'MECHANICAL', 'SR MS MISTRY', NULL, NULL),
(199, 663227, 'PAWAN KUMAR SAXENA', 'PYRO', 'SINTER', 'AFM (PROCESS)', NULL, NULL),
(200, 663230, 'RAJENDRA KUMAR TALAICH', 'PYRO', 'ACID', 'AFM (PROCESS)', NULL, NULL),
(201, 663256, 'SATYENDRA KUMAR MOD', 'PYRO', 'ISF', 'AFM (PROCESS)', NULL, NULL),
(202, 663298, 'NIRANJAN SINGH BHATI', 'PYRO', 'WTP', 'AFM (PROCESS)', NULL, NULL),
(203, 663340, 'BABU LAL PATIDAR', 'PYRO', 'MECHANICAL', 'AFM (MECH)', NULL, NULL),
(204, 663353, 'LAL CHAND JOSHI', 'PYRO', 'AUSMELT', 'AFM (PROCESS)', NULL, NULL),
(205, 663366, 'SURESH SINGH RATHORE', 'PYRO', 'MECHANICAL', 'AFM (MECH)', NULL, NULL),
(206, 663379, 'BABU LAL MALI', 'PYRO', 'ELECTRICAL', 'AFM (ELECT)', NULL, NULL),
(207, 663382, 'RADHEYSHYAM KUMAWAT', 'PYRO', 'MECHANICAL', 'AFM (MECH)', NULL, NULL),
(208, 663395, 'RAMESH CHANDRA MAHAROO', 'PYRO', 'AUSMELT', 'AFM (PROCESS)', NULL, NULL),
(209, 663405, 'DURGA LAL MEENA', 'PYRO', 'AUSMELT', 'AFM (PROCESS)', NULL, NULL),
(210, 663418, 'SHAMBHU LAL JAT', 'PYRO', 'MECHANICAL', 'AFM (MECH)', NULL, NULL),
(211, 663421, 'BALKISHAN MALI', 'PYRO', 'MECHANICAL', 'AFM (MECH)', NULL, NULL),
(212, 663434, 'KESHU RAM MALI', 'PYRO', 'AUSMELT', 'SR PROCESS ASSTT', NULL, NULL),
(213, 663447, 'SHIV LAL SALVI', 'PYRO', 'MECHANICAL', 'SR MECHANIC', NULL, NULL),
(214, 663450, 'DURGA SHANKAR AHIR', 'PYRO', 'MECHANICAL', 'AFM (MECH)', NULL, NULL),
(215, 663463, 'LAL CHAND NAHAR', 'PYRO', 'MECHANICAL', 'AFM (MECH)', NULL, NULL),
(216, 663476, 'SUKH LAL BALAI', 'PYRO', 'MECHANICAL', 'AFM (MECH)', NULL, NULL),
(217, 663489, 'BHAGWATI LAL YADAV', 'PYRO', 'ISF', 'SR PROCESS ASSTT', NULL, NULL),
(218, 663492, 'SATYANARAYAN KUMAWAT', 'PYRO', 'ELECTRICAL', 'AFM (ELECT)', NULL, NULL),
(219, 663502, 'SHIVPAL SINGH RAO', 'PYRO', 'ELECTRICAL', 'AFM (ELECT)', NULL, NULL),
(220, 663515, 'SHANTI LAL VYAS', 'PYRO', 'MECHANICAL', 'AFM (MECH)', NULL, NULL),
(221, 663528, 'ARUN KUMAR  MEENA', 'PYRO', 'AUSMELT', 'AFM (PROCESS)', NULL, NULL),
(222, 663531, 'DINESH KUMAR PAREEK', 'PYRO', 'MECHANICAL', 'SR MECHANIC', NULL, NULL),
(223, 663544, 'PRAKASH CHANDRA HARIJAN', 'PYRO', 'ISF', 'SR PROCESS ASSTT', NULL, NULL),
(224, 663557, 'BAPU LAL MEENA', 'PYRO', 'SINTER', 'SR PROCESS ASSTT', NULL, NULL),
(225, 663560, 'VARDI CHAND MEGHWAL', 'PYRO', 'AUSMELT', 'SR PROCESS ASSTT', NULL, NULL),
(226, 663573, 'PUSHP CHANDRA MALI', 'PYRO', 'ZRP', 'SR PROCESS ASSTT', NULL, NULL),
(227, 663586, 'GIRIJA SHANKAR AMETA', 'PYRO', 'ELECTRICAL', 'AFM (ELECT)', NULL, NULL),
(228, 663599, 'ABDUL HAMID', 'PYRO', 'ELECTRICAL', 'SR ELECTRICIAN', NULL, NULL),
(229, 663612, 'BANSHIDHAR PRASAD', 'PYRO', 'INSTRUMENTATION', 'AFM (INST)', NULL, NULL),
(230, 663638, 'SATYANARAYAN DHOBI', 'PYRO', 'ELECTRICAL', 'SR ELECTRICIAN', NULL, NULL),
(231, 663641, 'ROSHAN LAL KUMAWAT', 'PYRO', 'ACID', 'SR PROCESS ASSTT', NULL, NULL),
(232, 663667, 'KUTUBUDDIN BOHRA', 'PYRO', 'LAB SERVICES', 'SR ANALYST', NULL, NULL),
(233, 663670, 'MANNA LAL DHAKAR', 'PYRO', 'MECHANICAL', 'AFM (MECH)', NULL, NULL),
(234, 663696, 'SHANTI LAL SALVI', 'PYRO', 'MECHANICAL', 'AFM (MECH)', NULL, NULL),
(235, 663706, 'UMA SHANKER MENARIYA', 'PYRO', 'AUSMELT', 'SR PROCESS ASSTT', NULL, NULL),
(236, 663719, 'OM PRAKASH MEENA', 'PYRO', 'ISF', 'SR PROCESS ASSTT', NULL, NULL),
(237, 663722, 'MOHAMMAD IQBAL', 'PYRO', 'ACID', 'SR PROCESS ASSTT', NULL, NULL),
(238, 663735, 'BAGDI RAM KUMAWAT', 'PYRO', 'LAB SERVICES', 'SR ANALYST', NULL, NULL),
(239, 663748, 'DWARKESH BUNKER', 'PYRO', 'ISF', 'AFM (PROCESS)', NULL, NULL),
(240, 663751, 'SUNDER LAL KHATIK', 'PYRO', 'SINTER', 'AFM (PROCESS)', NULL, NULL),
(241, 663764, 'PRABHU NAND MORE', 'PYRO', 'AUSMELT', 'SR PROCESS ASSTT', NULL, NULL),
(242, 663777, 'CHANDRA  SINGH', 'PYRO', 'SINTER', 'AFM (PROCESS)', NULL, NULL),
(243, 663793, 'BANSI LAL JOSHI', 'PYRO', 'ELECTRICAL', 'SR ELECTRICIAN', NULL, NULL),
(244, 663803, 'RISHABH KUMAR KUMAWAT', 'PYRO', 'ELECTRICAL', 'SR ELECTRICIAN', NULL, NULL),
(245, 663816, 'SHYAM LAL BHAMBI', 'PYRO', 'ELECTRICAL', 'SR ELECTRICIAN', NULL, NULL),
(246, 663829, 'OM PRAKASH SHARMA', 'PYRO', 'ELECTRICAL', 'SR ELECTRICIAN', NULL, NULL),
(247, 663832, 'ASHOK KUMAR SWARNKAR', 'PYRO', 'SINTER', 'AFM (PROCESS)', NULL, NULL),
(248, 663858, 'CHANDRA BHAN SINGH JHALA', 'PYRO', 'SINTER', 'AFM (PROCESS)', NULL, NULL),
(249, 663861, 'LAL SHANKER PUROHIT', 'PYRO', 'LAB SERVICES', 'SR ANALYST', NULL, NULL),
(250, 663939, 'ADITYA NATH JHA', 'PYRO', 'ACID', 'AFM (PROCESS)', NULL, NULL),
(251, 663942, 'ARUN KUMAR  BARBER', 'PYRO', 'ZRP', 'AFM (PROCESS)', NULL, NULL),
(252, 663955, 'GIRISH CHANDRA ADANIYA', 'PYRO', 'CRP', 'AFM (PROCESS)', NULL, NULL),
(253, 663971, 'SURJEET SINGH SHEKHAWAT', 'PYRO', 'CIVIL', 'SR PROCESS ASSTT', NULL, NULL),
(254, 663984, 'TEJ SHANKER SHARMA', 'PYRO', 'ZRP', 'SR PROCESS ASSTT', NULL, NULL),
(255, 664019, 'OM PAL', 'PYRO', 'SINTER', 'AFM (PROCESS)', NULL, NULL),
(256, 664048, 'MADAN LAL SHARMA', 'PYRO', 'ACID', 'AFM (PROCESS)', NULL, NULL),
(257, 664051, 'ASHOK DUBEY', 'PYRO', 'ACID', 'AFM (PROCESS)', NULL, NULL),
(258, 664077, 'BHUPENDRA SINGH GEHLOT', 'PYRO', 'WTP', 'AFM (PROCESS)', NULL, NULL),
(259, 664093, 'NIKHIL KUMAR MEHTA', 'PYRO', 'ISF', 'AFM (PROCESS)', NULL, NULL),
(260, 664103, 'VIDHYA SAGAR TULCHIA', 'PYRO', 'LRP', 'AFM (PROCESS)', NULL, NULL),
(261, 664116, 'GHEESA LAL DHAKAR', 'PYRO', 'ISF', 'AFM (PROCESS)', NULL, NULL),
(262, 664132, 'NARESH KUMAR TANK', 'PYRO', 'ELECTRICAL', 'SR ELECTRICIAN', NULL, NULL),
(263, 664161, 'MANGI LAL DHAKAR', 'PYRO', 'ZRP', 'AFM (PROCESS)', NULL, NULL),
(264, 664174, 'SAMPAT LAL JAT', 'PYRO', 'COMMERCIAL', 'AFM (PROCESS)', NULL, NULL),
(265, 664187, 'YOGESH KUMAR SHARMA', 'PYRO', 'SINTER', 'AFM (PROCESS)', NULL, NULL),
(266, 664190, 'DEVENDRA KUMAR JAIN', 'PYRO', 'LAB SERVICES', 'SR ANALYST', NULL, NULL),
(267, 664213, 'GOVINDH SINGH RATHORE', 'PYRO', 'SINTER', 'AFM (PROCESS)', NULL, NULL),
(268, 664226, 'PURNA SHANKER  GARG', 'PYRO', 'ISF', 'SR PROCESS ASSTT', NULL, NULL),
(269, 664239, 'BADRI LAL SHARMA', 'PYRO', 'ISF', 'AFM (PROCESS)', NULL, NULL),
(270, 664242, 'GAURI SHANKER SHARMA', 'PYRO', 'ETP', 'AFM (PROCESS)', NULL, NULL),
(271, 664268, 'VINOD KUMAR SHARMA', 'PYRO', 'MECHANICAL', 'SR MECHANIC', NULL, NULL),
(272, 664271, 'RAM LAL JAT', 'PYRO', 'WTP', 'SR MECHANIC', NULL, NULL),
(273, 664284, 'PUSHPENDRA SINGH PANWAR', 'PYRO', 'WTP', 'SR MECHANIC', NULL, NULL),
(274, 664297, 'AKHTAR KHAN PATHAN', 'PYRO', 'MECHANICAL', 'SR MECHANIC', NULL, NULL),
(275, 664323, 'GOVERDHAN LAL JAT', 'PYRO', 'ISF', 'AFM (PROCESS) TAPPER', NULL, NULL),
(276, 664336, 'RAM CHANDRA  JAT', 'PYRO', 'ISF', 'AFM (PROCESS) TAPPER', NULL, NULL),
(277, 664349, 'MANOHAR LAL MUNDRA', 'PYRO', 'ACID', 'AFM (PROCESS)', NULL, NULL),
(278, 664352, 'RADHEYSHYAM HEDA', 'PYRO', 'ACID', 'AFM (PROCESS)', NULL, NULL),
(279, 664365, 'GIRRAJ PURI GOSWAMI', 'PYRO', 'LAB SERVICES', 'SR ANALYST', NULL, NULL),
(280, 664378, 'PRADEEP PORWAL', 'PYRO', 'CRP', 'AFM (PROCESS)', NULL, NULL),
(281, 664394, 'DEVKARAN KUMAWAT', 'PYRO', 'LRP', 'AFM (PROCESS)', NULL, NULL),
(282, 664404, 'BHOPRAJ PATIDAR', 'PYRO', 'LRP', 'AFM (PROCESS)', NULL, NULL),
(283, 664417, 'SHANKER LAL VASWANI', 'PYRO', 'ISF', 'AFM (PROCESS)', NULL, NULL),
(284, 664420, 'DEVI LAL TELI', 'PYRO', 'LRP', 'AFM (PROCESS)', NULL, NULL),
(285, 664433, 'JITENDRA SINGH SISODIYA', 'PYRO', 'LRP', 'AFM (PROCESS)', NULL, NULL),
(286, 664446, 'ANIL KUMAR  DHADDHA', 'PYRO', 'ISF', 'AFM (PROCESS)', NULL, NULL),
(287, 664459, 'SATYANARAYAN VYAS', 'PYRO', 'SINTER', 'SR PROCESS ASSTT', NULL, NULL),
(288, 664488, 'ANIL KUMAR  JAIN', 'PYRO', 'ETP', 'AFM (PROCESS)', NULL, NULL),
(289, 664491, 'SATYANARAYAN TAILOR', 'PYRO', 'ISF', 'AFM (PROCESS)', NULL, NULL),
(290, 664501, 'BALWANT SINGH KOTHARI', 'PYRO', 'SINTER', 'AFM (PROCESS)', NULL, NULL),
(291, 664527, 'AMAR CHAND  JAT', 'PYRO', 'ACID', 'AFM (PROCESS)', NULL, NULL),
(292, 664530, 'PRABHU LAL SHARMA', 'PYRO', 'ZRP', 'AFM (PROCESS)', NULL, NULL),
(293, 664556, 'VIJAY SINGH NARUKA', 'PYRO', 'LRP', 'AFM (PROCESS)', NULL, NULL),
(294, 664569, 'MAHAVIR PRASAD SAINI', 'PYRO', 'ISF', 'AFM (PROCESS)', NULL, NULL),
(295, 664572, 'DINESH CHANDRA PAYAK', 'PYRO', 'ISF', 'AFM (PROCESS)', NULL, NULL),
(296, 664585, 'SANJAY KUMAR JAIN', 'PYRO', 'LRP', 'AFM (PROCESS)', NULL, NULL),
(297, 664598, 'MANJEET SINGH GREWAL', 'PYRO', 'ACID', 'AFM (PROCESS)', NULL, NULL),
(298, 664608, 'ANIL KUMAR  DALAL', 'PYRO', 'ISF', 'AFM (PROCESS)', NULL, NULL),
(299, 664611, 'RAJESH KUMAR SUKHWAL', 'PYRO', 'ISF', 'AFM (PROCESS)', NULL, NULL),
(300, 664624, 'HARISH KUMAR SHARMA', 'PYRO', 'ISF', 'AFM (PROCESS)', NULL, NULL),
(301, 664640, 'MAHENDRA KUMAR JAIN', 'PYRO', 'ISF', 'AFM (PROCESS)', NULL, NULL),
(302, 664653, 'SANJAY MISHRA', 'PYRO', 'ZRP', 'AFM (PROCESS)', NULL, NULL),
(307, 664705, 'MOHAN LAL MEGHWAL', 'PYRO', 'MECHANICAL', 'SR MECHANIC', NULL, NULL),
(308, 664718, 'BHANWAR LAL KUMAWAT', 'PYRO', 'MECHANICAL', 'SR MECHANIC', NULL, NULL),
(309, 664721, 'HITENDRA KUMAR PATWA', 'PYRO', 'ISF', 'AFM (PROCESS)', NULL, NULL),
(310, 664750, 'DEVI SHANKER KELWA', 'PYRO', 'ISF', 'AFM (PROCESS)', NULL, NULL),
(311, 664763, 'JAWAHAR MAL JAT', 'PYRO', 'ISF', 'AFM (PROCESS)', NULL, NULL),
(312, 664776, 'DAL CHAND BALAI', 'PYRO', 'AUSMELT', 'SR PROCESS ASSTT', NULL, NULL),
(313, 664789, 'PANNA LAL MEENA', 'PYRO', 'SINTER', 'SR PROCESS ASSTT', NULL, NULL),
(315, 664802, 'KIRAN KUMAR MEHAR', 'PYRO', 'ZRP', 'SR PROCESS ASSTT', NULL, NULL),
(320, 664792, 'JAYANTI LAL KHATIK', 'PYRO', 'MECHANICAL', 'SR MECHANIC', NULL, NULL),
(321, 664666, 'MOTI LAL GAYREE', 'PYRO', 'ZRP', 'AFM (PROCESS)', NULL, NULL),
(322, 664679, 'PRAHLAD RAI SONI', 'PYRO', 'ETP', 'AFM (PROCESS)', NULL, NULL),
(323, 664682, 'SUNIL KUMAR GOUR', 'PYRO', 'LRP', 'AFM (PROCESS)', NULL, NULL),
(324, 664695, 'RAJESH GOTHWAL', 'PYRO', 'ZRP', 'SR PROCESS ASSTT', NULL, NULL),
(325, 664815, 'KHEM RAJ BHIL', 'PYRO', 'MECHANICAL', 'SR MECHANIC', NULL, NULL),
(326, 664828, 'NAND LAL JAT', 'PYRO', 'ISF', 'AFM (PROCESS) TAPPER', NULL, NULL),
(327, 664831, 'RATAN LAL JAT', 'PYRO', 'ISF', 'AFM (PROCESS)', NULL, NULL),
(328, 664844, 'GOPAL LAL KOTHARI', 'PYRO', 'ISF', 'AFM (PROCESS) TAPPER', NULL, NULL),
(329, 664860, 'MOHAMMAD HUSSAIN', 'PYRO', 'WTP', 'SR MECHANIC', NULL, NULL),
(330, 664873, 'GOPAL LAL GARG', 'PYRO', 'WTP', 'SR MECHANIC', NULL, NULL),
(331, 664886, 'BAGDI RAM GADRI', 'PYRO', 'WTP', 'SR MECHANIC', NULL, NULL),
(332, 664899, 'DINESHWAR SINGH', 'PYRO', 'WTP', 'SR PROCESS ASSTT', NULL, NULL),
(333, 664909, 'ASHOK KUMAR ROAT', 'PYRO', 'ZRP', 'SR PROCESS ASSTT', NULL, NULL),
(334, 664912, 'RAMESH CHANDRA KHARADI', 'PYRO', 'SINTER', 'SR PROCESS ASSTT', NULL, NULL),
(335, 664925, 'SHIV SHANKER KATARA', 'PYRO', 'MECHANICAL', 'SR MECHANIC', NULL, NULL),
(336, 664938, 'PRADEEP KUMAR GOUR', 'PYRO', 'MECHANICAL', 'SR MS MISTRY', NULL, NULL),
(337, 664954, 'HARI RAM ALDIA', 'PYRO', 'LRP', 'OPERATOR (LOADER)', NULL, NULL),
(338, 664967, 'VAN RAJ MARATHA', 'PYRO', 'ISF', 'OPERATOR (LOADER)', NULL, NULL),
(339, 664970, 'BANSI LAL DHAKAR', 'PYRO', 'ISF', 'OPERATOR (LOADER)', NULL, NULL),
(340, 664983, 'BHARAT SINGH JADAV', 'PYRO', 'ISF', 'OPERATOR (LOADER)', NULL, NULL),
(341, 665005, 'SHASHI PAL TENEJA', 'PYRO', 'ISF', 'OPERATOR (LOADER)', NULL, NULL),
(342, 665018, 'SHABBI MOHAMMAD PINJARA', 'PYRO', 'LRP', 'OPERATOR (LOADER)', NULL, NULL),
(343, 665021, 'HARVINDER SINGH CHUNDAWAT', 'PYRO', 'ZRP', 'AFM (PROCESS)', NULL, NULL),
(344, 665034, 'RAKESH ROSHAN AGRAWAL', 'PYRO', 'ZRP', 'AFM (PROCESS)', NULL, NULL),
(345, 665050, 'RAM PRASAD JOSHI', 'PYRO', 'ZRP', 'AFM (PROCESS)', NULL, NULL),
(346, 665076, 'KRISHNA KUMAR KABRA', 'PYRO', 'LAB SERVICES', 'SR ANALYST', NULL, NULL),
(347, 665092, 'GOPAL LAL KUMAWAT', 'PYRO', 'LRP', 'AFM (PROCESS)', NULL, NULL),
(348, 665102, 'GOPAL PANCHOLI', 'PYRO', 'ZRP', 'AFM (PROCESS)', NULL, NULL),
(349, 665128, 'SUNIL KUMAR PATNI', 'PYRO', 'LRP', 'AFM (PROCESS)', NULL, NULL),
(350, 665144, 'PRAHLAD KUMAR PATIDAR', 'PYRO', 'ZRP', 'AFM (PROCESS)', NULL, NULL),
(351, 665157, 'GOPAL LAL MENARIA', 'PYRO', 'LRP', 'AFM (PROCESS)', NULL, NULL),
(352, 665160, 'VED PRAKASH JOSHI', 'PYRO', 'LRP', 'AFM (PROCESS)', NULL, NULL),
(353, 665199, 'KUSHMAHENDRA SINGH RANAWAT', 'PYRO', 'AUSMELT', 'SR PROCESS ASSTT', NULL, NULL),
(354, 665209, 'AJAY SINGH JADAWAT', 'PYRO', 'ISF', 'AFM (PROCESS)', NULL, NULL),
(355, 665212, 'MANISH PORWAL', 'PYRO', 'ZRP', 'AFM (PROCESS)', NULL, NULL),
(356, 665225, 'GIRDHAR  SAGITRA', 'PYRO', 'INSTRUMENTATION', 'AFM (INST)', NULL, NULL),
(357, 665238, 'JITENDRA SONI', 'PYRO', 'LRP', 'AFM (PROCESS)', NULL, NULL),
(358, 665241, 'DILIP KUMAR KHATRI', 'PYRO', 'LRP', 'AFM (PROCESS)', NULL, NULL),
(359, 665254, 'HEMANT CHAWDA', 'PYRO', 'AUSMELT', 'SR PROCESS ASSTT', NULL, NULL),
(360, 665267, 'MAHENDRAPAL SINGH RANAWAT', 'PYRO', 'ISF', 'SR PROCESS ASSTT', NULL, NULL),
(361, 665270, 'PREM CHAND JANWA', 'PYRO', 'LRP', 'AFM (PROCESS)', NULL, NULL),
(362, 665283, 'GANGA RAM  PURBIYA', 'PYRO', 'MECHANICAL', 'SR MECHANIC', NULL, NULL),
(363, 665296, 'RAJENDRA SINGH', 'PYRO', 'INSTRUMENTATION', 'AFM (INST)', NULL, NULL),
(364, 665319, 'RAM KARAN MEHRA', 'PYRO', 'INSTRUMENTATION', 'AFM (INST)', NULL, NULL),
(365, 665322, 'KAILASH CHANDRA TELI', 'PYRO', 'LRP', 'AFM (PROCESS)', NULL, NULL),
(366, 665335, 'RAMESH CHANDRA JAROLI', 'PYRO', 'ZRP', 'AFM (PROCESS)', NULL, NULL),
(367, 665364, 'SURESH MEHTA', 'PYRO', 'ACID', 'SR PROCESS ASSTT', NULL, NULL),
(368, 665377, 'GOVERDHAN LAL BUNKAR', 'PYRO', 'WTP', 'SR MECHANIC', NULL, NULL),
(369, 665403, 'GOPAL KRISHNA MAHESHWARI', 'PYRO', 'ZRP', 'AFM (PROCESS)', NULL, NULL),
(370, 665429, 'YUGAL KIISHOR MEHRA', 'PYRO', 'INSTRUMENTATION', 'AFM (INST)', NULL, NULL),
(371, 665432, 'DINESH KUMAR GATTANI', 'PYRO', 'ZRP', 'AFM (PROCESS)', NULL, NULL),
(372, 665458, 'TULSI RAM PURBIYA', 'PYRO', 'ZRP', 'AFM (PROCESS)', NULL, NULL),
(373, 665461, 'GOPAL LAL GAUR', 'PYRO', 'ZRP', 'AFM (PROCESS)', NULL, NULL),
(374, 665487, 'PRADEEP KUMAR JOSHI', 'PYRO', 'LRP', 'AFM (PROCESS)', NULL, NULL),
(375, 665490, 'DINESH CHANDRA SHARMA', 'PYRO', 'LRP', 'AFM (PROCESS)', NULL, NULL),
(376, 665500, 'KANHIYA LAL DHAKAR', 'PYRO', 'LRP', 'AFM (PROCESS)', NULL, NULL),
(377, 665526, 'JAMNA LAL JAT', 'PYRO', 'LRP', 'AFM (PROCESS)', NULL, NULL),
(378, 665539, 'RAMESH CHANDRA SUKHLECHA', 'PYRO', 'ZRP', 'AFM (PROCESS)', NULL, NULL),
(379, 665542, 'DILIP KUMAR JAIN', 'PYRO', 'ISF', 'AFM (PROCESS)', NULL, NULL),
(380, 665555, 'SOHAN LAL MENARIA', 'PYRO', 'ZRP', 'AFM (PROCESS)', NULL, NULL),
(381, 665665, 'RAMCHANDRA RAIGER', 'PYRO', 'ZRP', 'OPERATOR II (LOADER)', NULL, NULL),
(382, 665678, 'RAMESH CHANDRA NAGARCHI', 'PYRO', 'ZRP', 'OPERATOR II (LOADER)', NULL, NULL),
(383, 665681, 'TAZEEN QAMAR', 'PYRO', 'INSTRUMENTATION', 'AFM (INST)', NULL, NULL),
(384, 665759, 'KRIPA SHANKAR', 'PYRO', 'INSTRUMENTATION', 'AFM (INST)', NULL, NULL),
(385, 665762, 'BANSHI LAL  PALIWAL', 'PYRO', 'MECHANICAL', 'SR MECHANIC (AUTO)', NULL, NULL),
(386, 665775, 'RATAN LAL JAT', 'PYRO', 'CRP', 'PLANT OPTR II', NULL, NULL),
(387, 665788, 'DEVJI JAT', 'PYRO', 'CRP', 'PLANT OPTR II', NULL, NULL),
(388, 665791, 'POONAM CHAND SUNARIWAL', 'PYRO', 'MECHANICAL', 'AFM (MECH)-S', NULL, NULL),
(389, 665814, 'VIJAY KUMAR DAMOR', 'PYRO', 'MECHANICAL', 'AFM (MECH)-S', NULL, NULL),
(390, 665827, 'RANBIR SINGH', 'PYRO', 'MEDICAL', 'SR TR NURSE - S', NULL, NULL),
(391, 665830, 'SANTOSH KUMAR  NIRALA', 'PYRO', 'INSTRUMENTATION', 'AFM (INST)', NULL, NULL),
(392, 665856, 'RADHEYSHYAM KHATIK', 'PYRO', 'ISF', 'OPTR GRADE I (LOADER)', NULL, NULL),
(393, 665869, 'ALGV PRASAD RAO', 'PYRO', 'CRP', 'AFM (PROCESS)', NULL, NULL),
(394, 665885, 'MUKESH ACHARYA', 'PYRO', 'SALES', 'SR ASSISTANT-S', NULL, NULL),
(395, 665924, 'VINODBHAI CHAUHAN', 'PYRO', 'MECHANICAL', 'AFM (MECH)', NULL, NULL),
(396, 665940, 'RATAN LAL SHARMA', 'PYRO', 'INSTRUMENTATION', 'INST FITTER-B', NULL, NULL),
(397, 665953, 'PHOOL SINGH', 'PYRO', 'ELECTRICAL', 'AFM (ELECT)', NULL, NULL),
(398, 665966, 'NARAYAN LAL GADRI', 'PYRO', 'DG SET', 'OPTR/FITTER GRII', NULL, NULL),
(399, 665979, 'SAGAR CHANDRA DAS', 'PYRO', 'ELECTRICAL', 'AFM (ELECT)', NULL, NULL),
(400, 665982, 'ANAND KUMAR KHOIWAL', 'PYRO', 'LRP', 'PLANT OPTR II', NULL, NULL),
(401, 665995, 'KAMLESH KUMAR AMETA', 'PYRO', 'MECHANICAL', 'FITTER B', NULL, NULL),
(402, 666004, 'BABU LAL MEENA', 'PYRO', 'MECHANICAL', 'FITTER B', NULL, NULL),
(403, 666020, 'RAMNARAYAN SHARMA', 'PYRO', 'AUSMELT', 'OPERATOR I', NULL, NULL),
(404, 666046, 'HEERA LAL DAMOR', 'PYRO', 'MECHANICAL', 'FITTER B', NULL, NULL),
(405, 666062, 'SATYAVEER SINGH RAJORA', 'PYRO', 'LAB SERVICES', 'SR ANALYST', NULL, NULL),
(406, 666075, 'SITARAM MEENA', 'PYRO', 'ELECTRICAL', 'AFM (ELECT)', NULL, NULL),
(407, 666088, 'MAHENDRA SINGH BHATI', 'PYRO', 'ZRP', 'AFM (PROCESS)', NULL, NULL),
(408, 666127, 'CHANDRA PRAKASH RATHORE', 'PYRO', 'ZRP', 'AFM (PROCESS)', NULL, NULL),
(409, 666130, 'DUNG RAM MEGHWAL', 'PYRO', 'SINTER', 'OPTR GRADE I (LOADER)', NULL, NULL),
(410, 666143, 'BHARAT SINGH RAWAT', 'PYRO', 'ZRP', 'AFM (PROCESS)', NULL, NULL),
(411, 666156, 'CHAIN SINGH KHANGAROT', 'PYRO', 'ZRP', 'AFM (PROCESS)', NULL, NULL),
(412, 666169, 'MOTI LAL JAT', 'PYRO', 'ZRP', 'AFM (PROCESS)', NULL, NULL),
(413, 666185, 'MAHENDRA KUMAR SALVI', 'PYRO', 'SINTER', 'OPTR GRADE I (LOADER)', NULL, NULL),
(414, 666208, 'SURESH KUMAR MEENA', 'PYRO', 'SINTER', 'OPTR GRADE I (LOADER)', NULL, NULL),
(415, 666224, 'SHASHI KANT KARNIK', 'PYRO', 'ZRP', 'AFM (PROCESS)', NULL, NULL),
(416, 666237, 'RAJEEV  SHARMA', 'PYRO', 'ZRP', 'AFM (PROCESS)', NULL, NULL),
(417, 666253, 'PRITHVI RAJ TURKIYA', 'PYRO', 'ISF', 'OPTR GRADE I (LOADER)', NULL, NULL),
(418, 666279, 'MOHAMMAD HANEEF', 'PYRO', 'AUSMELT', 'SR PROCESS ASSTT', NULL, NULL),
(419, 666295, 'VIJAY KUMAR ROAT', 'PYRO', 'COMMERCIAL', 'SR MECHANIC', NULL, NULL),
(420, 666347, 'SHANKAR LAL MEHAR', 'PYRO', 'SINTER', 'AFM (PROCESS)', NULL, NULL),
(421, 666376, 'SURAJ PAL SINGH', 'PYRO', 'ACID', 'AFM (PROCESS)', NULL, NULL),
(422, 666392, 'ANIL KUMAR  AGRAWAL', 'PYRO', 'ZRP', 'AFM (PROCESS)', NULL, NULL),
(423, 666402, 'NARESH CHOUDHARY', 'PYRO', 'ZRP', 'AFM (PROCESS)', NULL, NULL),
(424, 666415, 'ILYAS ALI', 'PYRO', 'ZRP', 'AFM (PROCESS)', NULL, NULL),
(425, 666457, 'PRAKASH CHANDRA CHHIPA', 'PYRO', 'ISF', 'AFM (PROCESS)', NULL, NULL),
(426, 666460, 'YOGESH KUMAR PARASHAR', 'PYRO', 'ZRP', 'AFM (PROCESS)', NULL, NULL),
(427, 666473, 'KAMLESH KUMAR SEHLOT', 'PYRO', 'ZRP', 'AFM (PROCESS)', NULL, NULL),
(428, 666486, 'JITENDRA KUMAR NAGDA', 'PYRO', 'ZRP', 'AFM (PROCESS)', NULL, NULL),
(429, 666538, 'SATYANARAYAN MEENA', 'PYRO', 'INSTRUMENTATION', 'AFM (INST)', NULL, NULL),
(430, 666567, 'MOHAMMAD SALEEM MANSOORI', 'PYRO', 'LRP', 'AFM (PROCESS)', NULL, NULL),
(431, 666570, 'VINOD KUMAR SHARMA', 'PYRO', 'LRP', 'AFM (PROCESS)', NULL, NULL),
(432, 666583, 'LABH CHAND TIWARI', 'PYRO', 'LRP', 'AFM (PROCESS)', NULL, NULL),
(433, 666606, 'JASMEEN', 'PYRO', 'MEDICAL', 'SR TR NURSE - S', NULL, NULL),
(434, 666619, 'RAMESH   NEGI', 'PYRO', 'COMMERCIAL', 'WB OPTR III', NULL, NULL),
(435, 666635, 'RAJESH GARG', 'PYRO', 'COMMERCIAL', 'TECH ASSTT  A (ELECT)', NULL, NULL),
(436, 666651, 'BALI DEVI TELI', 'PYRO', 'COMMERCIAL', 'DRESSER "A"', NULL, NULL),
(437, 666664, 'RATAN LAL GADRI', 'PYRO', 'ISF', 'PLANT OPTR II', NULL, NULL),
(438, 666677, 'BHERU LAL TELI', 'PYRO', 'ISF', 'PLANT OPTR II', NULL, NULL),
(439, 666680, 'MADHU LAL JAT', 'PYRO', 'LRP', 'PLANT OPTR II', NULL, NULL),
(440, 666693, 'SITA  HARIJAN', 'PYRO', 'MEDICAL', 'DRESSER "A"', NULL, NULL),
(441, 666729, 'MAHENDRA KUMAR GUPTA', 'PYRO', 'INSTRUMENTATION', 'TECH ASSTT  A (INST)', NULL, NULL),
(442, 666774, 'BHAGWATI PALIWAL', 'PYRO', 'COMMERCIAL', 'STENOGRAPHER-S', NULL, NULL),
(443, 666787, 'BHUPENDRA SINGH JHALA', 'PYRO', 'SALES', 'STENOGRAPHER-S', NULL, NULL),
(444, 666790, 'NARESH AMETA', 'PYRO', 'SALES', 'STENOGRAPHER-S', NULL, NULL),
(445, 666800, 'KAILASH CHANDRA PALIWAL', 'PYRO', 'ADMINISTRATION', 'STENOGRAPHER-S', NULL, NULL),
(446, 666813, 'AVR WAGHMARE', 'PYRO', 'ZRP', 'AFM (PROCESS)', NULL, NULL),
(447, 666826, 'GHANSHYAM SINGH GEHLOT', 'PYRO', 'ACID', 'PLANT OPTR II', NULL, NULL),
(448, 666855, 'CHANDRA PRAKASH SUTHAR', 'PYRO', 'CRP', 'PLANT OPTR II', NULL, NULL),
(449, 666868, 'RATAN LAL SUTHAR', 'PYRO', 'ETP', 'PLANT OPTR II', NULL, NULL),
(450, 666923, 'DALI CHAND JAT', 'PYRO', 'DG SET', 'OPTR/FITTER GRII', NULL, NULL),
(451, 666936, 'BALU LAL JAT', 'PYRO', 'MECHANICAL', 'SR HELPER (MECH)', NULL, NULL),
(452, 666952, 'GOPI LAL DHOBI', 'PYRO', 'ISF', 'OPTR GRADE I (LOADER)', NULL, NULL),
(453, 666965, 'SHANKAR LAL JAT', 'PYRO', 'MECHANICAL', 'SR HELPER (MECH)', NULL, NULL),
(454, 666981, 'NANA LAL JAT', 'PYRO', 'CRP', 'PLANT OPTR II', NULL, NULL),
(455, 667003, 'BHANWAR LAL MEENA', 'PYRO', 'ISF', 'OPTR I (F/L)', NULL, NULL),
(456, 667032, 'CHATURBHUJ BAIRWA', 'PYRO', 'LRP', 'AFM (PROCESS)', NULL, NULL),
(457, 667045, 'SUNIL RAM RATAN DONGRE', 'PYRO', 'SINTER', 'AFM (PROCESS)', NULL, NULL),
(458, 667074, 'JAIDEO SAMPATRAO CHARLEWAR', 'PYRO', 'CRP', 'AFM (PROCESS)', NULL, NULL),
(459, 667087, 'DIPAK DASHRAT NAGRALE', 'PYRO', 'LRP', 'AFM (PROCESS)', NULL, NULL),
(460, 667090, 'SATYANARAYAN MALAV', 'PYRO', 'INSTRUMENTATION', 'AFM (INST)', NULL, NULL),
(461, 667139, 'RATAN LAL ROAT', 'PYRO', 'ETP', 'AFM (PROCESS)', NULL, NULL),
(462, 667142, 'RAMPRASAD KHATIK', 'PYRO', 'SECURITY', 'SR ASSISTANT', NULL, NULL),
(463, 667168, 'LAXMAN LAL DEERA', 'PYRO', 'ELECTRICAL', 'WIREMAN B', NULL, NULL),
(464, 667171, 'JAGDISH PRASAD', 'PYRO', 'ELECTRICAL', 'WIREMAN B', NULL, NULL),
(465, 667184, 'GOPAL LAL KHATIK', 'PYRO', 'ELECTRICAL', 'WIREMAN B', NULL, NULL),
(466, 667197, 'SOHAN LAL BALAI', 'PYRO', 'ADMINISTRATION', 'SR ASSISTANT', NULL, NULL),
(467, 667207, 'MEWA LAL KHATIK', 'PYRO', 'COMMERCIAL', 'SR ASSISTANT', NULL, NULL),
(468, 667210, 'BRIJESH MATHUR', 'PYRO', 'SALES', 'SR ASSISTANT', NULL, NULL),
(469, 667223, 'RANJEET SINGH BHATI', 'PYRO', 'SALES', 'DESPATCHER-I', NULL, NULL),
(470, 667236, 'NAVEEN KUMAR ITODIA', 'PYRO', 'ADMINISTRATION', 'SR ASSISTANT', NULL, NULL),
(471, 667249, 'MOHAMMAD ALI CHHIPA', 'PYRO', 'COMMERCIAL', 'SR ASSISTANT', NULL, NULL),
(472, 667265, 'SHIVDAYAL SOMANI', 'PYRO', 'FINANCE', 'SR ASSISTANT', NULL, NULL),
(473, 667278, 'PRABHU LAL JAT', 'PYRO', 'HR', 'SR ASSISTANT', NULL, NULL),
(474, 667281, 'SITA RAM JAT', 'PYRO', 'SAFETY', 'SR ASSISTANT', NULL, NULL),
(475, 667294, 'VIRENDRA SINGH RAWAT', 'PYRO', 'MEDICAL', 'HEAD LAB TECH', NULL, NULL),
(476, 667317, 'SHOKAT HUSSAIN SHEIKH', 'PYRO', 'ELECTRICAL', 'SR ELECTRICIAN', NULL, NULL),
(477, 667320, 'SUBHAH CHANDRA NAYAK', 'PYRO', 'DG SET', 'AFM (DG SET)', NULL, NULL),
(478, 667346, 'JAGDISH CHANDRA SHARMA', 'PYRO', 'ZRP', 'PLANT OPTR II', NULL, NULL),
(479, 667359, 'KISHAN LAL JAT', 'PYRO', 'LAB SERVICES', 'SR LAB BOY', NULL, NULL),
(480, 667362, 'PRABHU LAL TELI', 'PYRO', 'LAB SERVICES', 'SR LAB BOY', NULL, NULL),
(481, 667388, 'SATYANARAYAN KHATIK', 'PYRO', 'MEDICAL', 'SR TR NURSE', NULL, NULL),
(482, 667414, 'DILIP KUMAR MORYA', 'PYRO', 'LRP', 'OPTR III (F/L)', NULL, NULL),
(483, 667427, 'SHANKAR LAL MEGHWAL', 'PYRO', 'MEDICAL', 'SR TR NURSE', NULL, NULL),
(484, 667430, 'MANISH KUMAR BHATT', 'PYRO', 'MEDICAL', 'SR TR NURSE', NULL, NULL),
(485, 667443, 'RAMKISHAN MEENA', 'PYRO', 'MEDICAL', 'SR X-RAY TECHNACIAN', NULL, NULL),
(486, 667456, 'PRAMOD KUMAR OJHA', 'PYRO', 'MECHANICAL', 'MAZDOOR III', NULL, NULL),
(487, 667469, 'RAJDEEP AMETA', 'PYRO', 'MEDICAL', 'TR NURSE', NULL, NULL),
(488, 770550, 'JAGDISH PRASAD', 'PYRO', 'COMMERCIAL', 'SR ASSISTANT-S', NULL, NULL),
(489, 770589, 'HEMANT KUMAR MATHUR', 'PYRO', 'FINANCE', 'SR ASSISTANT-S', NULL, NULL),
(490, 772354, 'PRADEEP KUMAR JAIN', 'PYRO', 'COMMERCIAL', 'JR WB ATTENDANT', NULL, NULL),
(491, 106807, 'D K R DUGGAL', 'PYRO', 'RO', 'JR EXECUTIVE PROCESS', NULL, NULL),
(492, 107039, 'R P SANADHYA', 'HYDRO1', 'SECT SERVICES', 'EXECUTIVE - SECY. SERVICES', NULL, NULL),
(493, 108177, 'ATANU BHATTACHARYA', 'HO', 'LOGISTIC', 'AGM LOGISTICS', NULL, NULL),
(494, 108449, 'T K MUKHERJEE', 'COMMON', 'HR', 'EXECUTIVE - HR', NULL, NULL),
(495, 108575, 'CHIRANJEEB JHA', 'COMMON', 'MARKETING', 'JR EXECUTIVE  LOGISTICS', NULL, NULL),
(496, 108601, 'RAJESH KUMAR BANSAL', 'PYRO', 'CIVIL', 'SR MANAGER  CIVIL', NULL, NULL),
(497, 108643, 'R P DASHORA', 'PYRO', 'CIVIL', 'ASSOCIATE MANAGER  CIVIL', NULL, NULL),
(498, 108685, 'S K SABLA', 'COMMON', 'CIVIL', 'ASSOCIATE MANAGER CIVIL', NULL, NULL),
(499, 108711, 'SC HEDA', 'COMMON', 'STORE', 'MANAGER  COMMERCIAL', NULL, NULL),
(500, 108795, 'KHUSHWANT SINGH SARDALIA', 'HO', 'SAP', 'AGM', NULL, NULL),
(501, 109273, 'MANGI LAL MENARIA', 'PYRO', 'COMMERCIAL', 'EXECUTIVE  COMMERCIAL', NULL, NULL),
(502, 109338, 'GP YADAV', 'HO', 'SAP', 'MANAGER  IT', NULL, NULL),
(503, 109464, 'RS KOLI', 'COMMON', 'COMMERCIAL', 'ASSOCIATE GM  COMMERCIAL', NULL, NULL),
(504, 109707, 'M K SAMOTA', 'PYRO', 'ELECTRICAL', 'MANAGER  ELECTRICAL', NULL, NULL),
(505, 109749, 'R BHUJANGA RAO', 'COMMON', 'MECHANICAL', 'MANAGER MECHANICAL', NULL, NULL),
(506, 109927, 'JOHN MATHEW', 'PYRO', 'ELECTRICAL', 'MANAGER  ELECTRICAL', NULL, NULL),
(507, 109943, 'DIPAK RAMAN LAL SHAH', 'COMMON', 'IT', 'ASSOCIATE GM  IT', NULL, NULL),
(508, 131296, 'CSR MEHTA', 'COMMON', 'LH-OFFICE', 'AVP', NULL, NULL),
(509, 134329, 'V K JAIN', 'HYDRO1', 'CIVIL', 'AGM (CIVIL)', NULL, NULL),
(510, 135072, 'M.K. YADAV', 'HYDRO1', 'ISO CELL I', 'ASSOCIATE GM - PROCESS', NULL, NULL),
(511, 135687, 'B K SINGH', 'PYRO', 'ENVIRONMENT', 'SR MANAGER  ENVIRONMENT', NULL, NULL),
(512, 136615, 'L SATYAVATHI', 'PYRO', 'COMMERCIAL', 'JR. EXECUTIVE', NULL, NULL),
(513, 138943, 'ARUNA CHEETA', 'COMMON', 'CSO', 'EXECUTIVE  CSR', NULL, NULL),
(514, 139337, 'SYED SHUJAT ALI', 'HYDRO1', 'COMMERCIAL', 'JR. EXECUTIVE - COMMERCIAL', NULL, NULL),
(515, 143022, 'R K VERMA', 'HYDRO1', 'LAB', 'CHEMIST', NULL, NULL),
(516, 194741, 'ASHOK KUMAR MEHTA', 'COMMON', 'FINANCE', 'MANAGER FINANCE', NULL, NULL),
(517, 199908, 'GAUTAM ROOZ', 'COMMON', 'MARKETING', 'JR EXECUTIVE   LOGISTICS', NULL, NULL),
(518, 202044, 'NARENDRA VYAS', 'PYRO', 'MECHANICAL', 'SR MANAGER  MECHANICAL', NULL, NULL),
(519, 202141, 'AK DWIVEDI', 'COMMON', 'ENVIRONMENT', 'MANAGER  ENVIRONMENT', NULL, NULL),
(520, 202400, 'SATISH SHARMA', 'PYRO', 'FINANCE', 'SR MANAGER FINANCE', NULL, NULL),
(521, 206781, 'PANKAJ KUMAWAT', 'COMMON', 'IT', 'EXECUTIVE  IT', NULL, NULL),
(522, 210887, 'PARAG KUMAR PAL', 'CPP', 'SECT SERVICES III', 'EXECUTIVE - SECY. SERVICES', NULL, NULL),
(523, 210984, 'PRADEEP KUMAR CHATURVEDI', 'COMMON', 'ADMINISTRATION', 'ASSOCIATE GM  HR', NULL, NULL),
(524, 220301, 'MAHESH PUROHIT', 'HYDRO2', 'M & C', 'EXECUTIVE - PROCESS', NULL, NULL),
(525, 220848, 'MAHESH KUMAR VIJAY', 'HYDRO1', 'CELL HOUSE', 'EXECUTIVE - PROCESS', NULL, NULL),
(526, 249405, 'GVVSN VINAYAKA RAO', 'HO', 'UNIT II', 'ASSOCIATE GM - PROCESS', NULL, NULL),
(527, 249515, 'PRADEEP KUMAR PANDEY', 'COMMON', 'HR', 'SR MANAGER - HR', NULL, NULL),
(528, 260235, 'SOM DUTT', 'COMMON', 'SECURITY', 'EXECUTIVE  SECURITY', NULL, NULL),
(529, 260329, 'P.C. KUMAWAT', 'HYDRO2', 'ROASTER', 'EXECUTIVE - PROCESS', NULL, NULL),
(530, 260507, 'A.K. SINGH', 'HYDRO1', 'L & P', 'EXECUTIVE - PROCESS', NULL, NULL),
(531, 261276, 'ANIL KUMAR CHAWLA', 'HO', 'SAP', 'ASSOCIATE GM  FINANCE', NULL, NULL),
(532, 261577, 'GIRISH BHATTARMAKKI', 'PYRO', 'COMMERCIAL', 'MANAGER  COMMERCIAL', NULL, NULL),
(533, 262330, 'SUNIPA ROY', 'COMMON', 'COMMERCIAL', 'MANAGER  COMMERCIAL', NULL, NULL),
(534, 263041, 'ANKUR GUPTA', 'HYDRO2', 'FINANCE', 'MANAGER  FINANCE', NULL, NULL),
(535, 263151, 'SWATI JAIN', 'HYDRO1', 'ROASTER', 'JR. EXECUTIVE - PROCESS', NULL, NULL),
(536, 263245, 'RAJESH PAMECHA', 'HYDRO2', 'LAB II', 'JR. CHEMIST', NULL, NULL),
(537, 263261, 'SHIJU ALEX C', 'HYDRO2', 'ELECTRICAL', 'JR. EXECUTIVE - PROCESS', NULL, NULL),
(538, 263274, 'AMIT KR. AMETA', 'HYDRO2', 'CELL HOUSE', 'EXECUTIVE - PROCESS', NULL, NULL),
(539, 263300, 'MUKESH MENARIA', 'HYDRO2', 'ELECTRICAL', 'JR. EXECUTIVE - PROCESS', NULL, NULL),
(540, 263339, 'RAJENDRA SINGH RAO', 'HYDRO2', 'ROASTER', 'JR. EXECUTIVE - PROCESS', NULL, NULL),
(541, 263630, 'KESHAB MEHAR', 'PYRO', 'MECHANICAL', 'ASSOCIATE MANAGER  MECHANICAL', NULL, NULL),
(542, 263753, 'NEERAJ JAIN', 'HYDRO1', 'INST', 'ASSOCIATE MANAGER - PROJECT', NULL, NULL),
(543, 263847, 'RAKESH ROHILA', 'HYDRO1', 'MECHANICAL', 'MANAGER - MECHANICAL', NULL, NULL),
(544, 263889, 'S.K. RAMASUBRAMANIAN', 'HYDRO2', 'INST', 'ASSOCIATE MANAGER - INST.', NULL, NULL),
(545, 264024, 'AMIT SURANA', 'HYDRO1', 'ELECTRICAL', 'ASSOCIATE MANAGER - ELECTRICAL', NULL, NULL),
(546, 264451, 'MAHESH KV CHAUDHARY', 'HYDRO2', 'INST', 'JR. EXECUTIVE - PROCESS', NULL, NULL),
(547, 264464, 'MAYANK KHANDELWAL', 'HYDRO2', 'M & C', 'JR. EXECUTIVE - PROCESS', NULL, NULL),
(548, 264480, 'BHARATI KOTHARI', 'HO', 'SAP', 'JR. EXECUTIVE - PROCESS', NULL, NULL),
(549, 264493, 'KAMARUDDIN SHEKH', 'HYDRO1', 'L & P', 'PROCESS ASSOCIATE', NULL, NULL),
(550, 264516, 'C S SWARNKAR', 'PYRO', 'AUSMELT', 'JR EXECUTIVE  PROCESS', NULL, NULL),
(551, 264613, 'MAMTA SHARMA', 'COMMON', 'HR', 'PROCESS ASSOCIATE', NULL, NULL),
(552, 264626, 'MANISH SHARMA', 'PYRO', 'AUSMELT', 'JR EXECUTIVE  PROCESS', NULL, NULL),
(553, 264697, 'SATYANARAYAN SOMANI', 'PYRO', 'ELECTRICAL', 'JR EXECUTIVE  PROCESS', NULL, NULL),
(554, 264817, 'BHARAT KUMAR SUTHAR', 'PYRO', 'AUSMELT', 'JR EXECUTIVE  PROCESS', NULL, NULL),
(555, 264833, 'HEMANT KUMAR JAIN', 'HYDRO2', 'L & P', 'EXECUTIVE - PROCESS', NULL, NULL),
(556, 264969, 'MAYANK KUMAR BHATT', 'HYDRO1', 'L & P', 'JR. EXECUTIVE - PROCESS', NULL, NULL),
(557, 264972, 'LOKESH GURJAR', 'HYDRO1', 'CELL HOUSE', 'JR. EXECUTIVE - PROCESS', NULL, NULL),
(558, 265010, 'JAI KUMAR AJMERA', 'HYDRO2', 'CELL HOUSE', 'PROCESS ASSOCIATE', NULL, NULL),
(559, 265023, 'RAJENDRA KUMAR ARYA', 'HYDRO2', 'LAB II', 'JR. EXECUTIVE - PROCESS', NULL, NULL),
(560, 265036, 'ASHISH KARWASARA', 'HYDRO2', 'L & P', 'JR. EXECUTIVE - PROCESS', NULL, NULL),
(561, 265081, 'MANISH KUMAR JAIN', 'HYDRO2', 'L & P', 'EXECUTIVE - PROCESS', NULL, NULL),
(562, 265094, 'SHALINI MEENA', 'HYDRO1', 'ELECTRICAL', 'JR  EXECUTIVE - ELECTRICAL', NULL, NULL),
(563, 265104, 'NISHA MITTAL', 'HYDRO2', 'L & P', 'JR. EXECUTIVE - PROCESS', NULL, NULL),
(564, 265117, 'TEJ KUMAR PALIWAL', 'HYDRO2', 'INST', 'JR. EXECUTIVE - PROCESS', NULL, NULL),
(565, 265120, 'MOHD. NAFIS', 'HYDRO2', 'CELL HOUSE', 'EXECUTIVE - PROCESS', NULL, NULL),
(566, 265146, 'JITENDRA PATEL', 'HYDRO2', 'L & P', 'JR. EXECUTIVE - PROCESS', NULL, NULL),
(567, 265159, 'MANISH KUMAR SHARMA', 'HYDRO1', 'CELL HOUSE', 'EXECUTIVE-PROCESS', NULL, NULL),
(568, 265175, 'GAURAV KUMAR VERMA', 'HYDRO1', 'L & P', 'PROCESS ASSOCIATE', NULL, NULL),
(569, 265191, 'TRIBHUVAN CHOUBISA', 'HYDRO1', 'L & P', 'JR. EXECUTIVE - PROCESS', NULL, NULL),
(570, 265272, 'SAUCHAND DHAKER', 'HYDRO1', 'M & C', 'JR. EXECUTIVE - PROCESS', NULL, NULL),
(571, 265324, 'NARESH KUMAR SHARMA', 'COMMON', 'SAFETY', 'PROCESS ASSOCIATE', NULL, NULL),
(572, 265515, 'NEELAM SONI', 'HYDRO1', 'LAB', 'JR. CHEMIST', NULL, NULL),
(573, 265638, 'G N PAVAN KUMAR', 'PYRO', 'INSTRUMANTATION', 'ASSOCIATE MANAGER  INST', NULL, NULL),
(574, 265735, 'K MAHESH KANAN', 'HO', 'BUSINESS EXCELLENCE', 'ASSOCIATE MANAGER PROCESS', NULL, NULL),
(575, 265803, 'REDDIKRISHNA REDDY S', 'PYRO', 'MECHANICAL', 'ASSOCIATE MANAGER  MECHANICAL', NULL, NULL),
(576, 266019, 'SANJAY PAL', 'HO', 'BUSINESS EXCELLENCE', 'ASSOCIATE GM  PROCESS', NULL, NULL),
(577, 266336, 'SUMIT GUPTA', 'PYRO', 'AUSMELT', 'ASSOCIATE MANAGER  PROCESS', NULL, NULL),
(578, 266381, 'SANTANU KU MISHRA', 'PYRO', 'ELECTRICAL', 'ASSOCIATE MANAGER  ELECTRICAL', NULL, NULL),
(579, 366569, 'ASHISH JAIN', 'COMMON', 'COMMERCIAL', 'ASSOCIATE MANAGER', NULL, NULL),
(580, 266747, 'CHAUDHARI SHYAM S', 'COMMON', 'COMMERCIAL', 'ASSOCIATE MANAGER  MECHANICAL', NULL, NULL),
(581, 267092, 'RAVI SACHDEVA', 'HYDRO1', 'INST', 'ASSOCIATE MANAGER - INST.', NULL, NULL),
(582, 267173, 'ASHOK KUMAR DHAKAR', 'HYDRO2', 'L & P', 'JR. EXECUTIVE - PROCESS', NULL, NULL),
(583, 267186, 'ASHOK KUMAR PANWAR', 'HYDRO2', 'L & P', 'JR. EXECUTIVE - PROCESS', NULL, NULL),
(584, 267209, 'DILIP KUMAR SHARMA', 'HYDRO1', 'CELL HOUSE', 'PROCESS ASSOCIATE', NULL, NULL),
(585, 267212, 'HANUMAN PRASAD GOYAL', 'HYDRO1', 'L & P', 'JR. EXECUTIVE - PROCESS', NULL, NULL),
(586, 267225, 'JITENDRA PALIWAL', 'HYDRO2', 'L & P', 'JR. EXECUTIVE - PROCESS', NULL, NULL),
(587, 267364, 'SANJAY KUMAR ROHILLA', 'HYDRO1', 'L & P', 'JR. EXECUTIVE - PROCESS', NULL, NULL),
(588, 267393, 'SUBHASH CHANDRA BADASARA', 'HYDRO2', 'CELL HOUSE', 'JR. EXECUTIVE - PROCESS', NULL, NULL),
(589, 267665, 'AMEET WALI', 'HYDRO2', 'L & P', 'ASSOCIATE MANAGER- PROCESS', NULL, NULL),
(590, 267678, 'SANJAY BHOLE', 'CPP', 'OPERATION', 'EXECUTIVE - PROCESS', NULL, NULL),
(591, 267704, 'HIREN S JAIN', 'CPP', 'OPERATION', 'EXECUTIVE - PROCESS', NULL, NULL),
(592, 267898, 'PIYUSH KUMAR GOKHAROO', 'HYDRO1', 'M & C', 'PROCESS ASSOCIATE', NULL, NULL),
(593, 267911, 'CHETAN CHHIPA', 'HYDRO2', 'ELECTRICAL', 'JR EXECUTIVE-PROCESS', NULL, NULL),
(594, 267937, 'JITENDRA KUMAWAT', 'HYDRO1', 'CELL HOUSE', 'PROCESS ASSOCIATE', NULL, NULL),
(595, 267995, 'RAHUL SHARMA', 'HYDRO1', 'CELL HOUSE', 'PROCESS ASSOCIATE', NULL, NULL),
(596, 268004, 'RAJESH SONI', 'HYDRO1', 'ROASTER', 'JR. EXECUTIVE - PROCESS', NULL, NULL),
(597, 268020, 'RAVISHANKAR SHARMA', 'HYDRO2', 'CELL HOUSE', 'PROCESS ASSOCIATE', NULL, NULL),
(598, 268075, 'SUNITA JADIYA', 'HYDRO1', 'CELL HOUSE', 'PROCESS ASSOCIATE', NULL, NULL),
(599, 268091, 'SUNDEEP GIL', 'HYDRO2', 'INST', 'JR. EXECUTIVE - PROCESS', NULL, NULL),
(600, 268185, 'ANAMIKA CHANDALIYA', 'COMMON', 'COMMERCIAL', 'ASSOCIATE MANAGER', NULL, NULL),
(601, 268363, 'VIVEK YADAV', 'HYDRO1', 'MECHANICAL', 'ASSOCIATE MANAGER - MECHANICAL', NULL, NULL),
(602, 268460, 'KUSHAL MEHTA', 'HO', 'SAP', 'ASSOCIATE MANAGER - SAP', NULL, NULL),
(603, 268567, 'AJAYANDRA KUMAR SINGH', 'HO', 'ELECTRICAL', 'ASSOCIATE GM - ELECTRICAL', NULL, NULL),
(604, 268952, 'MUKESH KUMAR', 'PYRO', 'AUSMELT', 'ASSOCIATE MANAGER  PROCESS', NULL, NULL),
(605, 269032, 'RATI KANTA ROY', 'PYRO', 'ELECTRICAL', 'ASSOCIATE MANAGER  ELECTRICAL', NULL, NULL),
(606, 269045, 'RAVI NAHATA', 'COMMON', 'COMMERCIAL', 'ENGINEER', NULL, NULL),
(607, 269197, 'VIJAY NALWAYA', 'PYRO', 'MECHANICAL', 'ASSOCIATE MANAGER  MECHANICAL', NULL, NULL),
(608, 269210, 'V S S  NAGARAJU THOTA', 'PYRO', 'AUSMELT', 'ASSOCIATE MANAGER  PROCESS', NULL, NULL),
(609, 269333, 'YASHPAL SINGH RANAWAT', 'HO', 'LOGISTIC', 'JR EXECUTIVE  LOGISTICS', NULL, NULL),
(610, 269359, 'V. JAYARAMAN', 'CPP', 'UNIT-HEAD', 'GM', NULL, NULL),
(611, 269362, 'M NAMBI', 'HO', 'BUSINESS EXCELLENCE', 'EXECUTIVE  TECHNICAL SERVICES', NULL, NULL),
(612, 269391, 'VINOD KUMAR SHARMA', 'COMMON', 'COMMERCIAL', 'ASSOCIATE MANAGER  MECHANICAL', NULL, NULL),
(613, 269922, 'MRITYUNJOY MAHATO', 'HYDRO2', 'INST', 'ASSOCIATE MANAGER  - INSTRUMEN', NULL, NULL),
(614, 270539, 'MEERA HUSSAIN SHAIK', 'PYRO', 'AUSMELT', 'ENGINEER  PROCESS', NULL, NULL),
(615, 270694, 'PRITESH KUMAR RAJORE', 'PYRO', 'MECHANICAL', 'ENGINEER  MECHANICAL', NULL, NULL),
(616, 270843, 'VIBHOR SINGHAL', 'HYDRO1', 'ELECTRICAL', 'ASSOCIATE MANAGER  - ELECTRICAL', NULL, NULL),
(617, 270898, 'PAVAN DODDIHAL', 'COMMON', 'COMMERCIAL', 'GENERAL MANAGER - COMMERCIAL', NULL, NULL),
(618, 270982, 'CHANDI PRASAD DAS', 'HYDRO2', 'ELECTRICAL', 'ASSOCIATE MANAGER - ELECTRICAL', NULL, NULL),
(619, 271075, 'KULDEEP  AMETA', 'HYDRO2', 'MECHANICAL', 'ASSOCIATE MANAGER - MECHANICAL', NULL, NULL);
INSERT INTO `hz_employees` (`id`, `empid`, `empname`, `unit`, `department`, `designation`, `email`, `location`) VALUES
(620, 271282, 'SUHAS C.A.', 'HYDRO2', 'MECHANICAL', 'ASSOCIATE MANAGER - MECHANICAL', NULL, NULL),
(621, 271376, 'MADAN SINGH BHADORIA', 'CPP', 'OPERATION', 'MANAGER - MECHANICAL', NULL, NULL),
(622, 271499, 'GOURAV BAJPAI', 'HYDRO2', 'CELL HOUSE', 'ASSOCIATE MANAGER - PROCESS', NULL, NULL),
(623, 271606, 'AMBIKA', 'HYDRO2', 'CELL HOUSE', 'ASSOCIATE MANAGER - PROCESS', NULL, NULL),
(624, 271619, 'HALA KHAN', 'COMMON', 'COMMERCIAL', 'ASSOCIATE MANAGER  COMMERCIAL', NULL, NULL),
(625, 271716, 'NITIN SOMPURA', 'HYDRO1', 'INST', 'ASSOCIATE MANAGER - INSTRUMENT', NULL, NULL),
(626, 271758, 'R RAVI KUMAR', 'HYDRO2', 'L & P', 'ASSOCIATE MANAGER - PROCESS', NULL, NULL),
(627, 271761, 'RAHUL BHARDWAJ', 'HYDRO1', 'MECHANICAL', 'ASSOCIATE MANAGER - MECHANICAL', NULL, NULL),
(628, 271813, 'RAMANJI GUTHA', 'HYDRO2', 'LAB', 'JR. CHEMIST', NULL, NULL),
(629, 271826, 'RUCHIN JAIN', 'HYDRO2', 'MECHANICAL', 'ASSOCIATE MANAGER - MECHANICAL', NULL, NULL),
(630, 271842, 'SAURABH SINGHAL', 'HYDRO1', 'ELECTRICAL', 'ENGINEER - ELECTRICAL', NULL, NULL),
(631, 271868, 'SHAILENDRA JAIN', 'HYDRO2', 'INST', 'ENGINEER - INSTRUMENTATION', NULL, NULL),
(632, 271949, 'TARUN KUMAR SHARMA', 'HYDRO1', 'L & P', 'ENGINEER - PROCESS', NULL, NULL),
(633, 271978, 'SULTAN MOHIDDIN', 'HYDRO1', 'MECHANICAL', 'ASSOCIATE MANAGER - MECHANICAL', NULL, NULL),
(634, 271981, 'VIJENDRA SINGH', 'PYRO', 'ELECTRICAL', 'ASSOCIATE MANAGER  ELECTRICAL', NULL, NULL),
(635, 271994, 'VIKAS KUMAR SHARMA', 'HYDRO2', 'LAB', 'JR. CHEMIST', NULL, NULL),
(636, 272016, 'VINAY KUMAR YELSANI', 'HYDRO1', 'ROASTER', 'ASSOCIATE MANAGER- PROCESS', NULL, NULL),
(637, 272061, 'MADAN YADAV', 'HYDRO2', 'MECHANICAL', 'ASSOCIATE MANAGER-MECHANICAL', NULL, NULL),
(638, 272087, 'RICHA RANI', 'HYDRO2', 'INST', 'ASSOCIATE MANAGER - INSTRUMENT', NULL, NULL),
(639, 272155, 'SANJAY MANUBHAI PARMAR', 'PYRO', 'AUSMELT', 'EXECUTIVE  PROCESS', NULL, NULL),
(640, 272168, 'SHAILENDRA KUMAR', 'PYRO', 'AUSMELT', 'MANAGER  PROCESS', NULL, NULL),
(641, 272210, 'V. RAJENDRAN', 'HYDRO1', 'INST', 'ENGINEER - INSTRUMENTATION', NULL, NULL),
(642, 272223, 'DAKSHIMA BOLIA', 'HYDRO2', 'ROASTER', 'PROCESS ASSOCIATE', NULL, NULL),
(643, 272236, 'MADHUBALA BADGURJAR', 'COMMON', 'MARKETING', 'ASSOCIATE LOGISTICS', NULL, NULL),
(644, 272281, 'CHANDRIKA SHARMA', 'HYDRO1', 'ROASTER', 'PROCESS ASSOCIATE', NULL, NULL),
(645, 272333, 'MONIKA SHRIVASTAVA', 'HYDRO1', 'CELL HOUSE', 'PROCESS ASSOCIATE', NULL, NULL),
(646, 272346, 'USHA SHARMA', 'COMMON', 'SAFETY', 'PROCESS ASSOCIATE', NULL, NULL),
(647, 272359, 'RASHMI NIBHERIYA', 'HYDRO2', 'ROASTER', 'PROCESS ASSOCIATE', NULL, NULL),
(648, 272362, 'RASHMI AGARWAL', 'HYDRO2', 'PROD PLANNING ', 'PROCESS ASSOCIATE', NULL, NULL),
(649, 272430, 'ESHWAR SINGH BHANAWAT', 'COMMON', 'MEDICAL', 'PROCESS ASSOCIATE', NULL, NULL),
(650, 272433, 'MUKESH CHANDRA PARGI', 'HYDRO2', 'CELL HOUSE', 'PROCESS ASSOCIATE', NULL, NULL),
(651, 272469, 'NITIN SHARMA', 'HYDRO2', 'ROASTER', 'PROCESS ASSOCIATE', NULL, NULL),
(652, 272498, 'VISHAL SOMANI', 'HYDRO2', 'MECHANICAL', 'PROCESS ASSOCIATE', NULL, NULL),
(653, 272508, 'ASHISH KUMAR SAHLOT', 'HYDRO1', 'ROASTER', 'PROCESS ASSOCIATE', NULL, NULL),
(654, 272511, 'VIKAS GELDA', 'HYDRO1', 'ROASTER', 'PROCESS ASSOCIATE', NULL, NULL),
(655, 272524, 'BHAGWAN LAL DHAKAR', 'HYDRO1', 'ROASTER', 'PROCESS ASSOCIATE', NULL, NULL),
(656, 272537, 'ABHAY SINGH RATHORE', 'HYDRO2', 'ROASTER', 'PROCESS ASSOCIATE', NULL, NULL),
(657, 272533, 'MAHESH KR. SHARMA', 'HYDRO2', 'ROASTER', 'PROCESS ASSOCIATE', NULL, NULL),
(658, 272566, 'LOKENDAR SINGH', 'HYDRO1', 'ROASTER', 'PROCESS ASSOCIATE', NULL, NULL),
(659, 272579, 'BHERU LAL JAT', 'HYDRO1', 'ROASTER', 'PROCESS ASSOCIATE', NULL, NULL),
(660, 272582, 'PANKAJ SANWARIA', 'HYDRO2', 'INST', 'PROCESS ASSOCIATES', NULL, NULL),
(661, 272621, 'VIJAY KUMAR YADAV', 'HYDRO2', 'ROASTER', 'PROCESS ASSOCIATE', NULL, NULL),
(662, 272663, 'SANJAY KUMAR BHARGAV', 'HYDRO2', 'M & C', 'PROCESS ASSOCIATE', NULL, NULL),
(663, 272689, 'PAWAN KUMAR', 'HYDRO2', 'ELECTRICAL', 'PROCESS ASSOCIATE', NULL, NULL),
(664, 272692, 'NARENDRA KUMAR PALIWAL', 'HYDRO2', 'INST', 'PROCESS ASSOCIATE', NULL, NULL),
(665, 272702, 'NARENDRA KUMAR NAGAR', 'HYDRO1', 'ROASTER', 'PROCESS ASSOCIATE', NULL, NULL),
(666, 272715, 'MUKUL PARIK', 'HYDRO2', 'ROASTER', 'PROCESS ASSOCIATE', NULL, NULL),
(667, 272760, 'JITENDRA KUMAR PAREEK', 'HYDRO2', 'ROASTER', 'PROCESS ASSOCIATE', NULL, NULL),
(668, 272799, 'GAJENDRA SINGH RAJAWAT', 'HYDRO2', 'L & P', 'JR EXECUTIVE-PROCESS', NULL, NULL),
(669, 272825, 'DEVENDRA KUMAR', 'COMMON', 'MARKETING', 'PROCESS ASSOCIATE', NULL, NULL),
(670, 272838, 'CHETAN KUMAR ACHARYA', 'HYDRO2', 'ROASTER', 'PROCESS ASSOCIATE', NULL, NULL),
(671, 272854, 'CHANDRA PRAKASH  GUPTA', 'HYDRO1', 'ROASTER', 'PROCESS ASSOCIATE', NULL, NULL),
(672, 272883, 'ARVIND KUMAR CHAUDHARI', 'HYDRO1', 'ROASTER', 'PROCESS ASSOCIATE', NULL, NULL),
(673, 272922, 'AJEET KUMAR BANSAL', 'HYDRO2', 'ROASTER', 'PROCESS ASSOCIATE', NULL, NULL),
(674, 273002, 'ANIL INANI', 'PYRO', 'INST', 'ENGINEER  INSTRUMENTATION', NULL, NULL),
(675, 273073, 'KRISHNAVTAR GOYAL', 'HO', 'OPERATION', 'ASSOCIATE MANAGER - POWER', NULL, NULL),
(676, 273345, 'SOHAN SINGH RATHORE', 'HYDRO1', 'CELL HOUSE', 'PROCESS ASSOCIATE', NULL, NULL),
(677, 273358, 'RAJENDRA SINGH DEVRA', 'HYDRO2', 'CELL HOUSE', 'PROCESS ASSOCIATE', NULL, NULL),
(678, 273361, 'NARENDRA SINGH GEHLOT', 'HYDRO2', 'INST', 'PROCESS ASSOCIATE', NULL, NULL),
(679, 273455, 'SANDEEP SINGH PARMAR', 'HYDRO1', 'M & C', 'PROCESS ASSOCIATE', NULL, NULL),
(680, 273468, 'SADASHIV PATIDAR', 'HYDRO1', 'CELL HOUSE', 'PROCESS ASSOCIATE', NULL, NULL),
(681, 273507, 'RAJESH KUMAR', 'COMMON', 'MARKETING', 'PROCESS ASSOCIATE', NULL, NULL),
(682, 273536, 'PUSHKAR SINGH CHUNDAWAT', 'COMMON', 'LABORATORY', 'PROCESS ASSOCIATE', NULL, NULL),
(683, 273549, 'PANKAJ KUMAR GARG', 'HYDRO2', 'INST', 'PROCESS ASSOCIATE', NULL, NULL),
(684, 273578, 'NIKHIL KUMAR VERMA', 'HYDRO1', 'CELL HOUSE', 'PROCESS ASSOCIATE', NULL, NULL),
(685, 273581, 'NAGESH JANGID', 'HYDRO1', 'M & C', 'PROCESS ASSOCIATE', NULL, NULL),
(686, 273594, 'MUKESH', 'HYDRO2', 'INST', 'PROCESS ASSOCIATE', NULL, NULL),
(687, 273604, 'MAHIPAL SINGH SISODIA', 'HYDRO2', 'ROASTER', 'PROCESS ASSOCIATE', NULL, NULL),
(688, 273620, 'MAHAVEER KUMAR TAILOR', 'HYDRO2', 'MECHANICAL', 'PROCESS ASSOCIATE', NULL, NULL),
(689, 273659, 'KARUN JAIN', 'HYDRO2', 'MECHANICAL', 'PROCESS ASSOCIATE', NULL, NULL),
(690, 273727, 'DEEPAK MEWARA', 'HYDRO1', 'CELL HOUSE', 'PROCESS ASSOCIATE', NULL, NULL),
(691, 273769, 'BALKISHAN JOSHI', 'HYDRO2', 'L & P', 'PROCESS ASSOCIATE', NULL, NULL),
(692, 273772, 'BACHCHU SINGH TANWAR', 'HYDRO2', 'LAB', 'PROCESS ASSOCIATE', NULL, NULL),
(693, 273785, 'ASLAM PARVEJ', 'HYDRO2', 'LAB', 'PROCESS ASSOCIATE', NULL, NULL),
(694, 273808, 'ANKUR KUMAR', 'HYDRO1', 'L & P', 'PROCESS ASSOCIATE', NULL, NULL),
(695, 273811, 'ANKUR CHATURVEDI', 'HYDRO2', 'L ', 'PROCESS ASSOCIATE', NULL, NULL),
(696, 273866, 'SAROJ RATHORE', 'COMMON', 'MARKETING', 'PROCESS ASSOCIATE', NULL, NULL),
(697, 273879, 'SARITA PALIWAL', 'HYDRO1', 'L & P', 'PROCESS ASSOCIATE', NULL, NULL),
(698, 273934, 'DEEPIKA JADHAV', 'HYDRO1', 'PROD PLANNING ', 'JR. EXECUTIVE', NULL, NULL),
(699, 273947, 'BABITA KUMARI', 'HYDRO1', 'CELL HOUSE', 'PROCESS ASSOCIATE', NULL, NULL),
(700, 273963, 'ABHILASHA OJHA', 'HYDRO1', 'ISO', 'PROCESS ASSOCIATE', NULL, NULL),
(701, 273992, 'KAUSER JAHAN FATIMA', 'COMMON', 'MARKETING', 'PROCESS ASSOCIATE', NULL, NULL),
(702, 274111, 'REENA JAIN', 'HYDRO2', 'LAB', 'PROCESS ASSOCIATE', NULL, NULL),
(703, 274124, 'JUHI MAHAWAR', 'HYDRO2', 'CELL HOUSE', 'PROCESS ASSOCIATE', NULL, NULL),
(704, 274179, 'ANTIMA POKHARNA', 'HYDRO2', 'L & P', 'PROCESS ASSOCIATE', NULL, NULL),
(706, 274195, 'PRIYANKA SWAMI', 'HYDRO2', 'LAB', 'PROCESS ASSOCIATE', NULL, NULL),
(707, 274218, 'SUNIL JOSHI', 'HYDRO2', 'INST', 'PROCESS ASSOCIATE', NULL, NULL),
(708, 274250, 'HARISH CHATURVEDI', 'HYDRO2', 'EOHS ', 'PROCESS ASSOCIATE', NULL, NULL),
(709, 274315, 'SWAROOP SINGH RATHORE', 'HYDRO1', 'M & C', 'PROCESS ASSOCIATE', NULL, NULL),
(710, 274360, 'MEHENDRA KUMAR', 'HYDRO2', 'CELL HOUSE', 'PROCESS ASSOCIATE', NULL, NULL),
(711, 274399, 'SAURABH SAXENA', 'HYDRO2', 'L & P', 'JR EXECUTIVE-PROCESS', NULL, NULL),
(712, 274438, 'RAVI TRIVEDI', 'HYDRO2', 'L & P', 'PROCESS ASSOCIATE', NULL, NULL),
(713, 274467, 'CHANDRA SHEKHAR JAIMAN', 'HYDRO2', 'L & P', 'PROCESS ASSOCIATE', NULL, NULL),
(714, 274470, 'JOGENDRA SINGH', 'HYDRO1', 'L & P', 'PROCESS ASSOCIATE', NULL, NULL),
(715, 274564, 'SANDEEP KUMAWAT', 'HYDRO2', 'L & P', 'JR EXECUTIVE-PROCESS', NULL, NULL),
(716, 274603, 'DINESH SHARMA', 'HYDRO1', 'M & C', 'PROCESS ASSOCIATE', NULL, NULL),
(717, 274629, 'KAPIL KAUSHIK', 'HYDRO1', 'ROASTER', 'PROCESS ASSOCIATE', NULL, NULL),
(718, 274661, 'SHRIKANT VERMA', 'HYDRO1', 'CELL HOUSE', 'PROCESS ASSOCIATE', NULL, NULL),
(719, 274674, 'PAWAN KUMAR KATNAWLIA', 'HYDRO1', 'CELL HOUSE', 'PROCESS ASSOCIATE', NULL, NULL),
(720, 274700, 'CHETAN PRAKASH ABASRA', 'HYDRO1', 'CELL HOUSE', 'PROCESS ASSOCIATE', NULL, NULL),
(721, 274645, 'PROCESS ASSOCIATE', 'HYDRO2', 'M & C', 'PROCESS ASSOCIATE', NULL, NULL),
(722, 274742, 'GAUTAM RAWAL', 'HYDRO2', 'CELL HOUSE', 'PROCESS ASSOCIATE', NULL, NULL),
(723, 274755, 'MURLI MANOHAR DARJI', 'HYDRO1', 'CELL HOUSE', 'PROCESS ASSOCIATE', NULL, NULL),
(724, 247768, 'RAKESH GOSWAMI', 'HYDRO1', 'CELL HOUSE', 'PROCESS ASSOCIATE', NULL, NULL),
(725, 274784, 'SITANGSHU PAUL', 'HYDRO1', 'INST', 'ASSOCIATE MANAGER - INST.', NULL, NULL),
(726, 274865, 'ASHOK KUMAR KUMAWAT', 'HYDRO2', 'LAB', 'JR. CHEMIST', NULL, NULL),
(727, 274904, 'RAJESH KUNDU', 'HO', 'BUSINESS EXCELLENCE', 'GENERAL MANAGER', NULL, NULL),
(728, 274946, 'YVP RAGHVAN PANCHANGAM', 'CPP', 'OPERATION', 'ASSOCIATE MANAGER - CPP', NULL, NULL),
(729, 274988, 'SHIVEN DEEP MISHRA', 'HYDRO1', 'CELL HOUSE', 'JR. EXECUTIVE - PROCESS', NULL, NULL),
(730, 275071, 'VINEET KUMAR JAIN', 'PYRO', 'PRODUCTION OFFICE', 'ASSOCIATE MANAGER  PROCESS', NULL, NULL),
(731, 275097, 'NEERAJ VISHWAKARMA', 'HYDRO2', 'ELECTRICAL', 'ENGINEER - ELECTRICAL', NULL, NULL),
(732, 275178, 'AKHILESH SHUKLA', 'HYDRO1', 'UNIT-HEAD', 'AVP', NULL, NULL),
(733, 275204, 'BHARAT KATHIRIYA', 'CPP', 'FINANCE', 'ASSOCIATE MANAGER', NULL, NULL),
(734, 275437, 'SATYA NARAYAN PUROHIT', 'HYDRO2', 'ROASTER', 'PROCESS ASSOCIATE', NULL, NULL),
(735, 275479, 'DEVI SINGH CHOUHAN', 'HYDRO1', 'L & P', 'JR EXECUTIVE-PROCESS', NULL, NULL),
(736, 275770, 'PRABHANSHU KHARE', 'PYRO', 'INST', 'ENGINEER  INSTRUMENTATION', NULL, NULL),
(737, 275880, 'SAPAN GUJRATI', 'HYDRO2', 'MECHANICAL', 'ENGINEER - MECHANICAL', NULL, NULL),
(738, 276067, 'GHADIYALI PUNITA KANAIYALAL', 'HYDRO1', 'L & P', 'ENGINEER - PROCESS', NULL, NULL),
(739, 276313, 'ASHISH SARUPRIYA', 'HYDRO2', 'ELECTRICAL', 'ENGINEER - ELECTRICAL', NULL, NULL),
(740, 276465, 'LOKESH PRAJAPATI', 'HYDRO2', 'MECHANICAL', 'ENGINEER - MECHANICAL', NULL, NULL),
(741, 276672, 'RICHA SHRIVASTAVA', 'COMMON', 'COMMERCIAL', 'EXECUTIVE COMMERCIAL', NULL, NULL),
(742, 276847, 'VINAY KANTHALIA', 'PYRO', 'ACID', 'ENGINEER  PROCESS', NULL, NULL),
(743, 277008, 'JITENDRA KUMAR RAJPUROHIT', 'COMMON', 'MARKETING', 'PROCESS ASSOCIATE', NULL, NULL),
(744, 277053, 'BEULAH MANI.J.', 'COMMON', 'HR', 'EXECUTIVE - HR', NULL, NULL),
(745, 277134, 'CHETAN M MORZARIA', 'COMMON', 'FINANCE', 'ASSOCIATE MANAGER  FINANCE', NULL, NULL),
(746, 277309, 'A CHANDRA SEKHAR', 'PYRO', 'INST', 'ENGINEER  INSTRUMENTATION', NULL, NULL),
(747, 277370, 'ANTARA KAVADIA', 'HO', 'SAP', 'ENGINEER - IT', NULL, NULL),
(748, 277383, 'ASHISH GUPTA', 'HYDRO2', 'ELECTRICAL', 'ENGINEER - ELECTRICAL', NULL, NULL),
(749, 277493, 'INDRANIL MAITY', 'HO', 'COMMERCIAL', 'EXECUTIVE - COMMERCIAL', NULL, NULL),
(750, 277545, 'KRITIKA SHARMA', 'HO', 'COMMERCIAL', 'EXECUTIVE', NULL, NULL),
(751, 277626, 'P YOGANAND', 'HYDRO2', 'MECHANICAL', 'ENGINEER - MECHANICAL', NULL, NULL),
(752, 277668, 'R BALACHANDAR', 'HYDRO2', 'INST', 'ENGINEER - INSTRUMENTATION', NULL, NULL),
(753, 277707, 'RAVI GOYAL', 'PYRO', 'ELECTRICAL', 'ENGINEER  ELECTRICAL', NULL, NULL),
(754, 277710, 'RISHI SHARMA', 'HYDRO2', 'ELECTRICAL', 'ASSOCIATE MANAGER- ELECTRICAL', NULL, NULL),
(755, 278395, 'VIJAY KUMAR YADAW', 'PYRO', 'INST', 'ENGINEER  INST', NULL, NULL),
(756, 278418, 'HARISHANKAR AGNIHOTRI', 'HYDRO1', 'INST', 'ENGINEER - INSTRUMENTATION', NULL, NULL),
(757, 278421, 'SRIKANTH J', 'HYDRO1', 'INST', 'ENGINEER - INSTRUMENTATION', NULL, NULL),
(758, 278489, 'HITESH L S UPADHYAYA', 'PYRO', 'AUSMELT', 'ENGINEER  PROCESS', NULL, NULL),
(759, 278719, 'ASHISH TAYAL', 'HYDRO2', 'FINANCE', 'ASSOCIATE MANAGER - FINANCE', NULL, NULL),
(760, 278777, 'ASHUTOSH BARMAIYA', 'COMMON', 'SECURITY', 'JR SECURITY OFFICER', NULL, NULL),
(761, 278816, 'ANAMIKA DAS', 'COMMON', 'SECURITY', 'JR SECURITY OFFICER', NULL, NULL),
(762, 278955, 'GAURAV SHARMA', 'HYDRO2', 'CIVIL', 'ENGINEER - CIVIL', NULL, NULL),
(763, 279080, 'VIPIN BANSAL', 'CPP', 'OPERATION', 'ENGINEER - INSTRUMENTATION', NULL, NULL),
(764, 279145, 'GUNJAN DUBEY', 'COMMON', 'LABORATORY', 'JR CHEMIST', NULL, NULL),
(765, 279158, 'MD ZEESHAN', 'COMMON', 'LABORATORY', 'JR CHEMIST', NULL, NULL),
(766, 279242, 'DIPEN SOLANKI', 'HYDRO1', 'MECHANICAL', 'ENGINEER - MECHANICAL', NULL, NULL),
(767, 279695, 'SWATI SHARMA', 'HYDRO1', 'ELECTRICAL', 'ENGINEER - ELECTRICAL', NULL, NULL),
(768, 279747, 'MAYANK KUMAR SHARMA', 'HYDRO2', 'ELECTRICAL', 'ENGINEER - ELECTRICAL', NULL, NULL),
(769, 279938, 'SHAIK SAIDAVALI', 'PYRO', 'LRP', 'ENGINEER  PROCESS', NULL, NULL),
(770, 280422, 'VIJIT VINAYAKA', 'HYDRO2', 'MECHANICAL', 'ENGINEER - MECHANICAL', NULL, NULL),
(771, 280464, 'SAURAV MATHUR', 'COMMON', 'COMMERCIAL', 'EXECUTIVE  COMMERCIAL', NULL, NULL),
(772, 280477, 'TEENA SHARMA', 'COMMON', 'COMMERCIAL', 'ENGINEER - MECHANICAL', NULL, NULL),
(773, 280684, 'CHANDANA.K.R.', 'HYDRO1', 'ROASTER', 'ENGINEER - PROCESS', NULL, NULL),
(774, 281214, 'MAYANK BHATT', 'COMMON', 'COMMERCIAL', 'PROCESS ASSOCIATE', NULL, NULL),
(775, 281230, 'RATAN LAL VAISHNAV', 'HYDRO1', 'COMMERCIAL', 'PROCESS ASSOCIATE', NULL, NULL),
(776, 281269, 'PANKAJ VERMA', 'HO', 'BUSINESS EXCELLENCE', 'AGM(OPERATION ', NULL, NULL),
(777, 281272, 'INDRAJEET SINGH', 'COMMON', 'SECURITY', 'JR SECURITY OFFICER', NULL, NULL),
(778, 281298, 'PUSHKAR DADHEECH', 'COMMON', 'SECURITY', 'JR SECURITY OFFICER', NULL, NULL),
(779, 281311, 'RAVI KHOKAWAT', 'COMMON', 'SECURITY', 'JR SECURITY OFFICER', NULL, NULL),
(780, 281434, 'PRATIBHA NUNIA', 'HO', 'COMMERCIAL', 'PROCESS ASSOCIATE', NULL, NULL),
(781, 281463, 'MANJU BHOI', 'HYDRO2', 'CELL HOUSE', 'PROCESS ASSOCIATE', NULL, NULL),
(782, 281560, 'TEENA KHOIWAL', 'HYDRO2', 'LAB', 'PROCESS ASSOCIATE', NULL, NULL),
(783, 281573, 'DURGA GEHLOT', 'HYDRO1', 'L & P', 'B.SC TRAINEE', NULL, NULL),
(784, 281586, 'CHANDRA PRAKASH SHARMA', 'HYDRO2', 'ROASTER', 'PROCESS ASSOCIATE', NULL, NULL),
(785, 281599, 'JAI SINGH PANWAR', 'HYDRO2', 'ROASTER', 'PROCESS ASSOCIATE', NULL, NULL),
(786, 281609, 'KISHOREE LAL KUMAWAT', 'HYDRO1', 'ROASTER', 'PROCESS ASSOCIATE', NULL, NULL),
(787, 281696, 'SUMER SINGH', 'HYDRO1', 'L & P', 'PROCESS ASSOCIATE', NULL, NULL),
(788, 281777, 'BASTI RAM', 'HYDRO1', 'L & P', 'PROCESS ASSOCIATE', NULL, NULL),
(789, 281793, 'ASHOK KUMAR NAGAR', 'HYDRO1', 'ROASTER', 'PROCESS ASSOCIATE', NULL, NULL),
(790, 281832, 'SUNITA DHAKER', 'HYDRO1', 'L & P', 'B.SC TRAINEE', NULL, NULL),
(791, 281845, 'SOHAIL AHMED', 'HYDRO2', 'L & P', 'PROCESS ASSOCIATE', NULL, NULL),
(792, 281997, 'YASHWANT KUMAR', 'HYDRO2', 'ROASTER', 'PROCESS ASSOCIATE', NULL, NULL),
(793, 282006, 'KAILASH CHAND REGAR', 'HYDRO2', 'L & P', 'PROCESS ASSOCIATE', NULL, NULL),
(794, 282064, 'KUSHAL KUMAR LAKHARA', 'HYDRO1', 'ROASTER', 'PROCESS ASSOCIATE', NULL, NULL),
(795, 282080, 'JAWAN SINGH RATHORE', 'HYDRO1', 'ROASTER', 'PROCESS ASSOCIATE', NULL, NULL),
(796, 282103, 'SANWARIYA SHARMA', 'HYDRO2', 'ROASTER', 'PROCESS ASSOCIATE', NULL, NULL),
(797, 282129, 'DHEERAJ KUMAR AIRN', 'HYDRO1', 'L & P', 'PROCESS ASSOCIATE', NULL, NULL),
(798, 282161, 'NARESH PUNGLIYA', 'HYDRO1', 'INST', 'PROCESS ASSOCIATE', NULL, NULL),
(799, 282187, 'VIJETA NEBHNANI', 'HYDRO2', 'CELL HOUSE', 'PROCESS ASSOCIATE', NULL, NULL),
(800, 282242, 'RAVINDRA KUMAR JAIN', 'HYDRO2', 'MECHANICAL', 'PROCESS ASSOCIATE', NULL, NULL),
(801, 282284, 'PATWA, DURGESH', 'HYDRO1', 'ELECTRICAL', 'PROCESS ASSOCIATE', NULL, NULL),
(802, 282352, 'BHUMIKA CHOUHAN', 'HYDRO1', 'INST', 'BSC TRAINEE', NULL, NULL),
(803, 282653, 'ARIF ALI', 'HYDRO2', 'MECHANICAL', 'PROCESS ASSOCIATES', NULL, NULL),
(804, 282776, 'DHRUVENDRA PARASHAR', 'HYDRO2', 'MECHANICAL', 'PROCESS ASSOCIATE', NULL, NULL),
(805, 283801, 'AQUEEL SHARIF L', 'HYDRO1', 'MECHANICAL', 'PROCESS ASSOCIATE', NULL, NULL),
(806, 284091, 'ANAND SONI', 'COMMON', 'SAFETY', 'PROCESS ASSOCIATE', NULL, NULL),
(807, 284509, 'BILKISH BANU', 'HYDRO1', 'CELL HOUSE', 'PROCESS ASSOCIATE', NULL, NULL),
(808, 284538, 'VIKASH MISHRA', 'HYDRO1', 'CELL HOUSE', 'PROCESS ASSOCIATE', NULL, NULL),
(809, 284541, 'AJAYDEEP HADA', 'HYDRO2', 'L & P', 'PROCESS ASSOCIATE', NULL, NULL),
(810, 284567, 'SUNIL CHOUDHARY', 'HYDRO2', 'CELL HOUSE', 'PROCESS ASSOCIATE', NULL, NULL),
(811, 284596, 'CHUNNI LAL', 'HYDRO1', 'ROASTER', 'PROCESS ASSOCIATE', NULL, NULL),
(812, 284648, 'VIPIN KUMAR', 'HYDRO2', 'CELL HOUSE', 'PROCESS ASSOCIATE', NULL, NULL),
(813, 284664, 'RAJESH DABI', 'HYDRO2', 'L & P', 'PROCESS ASSOCIATE', NULL, NULL),
(814, 284680, 'SUMER SINGH', 'HYDRO1', 'CELL HOUSE', 'B.SC TRAINEE', NULL, NULL),
(815, 284703, 'LABHCHAND SONI', 'HYDRO2', 'CELL HOUSE', 'PROCESS ASSOCIATE', NULL, NULL),
(816, 284716, 'PRAKASH CHANDRA BHAMBI', 'HYDRO1', 'CELL HOUSE', 'PROCESS ASSOCIATE', NULL, NULL),
(817, 284732, 'DEEPAK SINGH RATHORE', 'HYDRO1', 'ROASTER', 'PROCESS ASSOCIATE', NULL, NULL),
(818, 284774, 'DHANRAJ', 'HYDRO1', 'CELL HOUSE', 'PROCESS ASSOCIATE', NULL, NULL),
(819, 284910, 'SURBHI TOSHNIWAL', 'HYDRO2', 'CELL HOUSE', 'PROCESS ASSOCIATE', NULL, NULL),
(820, 284978, 'SHIVJI LAL NAGAR', 'HYDRO2', 'CELL HOUSE', 'PROCESS ASSOCIATE', NULL, NULL),
(821, 285032, 'MANISH SHARMA', 'HYDRO1', 'CELL HOUSE', 'PROCESS ASSOCIATE', NULL, NULL),
(822, 285045, 'RITU SHARMA', 'HYDRO2', 'CELL HOUSE', 'B.SC TRAINEE', NULL, NULL),
(823, 285061, 'SHWETA PALIWAL', 'HYDRO1', 'CELL HOUSE', 'PROCESS ASSOCIATE', NULL, NULL),
(824, 285074, 'JAYSHREE PALIWAL', 'COMMON', 'LH OFFICE', 'PROCESS ASSOCIATE', NULL, NULL),
(825, 285362, 'RAHUL PRATAP SINGH TANWAR', 'PYRO', 'ENVIRONMENT', 'JR EXECUTIVE ENVIRONMENT', NULL, NULL),
(826, 285414, 'SANDEEP GUMTYA', 'CPP', 'OPERATION', 'ENGINEER - POWER', NULL, NULL),
(827, 285443, 'MOHAMMED PARVEZ', 'CPP', 'OPERATION', 'ENGINEER - MECHANICAL', NULL, NULL),
(828, 285579, 'SANJAY SINGHVI', 'HO', 'ACID MARKETING', 'ASSOCIATE GM', NULL, NULL),
(829, 285618, 'ASHOK KUMAWAT', 'COMMON', 'COMMERCIAL', 'PROCESS ASSOCIATE', NULL, NULL),
(830, 285676, 'CHANDRA SEKHAR KALWARE', 'PYRO', 'AUSMELT', 'PROCESS ASSOCIATE', NULL, NULL),
(831, 285896, 'PRABHU RAM CHOUDHARY', 'PYRO', 'LRP', 'PROCESS ASSOCIATE', NULL, NULL),
(832, 285964, 'SHYAM GIRI GOSWAMI', 'PYRO', 'AUSMELT', 'PROCESS ASSOCIATE', NULL, NULL),
(833, 285993, 'SURENDRA KUMAR', 'PYRO', 'AUSMELT', 'PROCESS ASSOCIATE', NULL, NULL),
(834, 286031, 'VIVEK MENARIA', 'PYRO', 'AUSMELT', 'PROCESS ASSOCIATE', NULL, NULL),
(835, 286167, 'UMAKANT SHARMA', 'PYRO', 'LRP', 'PROCESS ASSOCIATE', NULL, NULL),
(836, 286358, 'SATISH PATIDAR', 'PYRO', 'AUSMELT', 'PROCESS ASSOCIATE', NULL, NULL),
(837, 286549, 'ABHISHEK SHARMA', 'PYRO', 'MECHANICAL', 'ENGINEER  MECHANICAL', NULL, NULL),
(838, 286581, 'ABHISHEK KUMAR TIWARI', 'PYRO', 'MECHANICAL', 'ENGINEER  MECHANICAL', NULL, NULL),
(839, 286769, 'ASHWIN DABHI', 'HYDRO1', 'MECHANICAL', 'ENGINEER - MECHANICAL', NULL, NULL),
(840, 286772, 'SACHIN AGRAWAL', 'HYDRO2', 'MECHANICAL', 'ENGINEER - MECHANICAL', NULL, NULL),
(841, 287043, 'RAHUL DASHOTTAR', 'HO', 'COMMERCIAL', 'ASSOCIATE  COMMERICAL', NULL, NULL),
(842, 287166, 'SHARMA, CHANDERJEET', 'COMMON', 'COMMERCIAL', 'PROCESS ASSOCIATE', NULL, NULL),
(843, 287247, 'RAMPRASAD BHARDWAJ', 'COMMON', 'MARKETING', 'B COM TRAINEE', NULL, NULL),
(844, 287250, 'NAAZISH SHEIKH', 'HYDRO1', 'L & P', 'B.SC TRAINEE', NULL, NULL),
(845, 287344, 'ANKITA TIWARI', 'COMMON', 'LABORATORY', 'JR CHEMIST', NULL, NULL),
(846, 287399, 'SAURABH THATHERA', 'COMMON', 'L & P', 'PROCESS ASSOCIATE', NULL, NULL),
(847, 287412, 'NEHA GEHLOT', 'HYDRO1', 'LAB', 'PROCESS ASSOCIATE', NULL, NULL),
(848, 287438, 'HARSHA GUPTA', 'HYDRO2', 'LAB', 'B.SC TRAINEE', NULL, NULL),
(849, 287522, 'JACKEY GOEL', 'HYDRO1', 'COMMERCIAL', 'B.COM TRAINEE', NULL, NULL),
(850, 287548, 'NITIN TAMBOLI', 'COMMON', 'MARKETING', 'B COM TRAINEE', NULL, NULL),
(851, 288013, 'AMIT CHATTERJEE', 'PYRO', 'ELECTRICAL', 'ENGINEER  ELECTRICAL', NULL, NULL),
(852, 288107, 'DIBAKAR ADHIKARY', 'HYDRO1', 'MECHANICAL', 'ENGINEER - MECHANICAL', NULL, NULL),
(853, 288550, 'HEMENDRA GURJAR', 'PYRO', 'REFRACTORY', 'PROCESS ASSOCIATE', NULL, NULL),
(854, 288712, 'ARUN SINGH', 'HYDRO1', 'COMMERCIAL', 'PROCESS ASSOCIATE', NULL, NULL),
(855, 289384, 'MUKHTAR AHMED CHAT', 'PYRO', 'LRP', 'ENGINEER  PROCESS', NULL, NULL),
(856, 289407, 'KUMARI LILY', 'HYDRO1', 'ELECTRICAL', 'ENGINEER- ELECTRICAL', NULL, NULL),
(857, 289449, 'POOJA GUPTA', 'COMMON', 'LABORATORY', 'JR CHEMIST', NULL, NULL),
(858, 290137, 'BHANU PRAKASH GURJAR', 'HYDRO2', 'CELL HOUSE', 'PROCESS ASSOCIATE', NULL, NULL),
(859, 290205, 'UTPAL BHAGABATI', 'HYDRO2', 'ROASTER', 'ENGINEER - CHEMICAL', NULL, NULL),
(860, 290250, 'MANIMARAN R', 'HYDRO2', 'ELECTRICAL', 'ENGINEER- ELECTRICAL', NULL, NULL),
(861, 290331, 'VINOD KUMAR JAROLI', 'HYDRO1', 'ELECTRICAL', 'ENGINEER - ELECTRICAL', NULL, NULL),
(862, 290373, 'SARMISTHA ROY', 'HYDRO1', 'ELECTRICAL', 'ENGINEER - ELECTRICAL', NULL, NULL),
(864, 291042, 'ADITYA JALAN', 'COMMON', 'COMMERCIAL', 'ASSOCIATE MANAGER', NULL, NULL),
(865, 291084, 'SURENDRA SINGH BUNDELA', 'PYRO', 'MECHANICAL', 'ENGINEER  MECHANICAL', NULL, NULL),
(866, 291110, 'VISHAKHA SINGH', 'HO', 'LOGISTIC', 'EXECUTIVE COMMERCIAL', NULL, NULL),
(867, 291466, 'SANKET KUMAR JAIN', 'PYRO', 'ELECTRICAL', 'ENGINEER ELECTRICAL', NULL, NULL),
(868, 291479, 'ROHIT JAIN', 'HYDRO1', 'MECHANICAL', 'ENGINEER - MECHANICAL', NULL, NULL),
(869, 291495, 'ANIL PANCHAL', 'HYDRO1', 'MECHANICAL', 'ENGINEER - MECHANICAL', NULL, NULL),
(870, 291534, 'JACKSON IGNATIUS', 'CPP', 'OPERATION', 'GET - MECHANICAL', NULL, NULL),
(871, 291563, 'SWATI PAWAN', 'HYDRO2', 'INST', 'GET- INSTRU', NULL, NULL),
(872, 292151, 'SURYA PRATAP SINGH CHAUHAN', 'HYDRO2', 'INST', 'GET- INSTRU', NULL, NULL),
(873, 292180, 'SHWETA JANGID', 'COMMON', 'HR', 'ASSOCIATE MANAGER - HR', NULL, NULL),
(874, 292384, 'SUMEET KUMAR KARNA', 'HYDRO2', 'MECHANICAL', 'ENGINEER - MECHANICAL', NULL, NULL),
(875, 292449, 'ABHINAYA SHARMA', 'HO', 'COMMERCIAL', 'ASSOCIATE MANAGER  LOGISTICS', NULL, NULL),
(876, 292465, 'DHARMENDRA SOMANI', 'HYDRO2', 'L & P', 'PROCESS ASSOCIATE', NULL, NULL),
(877, 292478, 'MULA RAM SHARMA', 'HYDRO2', 'CELL HOUSE', 'B.SC TRAINEE', NULL, NULL),
(878, 292481, 'SHIV LAL', 'HYDRO2', 'CELL HOUSE', 'B.SC TRAINEE', NULL, NULL),
(879, 292517, 'VISHNU KHANDELWAL', 'HO', 'OPERATION', 'GET - ELECTRICAL', NULL, NULL),
(880, 292656, 'SANJAY KUMAR', 'HYDRO1', 'L & P', 'B.SC TRAINEE', NULL, NULL),
(881, 292669, 'MAHAVEER PRASAD MEHRA', 'HYDRO1', 'CELL HOUSE', 'B.SC TRAINEE', NULL, NULL),
(882, 292685, 'NIRANJAN SHARMA', 'HYDRO1', 'L & P', 'B.SC TRAINEE', NULL, NULL),
(883, 292698, 'HIAMNSHU BHARDWAJ', 'HYDRO1', 'CELL HOUSE', 'PROCESS ASSOCIATE', NULL, NULL),
(884, 292805, 'PRADEEP KUMAR', 'HYDRO2', 'COMMERCIAL', 'B.SC TRAINEE', NULL, NULL),
(885, 292847, 'PRIYANKA MISHRA', 'COMMON', 'COMMERCIAL', 'EXECUTIVE', NULL, NULL),
(886, 293053, 'ASHISH AGARWAL', 'HYDRO1', 'INST', 'ENGINEER - INSTRUMENTATION', NULL, NULL),
(887, 293082, 'MAHAVEER SINGH RAWAT', 'PYRO', 'ELECTRICAL', 'ENGINEER  ELECTRICAL', NULL, NULL),
(888, 293095, 'ANKUR BANSAL', 'PYRO', 'ELECTRICAL', 'ENGINEER  ELECTRICAL', NULL, NULL),
(889, 293189, 'SHARMA, MANGILAL', 'CPP', 'ELECTRICAL', 'ENGINEER', NULL, NULL),
(890, 293312, 'RAM SURESH SHARMA', 'HO', 'LOGISTIC', 'OFFICER  LOGISTICS', NULL, NULL),
(891, 293338, 'AMITA SHARMA', 'HYDRO2', 'COMMERCIAL', 'B.SC TRAINEE', NULL, NULL),
(892, 293914, 'KALYAN RAM KUMAWAT', 'HYDRO1', 'LAB', 'B.SC TRAINEE', NULL, NULL),
(893, 294007, 'DEEPAK KUMAR VAISHNAV', 'COMMON', 'COMMERCIAL', 'B.SC TRAINEE', NULL, NULL),
(894, 294010, 'BHUPESH PAREEK', 'CPP', 'COMMERCIAL', 'B.COM TRAINEE', NULL, NULL),
(895, 294065, 'NEERAJ JOSHI', 'HYDRO1', 'LAB', 'B.SC TRAINEE', NULL, NULL),
(896, 294081, 'SANGEETA MORYA', 'HYDRO1', 'LAB', 'B.SC TRAINEE', NULL, NULL),
(897, 294269, 'ASHOK KUMAR MAHARDA', 'HYDRO1', 'COMMERCIAL', 'B.SC TRAINEE', NULL, NULL),
(898, 294272, 'ANKUR SHARMA', 'HYDRO1', 'COMMERCIAL', 'B.SC TRAINEE', NULL, NULL),
(899, 294298, 'GHANSHYAM SUTHAR', 'CPP', 'COMMERCIAL', 'B.COM TRAINEE', NULL, NULL),
(900, 294311, 'NAVED AKHTAR', 'HYDRO1', 'LAB', 'B.SC TRAINEE', NULL, NULL),
(901, 294366, 'PANKAJ SUKHWAL', 'HYDRO1', 'COMMERCIAL', 'B.SC TRAINEE', NULL, NULL),
(902, 294395, 'ROHIT PAREEKH', 'CPP', 'COMMERCIAL', 'B.COM TRAINEE', NULL, NULL),
(903, 294434, 'JEEWAN RAM', 'HYDRO1', 'LAB', 'B.SC TRAINEE', NULL, NULL),
(904, 294447, 'SHAMBHUNATH PAL', 'PYRO', 'LRP', 'EXECUTIVE PROCESS', NULL, NULL),
(905, 294450, 'ADIL HABIB', 'HYDRO1', 'EOHS ', 'B.SC TRAINEE', NULL, NULL),
(906, 294489, 'AMAN  DEEP SHARMA', 'CPP', 'COMMERCIAL', 'B.COM TRAINEE', NULL, NULL),
(907, 294515, 'CHAKRAVEER SINGH', 'HYDRO2', 'L & P', 'PROCESS ASSOCIATE', NULL, NULL),
(908, 294560, 'DINESH KUMAR CHOITHANI', 'HYDRO2', 'CELL HOUSE', 'B.SC TRAINEE', NULL, NULL),
(909, 294573, 'GANPAT RAM DUKIYA', 'HYDRO1', 'L & P', 'B.SC TRAINEE', NULL, NULL),
(910, 294625, 'KALPANA SHARMA', 'COMMON', 'LABORATORY', 'PROCESS ASSOCIATE', NULL, NULL),
(911, 294696, 'NAVRATAN SHARMA', 'HYDRO1', 'CELL HOUSE', 'PROCESS ASSOCIATE', NULL, NULL),
(912, 294735, 'NIRMAL KUMAR SHARMA', 'HYDRO2', 'LAB', 'B.SC TRAINEE', NULL, NULL),
(913, 294751, 'OM PRAKASH VYAS', 'PYRO', 'RO', 'PROCESS ASSOCIATE', NULL, NULL),
(914, 294777, 'PRAVIN KUMAR MITTAL', 'HYDRO2', 'CELL HOUSE', 'B.SC TRAINEE', NULL, NULL),
(915, 294793, 'PUSHPENDRA SINGH', 'HYDRO2', 'CELL HOUSE', 'B.SC TRAINEE', NULL, NULL),
(916, 294816, 'ROHIT KUMAR PATNI', 'HYDRO1', 'LAB', 'B.SC TRAINEE', NULL, NULL),
(917, 294874, 'YATILSINH ZALA', 'COMMON', 'SAFETY', 'B SC TRAINEE', NULL, NULL),
(918, 294942, 'PIYUSH BHAGWATKAR', 'COMMON', 'COMMERCIAL', 'ASSOCIATE MANAGER', NULL, NULL),
(919, 294955, 'BHARAT JAIN', 'COMMON', 'COMMERCIAL', 'MANAGEMENT TRAINEE-COMMERCIAL', NULL, NULL),
(920, 294984, 'T VARUN', 'HO', 'ACID MARKETING', 'ASSO.MANAGER', NULL, NULL),
(921, 294997, 'VIKASH PRADHAN', 'COMMON', 'HR', 'EXECUTIVE-HR', NULL, NULL),
(922, 295064, 'KEDAR NAVALE', 'HYDRO1', 'ELECTRICAL', 'ENGINEER- ELECTRICAL', NULL, NULL),
(923, 295132, 'GAJENDRA SINGH RATHORE', 'HYDRO1', 'ELECTRICAL', 'GET - ELECTRICAL', NULL, NULL),
(924, 295158, 'ADITYA KHETANI', 'HYDRO1', 'ELECTRICAL', 'ENGINEER ELECTRICAL', NULL, NULL),
(925, 295187, 'GAURAV PRASAD GOYAL', 'PYRO', 'ISF', 'GET  PROCESS', NULL, NULL),
(926, 295462, 'SUMIT NAHRA', 'PYRO', 'LRP', 'GET  PROCESS', NULL, NULL),
(927, 295488, 'ESHA VERMA', 'HYDRO1', 'MECHANICAL', 'ENGINEER - MECHANICAL', NULL, NULL),
(928, 295572, 'NEETU SHARMA', 'HO', 'SAP', 'ENGINEER - IT', NULL, NULL),
(929, 295624, 'RAHUL CHAUHAN', 'HO', 'ACID MARKETING', 'ASSOCIATE MANAGER', NULL, NULL),
(930, 295776, 'B RAKESH', 'PYRO', 'ELECTRICAL', 'ENGINEER ELECTRICAL', NULL, NULL),
(931, 295873, 'NIRUPAMA SARMAH', 'HYDRO2', 'ROASTER', 'ENGINEER-PROCESS', NULL, NULL),
(932, 295886, 'NITIN JOSHI', 'HO', 'OPERATION', 'GET - ELECTRICAL', NULL, NULL),
(933, 295938, 'SATISH KUMAR CHANNAREDDY', 'PYRO', 'INST', 'GET  INSTRUMENTATION', NULL, NULL),
(934, 296115, 'SUSHANT KUMAR SINHA', 'HO', 'OPERATION', 'GET - POWER', NULL, NULL),
(935, 296267, 'SANJEEV KUMAR', 'PYRO', 'ISF', 'AGM', NULL, NULL),
(936, 296283, 'AMIT KUMAR MISHRA', 'PYRO', 'MECHANICAL', 'GET  MECHANICAL', NULL, NULL),
(937, 296458, 'JAI PRAKASH SINGH', 'COMMON', 'SAFETY', 'ENGINEER- SAFETY', NULL, NULL),
(938, 296623, 'SEELA SATYANARYANA', 'CPP', 'ELECTRICAL', 'ENGINEER-ELECT', NULL, NULL),
(939, 296720, 'ATUL AGRAWAL', 'COMMON', 'COMMERCIAL', 'EXECUTIVE COMMERCIAL', NULL, NULL),
(940, 296759, 'ABHISHEK SINGH', 'CPP', 'OPERATION', 'BSC TRAINEE', NULL, NULL),
(941, 296830, 'DEEPIKA DADHICH', 'HYDRO1', 'LAB', 'B.SC TRAINEE', NULL, NULL),
(942, 296885, 'KAMAL KISHOR SHARMA', 'HO', 'ACID MARKETING', 'B.COM TRAINEE', NULL, NULL),
(943, 297211, 'VANDANA SARANGDEVOT', 'HO', 'ACID MARKETING', 'B.SC. TRAINEE', NULL, NULL),
(944, 297253, 'RIJUTA MISHRA', 'COMMON', 'LEGAL', 'OFFICER TRAINEE  LEGAL', NULL, NULL),
(945, 297266, 'M KRISHNARATNAM', 'COMMON', 'LABORATORY', 'ASSOCIATE GM  LAB SERVICES', NULL, NULL),
(946, 297279, 'YOGENDRA LAD', 'PYRO', 'REFRACTORY', 'ASSOCIATE MANAGER  REFRACTORY', NULL, NULL),
(947, 297525, 'MUKUL AUDICHYA', 'PYRO', 'MECHANICAL', 'ENGINEER  MECHANICAL', NULL, NULL),
(948, 297538, 'NAVIN AGARWAL', 'HYDRO1', 'MECHANICAL', 'ENGINEER - MECHANICAL', NULL, NULL),
(949, 297570, 'PARUL JAIN', 'CPP', 'OPERATION', 'GET-ELECTRICAL', NULL, NULL),
(950, 297729, 'ARUN CHOUDHARY', 'CPP', 'OPERATION', 'ENGINEER- POWER', NULL, NULL),
(951, 297774, 'NEHAL GUPTA', 'COMMON', 'FINANCE', 'B SC TRAINEE', NULL, NULL),
(952, 297868, 'P ASHWINI', 'HYDRO1', 'INST', 'GET- INSTRU', NULL, NULL),
(953, 298029, 'ANIRUDDHA PANCHPANDE', 'HYDRO2', 'L & P', 'ENGINEER-PROCESS', NULL, NULL),
(954, 298197, 'PRASOON GODIKA', 'HYDRO2', 'ELECTRICAL', 'ENGINEER-ELECTRICAL', NULL, NULL),
(955, 298278, 'HEMANT VERMA', 'HYDRO2', 'INST', 'ENGINEER - INSTRUMENTATION', NULL, NULL),
(956, 298281, 'U BASKARAN', 'PYRO', 'ELECTRICAL', 'ENGINEER  ELECTRICAL', NULL, NULL),
(957, 298320, 'ABHISHEK KUMAR TRIPATHI', 'PYRO', 'MECHANICAL', 'ENGINEER MECHANICAL', NULL, NULL),
(958, 298346, 'RAJESH KUMAR YADAV', 'COMMON', 'SAFETY', 'CHIEF SECURITY OFFICER', NULL, NULL),
(959, 298359, 'HEMANT KUMAR VAISHNAV', 'HYDRO1', 'MECHANICAL', 'ENGINEER-MECH', NULL, NULL),
(960, 298414, 'AZAD SHAW', 'COMMON', 'FINANCE', 'ASSOCIATE GM  FINANCE', NULL, NULL),
(961, 298430, 'SURESH CHANDRA MENARIYA', 'PYRO', 'CIVIL', 'ASSOCITE CIVIL', NULL, NULL),
(962, 298443, 'NIKHIL GUPTA', 'HYDRO1', 'ELECTRICAL', 'ENGINEER-ELECTRICAL', NULL, NULL),
(963, 298498, 'BAIRWA, ABDHESH KUMAR', 'HYDRO2', 'LAB', 'B.SC TRAINEE', NULL, NULL),
(964, 298524, 'BHAWANI SINGH YADAV', 'HYDRO2', 'CELL HOUSE', 'B.SC TRAINEE', NULL, NULL),
(965, 298579, 'DINESH KUMAR NARWARA', 'HYDRO2', 'CELL HOUSE', 'B.SC TRAINEE', NULL, NULL),
(966, 298647, 'KOMAL KHAMESRA', 'HO', 'PROJECT FINANCE', 'FINANCE ASSOCIATE', NULL, NULL),
(967, 298731, 'RAHUL TRIVEDI', 'HYDRO1', 'CELL HOUSE', 'B.SC TRAINEE', NULL, NULL),
(968, 298922, 'YOGESH PANERI', 'HYDRO1', 'COMMERCIAL', 'B COM TRAINEE', NULL, NULL),
(969, 298980, 'MANIKA PANDEY', 'HYDRO1', 'COMMERCIAL', 'B.COM TRAINEE', NULL, NULL),
(970, 299057, 'HEMENDRA TELI', 'CPP', 'COMMERCIAL', 'B.COM TRAINEE', NULL, NULL),
(971, 299073, 'MAHENDRA KUMAR', 'HYDRO1', 'CELL HOUSE', 'B.SC TRAINEE', NULL, NULL),
(972, 299112, 'GOVIND SINGH', 'HYDRO1', 'L & P', 'B.SC TRAINEE', NULL, NULL),
(973, 299125, 'HITESH SHARMA', 'HYDRO1', 'L & P', 'B.SC TRAINEE', NULL, NULL),
(974, 299141, 'MUKESH KUMAR KUMAWAT', 'HYDRO2', 'CELL HOUSE', 'B.SC TRAINEE', NULL, NULL),
(975, 299219, 'VINOD KUMAWAT', 'HYDRO2', 'CELL HOUSE', 'B.SC TRAINEE', NULL, NULL),
(976, 299222, 'KAMLESH KUMAR SETHIYA', 'HYDRO2', 'LAB', 'JR. CHEMIST', NULL, NULL),
(977, 299248, 'AMRITA MUDULI', 'HYDRO2', 'ELECTRICAL', 'GET-ELECTRICAL', NULL, NULL),
(978, 299277, 'GURDEEP SINGH', 'PYRO', 'SINTER', 'GET-PROCESS', NULL, NULL),
(979, 299293, 'KETAN GANDHI', 'HYDRO1', 'INST', 'GET-INSTRU', NULL, NULL),
(980, 299316, 'PRERNA PONANGI', 'HYDRO2', 'L & P', 'ENGINEER-PROCESS', NULL, NULL),
(981, 299361, 'SUNIL TIWARI', 'HYDRO2', 'ELECTRICAL', 'GET-ELECTRICAL', NULL, NULL),
(982, 299426, 'NEETU SHARMA', 'HYDRO1', 'INST', 'GET-INSTRU', NULL, NULL),
(983, 299439, 'NEERAJ TIWARI', 'HO', 'SAP', 'ENGINEER- IT', NULL, NULL),
(984, 299455, 'TARUN ARORA', 'HYDRO2', 'ROASTER', 'ASSOCIATE MANAGER - PROCESS', NULL, NULL),
(985, 299497, 'ABHISHEK DHANUKA', 'PYRO', 'FINANCE', 'MANAGEMENT TRAINEE  FINANCE', NULL, NULL),
(986, 299581, 'HARVEER SINGH TANEJA', 'COMMON', 'FINANCE', 'MANAGER - INDIRECT TAXATION', NULL, NULL),
(987, 299594, 'AJAY TOTLA', 'COMMON', 'MARKETING', 'B COME TRAINEE', NULL, NULL),
(988, 299659, 'ANIL KUMAR CHAUDHARY', 'HO', 'BUSINESS EXCELLENCE', 'ASSOCIATE MANAGER  MECHANICAL', NULL, NULL),
(989, 299662, 'NEELESH CHAWDA', 'HO', 'BUSINESS EXCELLENCE', 'ASSOCIATE MANAGER  PROCESS', NULL, NULL),
(990, 299675, 'SURESH YADAV', 'HO', 'BUSINESS EXCELLENCE', 'ASSOCIATE MANAGER PROCESS', NULL, NULL),
(991, 299701, 'SANDEEP KUMAR', 'HO', 'SAP', 'ASSOCIATE MANAGER - IT', NULL, NULL),
(992, 299743, 'APURVA  JAIN', 'COMMON', 'COMMERCIAL', 'EXMT', NULL, NULL),
(993, 299837, 'TEJAS BHATT', 'COMMON', 'HR', 'OFFICER TRAINEE HR', NULL, NULL),
(994, 301356, 'BHAGWAN LAL AHUJA', 'HO', 'OPERATION', 'ASSOCIATE GM', NULL, NULL),
(995, 311935, 'PRAMOD KUMAR', 'PYRO', 'LRP', 'SR MANAGER  PROCESS', NULL, NULL),
(996, 320052, 'GANESH LAL DUNGARWAL', 'COMMON', 'MARKETING', 'ASSOCIATE MANAGER FINANCE', NULL, NULL),
(997, 325183, 'G.M. TAILANG', 'HYDRO1', 'INST', 'ASSOCIATE MANAGER - INST.', NULL, NULL),
(998, 358561, 'BUDDHI PRAKASH PUSHKARNA', 'COMMON', 'CSR', 'JR EXECUTIVE  CSR', NULL, NULL),
(999, 382582, 'ABHIMANYU SINGH RANAWAT', 'COMMON', 'MARKETING', 'EXECUTIVE  LOGISTICS', NULL, NULL),
(1000, 401489, 'KHEM SHANKAR GOUR', 'COMMON', 'ENVIRONMENT', 'ASSOCIATE GM  EOHS', NULL, NULL),
(1001, 401502, 'K.P. KAPUR', 'HYDRO1', 'SIX SIGMA', 'SR. MANAGER - PROCESS', NULL, NULL),
(1002, 401654, 'PRADEEP VIJAY', 'HO', 'SAP', 'ASSOCIATE GM  SAP', NULL, NULL),
(1003, 401735, 'KESAVA RAO CHALLA', 'CPP', 'OPERATION', 'ASSOCIATE GM - ELECTRICAL', NULL, NULL),
(1004, 401748, 'PK GUPTA', 'COMMON', 'COMMERCIAL', 'ASSOCIATE GM  COMMERCIAL', NULL, NULL),
(1005, 401874, 'P R SRIVASTAVA', 'PYRO', 'UH OFFICE', 'GENERAL MANAGER', NULL, NULL),
(1006, 401971, 'DR K L NARAYANA', 'COMMON', 'MEDICAL', 'CHIEF MEDICAL OFFICER', NULL, NULL),
(1007, 401984, 'ASHISH KUMAR SINGH', 'HYDRO2', 'PROCESS', 'ASSOCIATE GM - PROCESS', NULL, NULL),
(1008, 402268, 'VK SINGH', 'COMMON', 'SAFETY', 'ASSOCIATE MANAGER - REFRACTORY', NULL, NULL),
(1009, 402404, 'CH. PARDHASARADHI', 'HYDRO2', 'L & P', 'ASSOCIATE GM - PROCESS', NULL, NULL),
(1010, 421825, 'CH S J SHARMA', 'PYRO', 'LABORATORY', 'SR MANAGER  LAB SERVICES', NULL, NULL),
(1011, 424437, 'B H K SARMA', 'PYRO', 'LABORATORY', 'CHEMIST', NULL, NULL),
(1012, 425355, 'M.SIVA KUMAR', 'COMMON', 'SAFETY', 'EXECUTIVE - SAFETY', NULL, NULL),
(1013, 428747, 'RAJIV MISRA', 'HYDRO1', 'LAB', 'JR. CHEMIST', NULL, NULL),
(1014, 469227, 'RAJEEV SHANKAR JHA', 'HO', 'LOGISTIC', 'SR MANAGER  LOGISTICS', NULL, NULL),
(1015, 500377, 'H R SHRIVASTAVA', 'PYRO', 'ENGINEERING SERVICES', 'ASSOCIATE GM  ENGG SERVICES', NULL, NULL),
(1016, 500652, 'HC DHAKAR', 'HYDRO2', 'MECHANICAL', 'MANAGER - MECHANICAL', NULL, NULL),
(1017, 555432, 'P.S.R. RAO', 'HYDRO1', 'ELECTRICAL', 'MANAGER - ELECTRICAL', NULL, NULL),
(1018, 560126, 'DEVABRATA GHOSH', 'COMMON', 'CSR', 'CSR TRAINEE', NULL, NULL),
(1019, 560155, 'GAURAV SINGHAL', 'HYDRO1', 'ELECTRICAL', 'GET - ELECTRICAL', NULL, NULL),
(1020, 560184, 'ISHITA KHAZANCHI', 'COMMON', 'ENVIRONMENT', 'PGET - ENVIRONMENT', NULL, NULL),
(1021, 560236, 'MOHD ZUBER KHAN', 'PYRO', 'MECHANICAL', 'GET', NULL, NULL),
(1022, 560760, 'SOURAV BISWAS', 'PYRO', 'ELECTRICAL', 'GET', NULL, NULL),
(1023, 560825, 'VARUN JAIN', 'PYRO', 'MECHANICAL', 'GET', NULL, NULL),
(1024, 561002, 'NEELAM SHARMA', 'HYDRO2', 'L & P', 'B SC TRAINEE', NULL, NULL),
(1025, 561060, 'SAGARMAL DHAKAR', 'COMMON', 'INST', 'B SC TRINEE', NULL, NULL),
(1026, 561086, 'SUNIL DUTTA', 'HYDRO1', 'MECHANICAL', 'B SC TRAINEE', NULL, NULL),
(1027, 561099, 'SURESH SAMATIYA', 'HYDRO1', 'CELL HOUSE', 'B.SC TRAINEE', NULL, NULL),
(1028, 561141, 'VINOD VERMA', 'PYRO', 'INST', 'B SC TRINEE', NULL, NULL),
(1029, 561154, 'A NIRMALA', 'HYDRO1', 'ELECTRICAL', 'GET-ELECTRICAL', NULL, NULL),
(1030, 561167, 'AMRITA LAKHARA', 'HYDRO1', 'INST', 'GRADUATE ENGINEER TRAINEE', NULL, NULL),
(1031, 561332, 'R ANJANA', 'HYDRO2', 'INST', 'GRADUATE ENGINEER TRAINEE', NULL, NULL),
(1032, 561374, 'V SAI RAJESH KOTHAPALLI', 'PYRO', 'ISF', 'GET-CHEMICAL', NULL, NULL),
(1033, 561390, 'VIPUL GUPTA', 'HYDRO2', 'MECHANICAL', 'GET-MECHANICAL', NULL, NULL),
(1034, 561594, 'ANUPAM AGARWAL', 'PYRO', 'INST', 'ASSOCIATE MANAGER', NULL, NULL),
(1035, 561617, 'KAILASH CHANDRA CHOUBISA', 'HYDRO1', 'INST', 'GRADUATE ENGINEER TRAINEE', NULL, NULL),
(1036, 561675, 'ANKUR CHOUDHARY', 'HO', 'SAP', 'GRADUATE ENGINEER TRAINEE', NULL, NULL),
(1037, 561691, 'ASHUTOSH JOSHI', 'PYRO', 'ELECTRICAL', 'GET', NULL, NULL),
(1038, 561743, 'HEMANT PALIWAL', 'HYDRO1', 'INST', 'GRADUATE ENGINEER TRAINEE', NULL, NULL),
(1039, 561769, 'JEETENDRA SINGH CHAUHAN', 'HYDRO1', 'ELECTRICAL', 'GET - ELECTRICAL', NULL, NULL),
(1040, 561772, 'LOKESH CHOUBISA', 'HYDRO1', 'INST', 'GRADUATE ENGINEER TRAINEE', NULL, NULL),
(1041, 561798, 'MOHAMMED SHOYAB', 'PYRO', 'MECHANICAL', 'ENGINEER-MECHANICAL', NULL, NULL),
(1042, 561811, 'NEERAJ KOTHARI', 'HO', 'SAP', 'GRADUATE ENGINEER TRAINEE', NULL, NULL),
(1043, 561905, 'SUNIL KUMAR CHOUHAN', 'HYDRO2', 'INST', 'GRADUATE ENGINEER TRAINEE', NULL, NULL),
(1044, 562072, 'DHARM PAL', 'PYRO', 'RO', 'B SC TRAINEE', NULL, NULL),
(1045, 562085, 'DHEERAJ KUMAR YOGI', 'HYDRO2', 'CELL HOUSE', 'B.SC. TRAINEE', NULL, NULL),
(1046, 562441, 'SHIV KUMAR BHAKAR', 'PYRO', 'INST', 'B SC TRAINEE', NULL, NULL),
(1047, 562535, 'MAHESH KUMAR NAGALE', 'HYDRO1', 'MECHANICAL', 'ASSOCIATE MANAGER-MECHANICAL', NULL, NULL),
(1048, 562742, 'MAHIPAL SINGH RATHORE', 'HYDRO2', 'COMMERCIAL', 'B.SC TRAINEE', NULL, NULL),
(1049, 562807, 'RAJIV BHANDARI', 'COMMON', 'SAFETY', 'AGM-SAFETY', NULL, NULL),
(1050, 562810, 'SHRIKRISHNA TIWARI', 'COMMON', 'SECURITY', 'AM-SECURITY', NULL, NULL),
(1051, 562849, 'SANDEEP SAMANTA', 'COMMON', 'SAFETY', 'ASSOCIATE MANAGER', NULL, NULL),
(1052, 562904, 'NIKITA GUPTA', 'HYDRO1', 'FINANCE', 'ASSOCIATE MANAGER-FINANCE', NULL, NULL),
(1053, 562917, 'SREEJITH  S  PAI', 'HO', 'PROJECT FINANCE', 'MANAGEMENT TRAINEE - FINANCE', NULL, NULL),
(1055, 563220, 'MANOJ KUMAR SENAPATI', 'HO', 'BUSINESS EXCELLENCE', 'ENGINEER ELECTRICAL', NULL, NULL),
(1056, 563327, 'SANJAY SHARMA', 'COMMON', 'HR', 'GM HR', NULL, NULL),
(1057, 563754, 'ARJUN SINGH CHOUHAN', 'PYRO', 'ELECTRICAL', 'ENGINEER-ELECT', NULL, NULL),
(1058, 563767, 'DEV WARDHAN', 'HYDRO2', 'MECHANICAL', 'ENGINEER-MECHANICAL', NULL, NULL),
(1059, 563806, 'MANISH ARORA', 'COMMON', 'COMMERCIAL', 'ENGINEER-COMML', NULL, NULL),
(1060, 563877, 'ROHAN JORE', 'HYDRO1', 'MECHANICAL', 'ENGINEER-MECHANICAL', NULL, NULL),
(1061, 563880, 'ROHIT DHAWAN', 'PYRO', 'AUSMELT', 'ENGINEER-PROCESS', NULL, NULL),
(1062, 563958, 'LAKSHAY KAWATRA', 'COMMON', 'COMMERCIAL', 'ENGINEER-MECHANICAL', NULL, NULL),
(1063, 564096, 'RAJESH LUHADIA', 'HYDRO2', 'HEAD', 'GM - ENGG. SERVICES', NULL, NULL),
(1064, 564245, 'GAJENDRA SINGH SHAKTAWAT', 'COMMON', 'SECURITY', 'ASSOCIATE MANAGER-SECUTRITY', NULL, NULL),
(1065, 564313, 'SANJOLI MADAN', 'COMMON', 'COMMERCIAL', 'MT - COMML', NULL, NULL),
(1066, 565121, 'AVIRAL SINGH RANA', 'COMMON', 'ENVIRONMENT', 'PGGET(ENV)', NULL, NULL),
(1067, 601140, 'VIMAL GODHA', 'CPP', 'FINANCE', 'ASSOCIATE GM- FINANCE', NULL, NULL),
(1068, 605049, 'C.M. TRIPATHI', 'HYDRO1', 'ELECTRICAL', 'ASSOCIATE MANAGER - ELECTRICAL', NULL, NULL),
(1069, 605133, 'M K MATHUR', 'HYDRO2', 'CELL HOUSE', 'EXECUTIVE - PROCESS', NULL, NULL),
(1070, 605599, 'MOHD SHOKAT SHEIKH', 'HYDRO1', 'MECHANICAL', 'ASSOCIATE MANAGER - MECHANICAL', NULL, NULL),
(1071, 605735, 'DEVESH PAREEK', 'HYDRO1', 'L & P', 'ASSOCIATE MANAGER  - PROCESS', NULL, NULL),
(1072, 606459, 'P S CHARAN', 'HYDRO1', 'L & P', 'EXECUTIVE - PROCESS', NULL, NULL),
(1073, 650751, 'P M KHICHI', 'PYRO', 'PRODUCTION OFFICE', 'ASSOCIATE GM  PROCESS', NULL, NULL),
(1074, 651352, 'SANJAY KHANNA', 'HO', 'LOGISTIC', 'ASSOCIATE GM', NULL, NULL),
(1075, 651556, 'A C PAUL', 'PYRO', 'SINTER', 'ASSOCIATE GM  PROCESS', NULL, NULL),
(1076, 651585, 'S S GEHLOT', 'HYDRO2', 'HEAD', 'ASSOCIATE GM - ENGG. SERV.', NULL, NULL),
(1077, 653017, 'J M PRAJAPATI', 'PYRO', 'INST', 'MANAGER  INSTRUMENTATION', NULL, NULL),
(1078, 653033, 'KAMOD SINGH MEENA', 'PYRO', 'LEAD CIRCUIT', 'ASSOCIATE GM  PROCESS', NULL, NULL),
(1079, 653156, 'K.GOWRI SANKAR', 'HYDRO1', 'MECHANICAL', 'SR. MANAGER - MECHANICAL', NULL, NULL),
(1080, 653392, 'M K SINGLA', 'PYRO', 'SINTER', 'SR MANAGER  PROCESS', NULL, NULL),
(1081, 653415, 'PRANABESH ROY', 'PYRO', 'T4OO', 'ASSOCIATE GM PROCESS', NULL, NULL),
(1082, 653606, 'MOHD S KHAN', 'PYRO', 'MECHANICAL', 'MANAGER  MECHANICAL', NULL, NULL),
(1083, 653622, 'K K SHARMA', 'HYDRO1', 'MECHANICAL', 'MANAGER-MECH', NULL, NULL),
(1084, 653884, 'SANJAY SOLANKI', 'HO', 'COMMERCIAL', 'MANAGER - COMMERCIAL', NULL, NULL),
(1085, 660042, 'TARA CHAND KHATRI', 'COMMON', 'HR', 'EXECUTIVE  HR', NULL, NULL),
(1086, 660178, 'KAMAL SHANKAR MENARIA', 'HYDRO2', 'COMMERCIAL', 'JR. EXECUTIVE - COMMERCIAL', NULL, NULL),
(1087, 660181, 'TARUN KUMAR MEGHWAL', 'COMMON', 'ENVIRONMENT', 'ASSOCIATE MANAGER - ENV', NULL, NULL),
(1088, 660217, 'SHANKAR LAL SONI', 'COMMON', 'COMMERCIAL', 'EXECUTIVE COMMERCIAL', NULL, NULL),
(1089, 660246, 'T S PALIWAL', 'PYRO', 'SECRETARIAL SERV', 'JR EXECUTIVE  SUPPORT SERVICES', NULL, NULL),
(1090, 660327, 'GOPAL KRISHNA ARORA', 'HYDRO1', 'COMMERCIAL', 'JET', NULL, NULL),
(1091, 660505, 'S K AGRAWAL', 'PYRO', 'MECHANICAL', 'ASSOCIATE MANAGER  MECHANICAL', NULL, NULL),
(1092, 660518, 'S K JOSHI', 'PYRO', 'MECHANICAL', 'ASSOCIATE MANAGER  MECHANICAL', NULL, NULL),
(1093, 660563, 'P C PAREEK', 'CPP', 'COMMERCIAL', 'JR. EXECUTIVE', NULL, NULL),
(1094, 660592, 'MANOJ KUMAR SARAN', 'COMMON', 'IT', 'EXECUTIVE  IT', NULL, NULL),
(1095, 660644, 'SHYAM SUNDER SONI', 'COMMON', 'HR', 'JR EXECUTIVE  HR', NULL, NULL),
(1096, 660657, 'KESRI LAL', 'PYRO', 'MECHANICAL', 'ENGINEER  MECHANICAL', NULL, NULL),
(1097, 660725, 'ANIL KUMAR GADIYA', 'COMMON', 'HR', 'ASSOCIATE MANAGER - HR', NULL, NULL),
(1098, 660741, 'MAHESH NARAIN MANGAL', 'COMMON', 'FINANCE', 'JR EXECUTIVE', NULL, NULL),
(1099, 660783, 'SHOURIN DEY', 'PYRO', 'ZRP', 'JR EXECTIVE  PROCESS', NULL, NULL),
(1100, 660806, 'ASHOK KUMAR MELANA', 'COMMON', 'FINANCE', 'EXECUTIVE  FINANCE', NULL, NULL),
(1101, 660848, 'R K TIWARI', 'PYRO', 'INST', 'ASSOCIATE MANAGER  INST', NULL, NULL),
(1102, 661041, 'K V D R NAIDU', 'PYRO', 'ISF', 'EXECUTIVE  PROCESS', NULL, NULL),
(1103, 661070, 'RAJENDRA SINGH', 'PYRO', 'INST', 'JR ENGINEER INSTRUMENTATION', NULL, NULL),
(1104, 661083, 'D SAMPATH KUMAR', 'PYRO', 'ISF', 'JR EXECTIVE  PROCESS', NULL, NULL),
(1105, 661685, 'G P GAUTAM', 'PYRO', 'INST', 'ASSOCIATE MANAGER', NULL, NULL),
(1106, 662228, 'S K GOVIL', 'PYRO', 'ELECTRICAL', 'ENGINEER  ELECTRICAL', NULL, NULL),
(1107, 662231, 'JAI PRAKASH', 'PYRO', 'ELECTRICAL', 'ENGINEER  ELECTRICAL', NULL, NULL),
(1108, 662244, 'DIGAMBAR SINGH', 'HYDRO1', 'ELECTRICAL', 'ASSOCIATE MANAGER - ELECTRICAL', NULL, NULL),
(1109, 662257, 'H.B. SINGH', 'HYDRO1', 'ELECTRICAL', 'ENGINEER - ELECTRICAL', NULL, NULL),
(1110, 662338, 'DR. ANIL DESAI', 'HYDRO2', 'LAB', 'ASSOCIATE MANAGER - LAB. SERVI', NULL, NULL),
(1111, 662341, 'A H BHASKAR RAO', 'PYRO', 'ZRP', 'ENGINEER  PROCESS', NULL, NULL),
(1112, 662354, 'SANJAY POHEKAR', 'PYRO', 'ISF', 'ASSOCIATE MANAGER  PROCESS', NULL, NULL),
(1113, 662367, 'G K MAHESWARI', 'PYRO', 'CRP', 'ASSOCIATE MANAGER  PROCESS', NULL, NULL),
(1114, 662370, 'S N YADAV', 'PYRO', 'CRP', 'ENGINEER  PROCESS', NULL, NULL),
(1115, 662383, 'R K BHANSALI', 'PYRO', 'SINTER', 'ENGINEER  PROCESS', NULL, NULL),
(1116, 662406, 'A K SINGH', 'PYRO', 'ACID', 'ASSOCIATE MANAGER  PROCESS', NULL, NULL),
(1117, 662419, 'M C MISHRA', 'PYRO', 'ELECTRICAL', 'ENGINEER  ELECTRICAL', NULL, NULL),
(1118, 662422, 'R.S. DUBEY', 'HYDRO2', 'INST', 'MANAGER - INSTRUMENTATION', NULL, NULL),
(1119, 662451, 'U K SHARMA', 'PYRO', 'ELECTRICAL', 'ASSOCIATE MANAGER  ELECTRICAL', NULL, NULL),
(1120, 662477, 'M L SHARMA', 'PYRO', 'MECHANICAL', 'JR EXECUTIVE  MECHANICAL', NULL, NULL),
(1121, 662480, 'GIRIRAJ VERMA', 'PYRO', 'MECHANICAL', 'ENGINEER  MECHANICAL', NULL, NULL),
(1122, 662493, 'RAJESH VERMA', 'PYRO', 'MECHANICAL', 'ENGINEER  MECHANICAL', NULL, NULL),
(1123, 662516, 'R K  SONI', 'PYRO', 'MECHANICAL', 'ENGINEER  MECHANICAL', NULL, NULL),
(1124, 662532, 'CR GALAV', 'PYRO', 'ELECTRICAL', 'ENGINEER', NULL, NULL),
(1125, 662558, 'M L SHARMA', 'PYRO', 'INST', 'ENGINEER  INSTRUMENTATION', NULL, NULL),
(1126, 662587, 'S M KOTHARI', 'HYDRO2', 'ELECTRICAL', 'JR. EXECUTIVE  - ELECTRICAL', NULL, NULL),
(1127, 662613, 'SAIFUDDIN NAGORI', 'PYRO', 'ACID', 'EXECUTIVE  PROCESS', NULL, NULL),
(1128, 662626, 'G MAHAWAR', 'PYRO', 'ZRP', 'JR EXECTIVE  PROCESS', NULL, NULL),
(1129, 662639, 'H R SHARMA', 'PYRO', 'ISF', 'ASSOCIATE MANAGER  PROCESS', NULL, NULL),
(1130, 662655, 'R P PATIL', 'PYRO', 'ACID', 'EXECUTIVE  PROCESS', NULL, NULL),
(1131, 662736, 'VINOD KUMAR  KOTHARI', 'HYDRO2', 'MECHANICAL', 'SR MANAGER- MECHANICAL', NULL, NULL),
(1132, 662752, 'Y S KUMAR', 'PYRO', 'SINTER', 'ASSOCIATE MANAGER  PROCESS', NULL, NULL),
(1133, 662765, 'N D PANDE', 'PYRO', 'LRP', 'EXECUTIVE  PROCESS', NULL, NULL),
(1134, 662794, 'R.S. CHOUBISA', 'HYDRO2', 'ELECTRICAL', 'MANAGER - ELECTRICAL', NULL, NULL),
(1135, 662833, 'DC JAIN', 'HYDRO1', 'MECHANICAL', 'ASSOCIATE MANAGER - MECHANICAL', NULL, NULL),
(1136, 662862, 'H H SAKHARE', 'PYRO', 'SINTER', 'EXECUTIVE  PROCESS', NULL, NULL),
(1137, 662875, 'ASHOK SHARMA', 'PYRO', 'MECHANICAL', 'EXECUTIVE  MECHANICAL', NULL, NULL),
(1138, 662891, 'N K BHOPARIA', 'PYRO', 'MECHANICAL', 'JR EXECUTIVE  MECHANICAL', NULL, NULL),
(1139, 662901, 'A S SHEKHAWAT', 'PYRO', 'ELECTRICAL', 'ASSOCIATE MANAGER  ELECTRICAL', NULL, NULL),
(1140, 662969, 'S P BHOPE', 'PYRO', 'LRP', 'JR EXECTIVE  PROCESS', NULL, NULL),
(1141, 662985, 'R K MUKHERJEE', 'HYDRO1', 'L & P', 'ASSOCIATE GM - PROCESS', NULL, NULL),
(1142, 663007, 'D.K. GUPTA', 'HYDRO1', 'ELECTRICAL', 'MANAGER - ELECTRICAL', NULL, NULL),
(1143, 663065, 'M V RAO, RAO', 'PYRO', 'ZRP', 'ENGINEER PROCESS', NULL, NULL),
(1144, 663117, 'S C BARBER', 'PYRO', 'MECHANICAL', 'JR EXECTIVE   MECHANICAL', NULL, NULL),
(1145, 663120, 'PULAK MITRA', 'PYRO', 'SINTER', 'EXECUTIVE  PROCESS', NULL, NULL),
(1146, 663146, 'GHANSHYAM RATHORE', 'PYRO', 'MECHANICAL', 'EXECUTIVE  MECHANICAL', NULL, NULL),
(1147, 663175, 'DR CHETAN KHIMESRA', 'COMMON', 'ENVIRONMENT', 'EXECUTIVE TRAINEE ENV', NULL, NULL),
(1148, 663243, 'YUVRAJ SINGH', 'HYDRO2', 'MECHANICAL', 'ASSOCIATE MANAGER - MECHANICAL', NULL, NULL),
(1149, 663269, 'P S RANAWAT', 'HYDRO1', 'L & P', 'JR. EXECUTIVE - PROCESS', NULL, NULL),
(1150, 663308, 'RAJESH SONI', 'HYDRO1', 'L & P', 'EXECUTIVE - PROCESS', NULL, NULL),
(1151, 663324, 'H K PARASHAR', 'HYDRO2', 'ROASTER', 'JR. EXECUTIVE - PROCESS', NULL, NULL),
(1152, 663845, 'SK DASHORA', 'HYDRO2', 'L & P', 'ASSOCIATE MANAGER - PROCESS', NULL, NULL),
(1153, 663887, 'NAVEEN KUMAR AGRAWAL', 'COMMON', 'COMMERCIAL', 'EXECUTIVE COMMERCIAL', NULL, NULL),
(1154, 663890, 'S K KALIYA', 'PYRO', 'RO', 'JR EXECUTIVE PROCESS', NULL, NULL),
(1155, 663913, 'K G BALDI', 'HYDRO1', 'ROASTER', 'ASSOCIATE MANAGER - PROCESS', NULL, NULL),
(1156, 663968, 'MANOJ KUMAR JAIN', 'HYDRO1', 'CELL HOUSE', 'EXECUTIVE - PROCESS', NULL, NULL),
(1157, 663997, 'RAJESH KR MUNDRA', 'PYRO', 'ACID', 'ASSOCIATE MANAGER  PROCESS', NULL, NULL),
(1158, 664006, 'N.K. RATHORE', 'HYDRO1', 'ROASTER', 'EXECUTIVE - PROCESS', NULL, NULL),
(1159, 664022, 'D.K. AHIR', 'HYDRO1', 'CELL HOUSE', 'ASSOCIATE MANAGER - PROCESS', NULL, NULL),
(1160, 664035, 'P.R. SOMANI', 'HYDRO2', 'ROASTER', 'ASSOCIATE MANAGER - PROCESS', NULL, NULL),
(1161, 664064, 'V.K. CHATURVEDI', 'HYDRO1', 'ROASTER', 'EXECUTIVE - PROCESS', NULL, NULL),
(1162, 664080, 'DL MENARIA', 'HYDRO1', 'MECHANICAL', 'ASSOCIATE MANAGER - MECHANICAL', NULL, NULL),
(1163, 664129, 'R.K. RAGWAN', 'HYDRO1', 'CELL HOUSE', 'JR. EXECUTIVE - PROCESS', NULL, NULL),
(1164, 664145, 'D.C. SHARMA', 'HYDRO2', 'CELL HOUSE', 'EXECUTIVE - PROCESS', NULL, NULL),
(1165, 664158, 'DILIP BHARANIA', 'PYRO', 'COMMERCIAL', 'EXECUTIVE  COMMERCIAL', NULL, NULL),
(1166, 664200, 'D. PUROHIT', 'HYDRO1', 'ROASTER', 'EXECUTIVE - PROCESS', NULL, NULL),
(1167, 664381, 'S BANDWAL', 'HYDRO1', 'CELL HOUSE', 'JR. EXECUTIVE - PROCESS', NULL, NULL),
(1168, 664475, 'DEEPAK JAIN', 'HYDRO1', 'ROASTER', 'EXECUTIVE - PROCESS', NULL, NULL),
(1169, 664514, 'K.C. POKHARNA', 'HYDRO2', 'M & C', 'EXECUTIVE - PROCESS', NULL, NULL),
(1170, 664637, 'S.K. SRIVASTAVA', 'HYDRO1', 'ROASTER', 'EXECUTIVE - PROCESS', NULL, NULL),
(1171, 664734, 'P C GARG', 'HYDRO1', 'ROASTER', 'EXECUTIVE - PROCESS', NULL, NULL),
(1172, 665131, 'PANKAJ JAIN', 'HYDRO2', 'ROASTER', 'ASSOCIATE MANAGER - PROCESS', NULL, NULL),
(1173, 665186, 'SUKHDEV JOSHI', 'PYRO', 'ZRP', 'ASSOCIATE MANAGER  PROCESS', NULL, NULL),
(1174, 665348, 'N S SHAKTAWAT', 'HYDRO2', 'CIVIL', 'ASSOCIATE MANAGER - PROCESS', NULL, NULL),
(1175, 665393, 'D.K. GANDHI', 'HYDRO1', 'ROASTER', 'EXECUTIVE - PROCESS', NULL, NULL),
(1176, 665445, 'S K TAILOR', 'PYRO', 'RO', 'ENGINEER PROCESS', NULL, NULL),
(1177, 665474, 'L.S. RANAWAT', 'HYDRO2', 'ROASTER', 'EXECUTIVE - PROCESS', NULL, NULL),
(1178, 665568, 'DILIP TRIPATHI', 'HYDRO1', 'INST', 'EXECUTIVE - PROCESS', NULL, NULL),
(1179, 665584, 'BIJAY KISHOR PRASAD', 'HYDRO2', 'CELL HOUSE', 'ENGINEER - PROCESS', NULL, NULL),
(1180, 665597, 'SUNIL KUMAR', 'PYRO', 'ZRP', 'ASSOCIATE MANAGER  PROCESS', NULL, NULL),
(1181, 665607, 'DINESH PRASAD', 'PYRO', 'ISF', 'EXECUTIVE  PROCESS', NULL, NULL),
(1182, 665610, 'H N SINGH', 'PYRO', 'LRP', 'EXECUTIVE  PROCESS', NULL, NULL),
(1183, 665623, 'R N PRASAD', 'PYRO', 'ZRP', 'MANAGER  PROCESS', NULL, NULL),
(1184, 665717, 'D.C. VERMA', 'HYDRO1', 'M & C', 'ASSOCIATE MANAGER - PROCESS', NULL, NULL),
(1185, 665733, 'MAHESH KUMAR', 'PYRO', 'INST', 'JR EXECTIVE  INSTRUMENTATION', NULL, NULL),
(1186, 665801, 'L M GORAIN', 'PYRO', 'ACID', 'ENGINEER  PROCESS', NULL, NULL),
(1187, 665872, 'KEDAR CHOUHAN', 'PYRO', 'MECHANICAL', 'ASSOCIATE MANAGER  MECHANICAL', NULL, NULL),
(1188, 665898, 'JODH SINGH RATHORE', 'COMMON', 'COMMERCIAL', 'EXECUTIVE  COMMERCIAL', NULL, NULL),
(1189, 666091, 'M.K. JAIN', 'HYDRO2', 'ROASTER', 'ASSOCIATE MANAGER- PROCESS', NULL, NULL),
(1190, 666114, 'D.C.BHARADIA', 'HYDRO1', 'M & C', 'EXECUTIVE - PROCESS', NULL, NULL),
(1191, 666211, 'ANIL PAREEK', 'HYDRO1', 'ELECTRICAL', 'EXECUTIVE - PROCESS', NULL, NULL),
(1192, 666363, 'R K SHARMA', 'PYRO', 'MECHANICAL', 'JR EXECUTIVE  SUPPORT SERVICES', NULL, NULL),
(1193, 666389, 'ABHAY BAJPAI', 'HYDRO1', 'ELECTRICAL', 'EXECUTIVE - PROCESS', NULL, NULL),
(1194, 666428, 'SHAILENDDRA OJHA', 'PYRO', 'ETP', 'ENGINEER PROCESS', NULL, NULL),
(1195, 666444, 'R.S. PACHURI', 'HYDRO2', 'ROASTER', 'EXECUTIVE - PROCESS', NULL, NULL),
(1196, 666499, 'SP JOSHI', 'HYDRO2', 'L & P', 'ASSOCIATE MANAGER - PROCESS', NULL, NULL);
INSERT INTO `hz_employees` (`id`, `empid`, `empname`, `unit`, `department`, `designation`, `email`, `location`) VALUES
(1197, 666648, 'SURENDRA KUMAR GARG', 'COMMON', 'COMMERCIAL', 'ASSOCIATE MANAGER COMMERCIAL', NULL, NULL),
(1198, 666732, 'R C MENARIA', 'CPP', 'OPERATION', 'ENGINEER - ELECTRICAL', NULL, NULL),
(1199, 666745, 'R P JAIN', 'HYDRO2', 'MECHANICAL', 'ASSOCIATE MANAGER-MECHANICAL', NULL, NULL),
(1200, 666761, 'LAXMI CHAND SHARMA', 'COMMON', 'INST', 'ASSOCIATE MANAGER INSTRUMENTAT', NULL, NULL),
(1201, 667100, 'H.C. MEENA', 'HYDRO1', 'L & P', 'EXECUTIVE - PROCESS', NULL, NULL),
(1202, 667252, 'DEVKISHAN SHARMA', 'COMMON', 'COMMERCIAL', 'EXECUTIVE  COMMERCIAL', NULL, NULL),
(1203, 667304, 'A K YADAV', 'PYRO', 'INST', 'ENGINEER  INSTRUMENTATION', NULL, NULL),
(1204, 667333, 'S.K. BORANA', 'HYDRO1', 'L & P', 'EXECUTIVE - PROCESS', NULL, NULL),
(1205, 667375, 'RAMESHWAR LAL SHARMA', 'COMMON', 'COMMERCIAL', 'EXECUTIVE COMMERCIAL', NULL, NULL),
(1206, 675105, 'D K GUPTA', 'PYRO', 'ELECTRICAL', 'ASSOCIATE GM  ELECTRICAL', NULL, NULL),
(1207, 675118, 'MANOHAR JAIN', 'HYDRO1', 'BPD', 'SR. MANAGER-INSTT', NULL, NULL),
(1208, 675273, 'P V MAHESHKAR', 'PYRO', 'SIX SIGMA', 'MANAGER  INSTRUMENTATION', NULL, NULL),
(1209, 675338, 'KAILASH CHAHANDE', 'PYRO', 'MECHANICAL', 'SR MANAGER  MECHANICAL', NULL, NULL),
(1210, 675370, 'DR VINOD KUMAR RAI', 'COMMON', 'MEDICAL', 'DY CHIEF MEDICAL OFFICER', NULL, NULL),
(1211, 695583, 'DR SONIA JAIN', 'COMMON', 'MEDICAL', 'MEDICAL OFFICER', NULL, NULL),
(1212, 866972, 'DINESH SONAGARA', 'COMMON', 'ADMINISTRATION', 'JR EXECUTIVE  HR', NULL, NULL),
(1213, 867052, 'B A KHAN', 'COMMON', 'SECURITY', 'EXECUTIVE  SECURITY', NULL, NULL),
(1214, 566010, 'VIKAS SHARMA', 'COMMON', 'HR', 'LOCATION HEAD HR', NULL, NULL),
(1215, 999999, 'B N KUMAR', 'ZINC SCHOOL', 'ZINC SCHOOL', 'PRINCIPAL', NULL, NULL),
(1216, 278641, 'DEEPAK VARYANI', 'HYDRO1', 'COMMERCIAL', 'ASSOCIATE MANAGER', NULL, NULL),
(1217, 999991, 'DIS SOFTWARE KOLKATTA', 'THIRD PARTY', 'CMMS OFFICE', 'SOFTWARE ENGGINEER', NULL, NULL),
(1218, 566175, 'SARANG FULE', 'CPP', 'MECHANICAL', 'GRADUATE ENGINEER TRAINEE', NULL, NULL),
(1219, 664310, 'MUKESH SONI', 'HYDRO1', 'LEACHING', 'ASSOCIATE MANAGER', NULL, NULL),
(1220, 270733, 'RAMA SUBBARAO THOTA', 'HYDRO1', 'LEACHING', 'ASSOCIATE MANAGER  - ELECTRICAL ', NULL, NULL),
(1221, 999992, 'AUDITOR', 'HYDRO1', 'LEACHING', 'THIRD PARTY', NULL, NULL),
(1222, 266569, 'ASHISH JAIN', 'COMMON', 'COMMERCIAL', 'ASSOCIATE MANAGER', NULL, NULL),
(1223, 290975, 'KAPIL DHAWAN', 'HO', 'PROJECT FINANCE', 'ASSOCIATE MANAGER', NULL, NULL),
(1224, 107932, 'RAVI PRAKASH JAIN', 'COMMON', 'COMMERCIAL', 'SUPERVISOR', NULL, NULL),
(1225, 107848, 'F S RAWAL', 'COMMON', 'COMMERCIAL', 'SUPERVISOR', NULL, NULL),
(1226, 107880, 'MAHESH VAGAWAT', 'COMMON', 'COMMERCIAL', 'SUPERVISOR', NULL, NULL),
(1227, 107217, 'TRILOK CHANDRA', 'PYRO', 'ACID MARKETING', 'SUPERVISOR', NULL, NULL),
(1228, 107204, 'CHIMAN LAL', 'PYRO', 'ACID MARKETING', 'SUPERVISOR', NULL, NULL),
(1229, 109529, 'P R SALVI', 'PYRO', 'ACID MARKETING', 'SUPERVISOR', NULL, NULL),
(1230, 999994, 'CMS INFO SYSTEM PVT LTD', 'COMMON', 'IT', 'COMPANY', NULL, NULL),
(1231, 566544, 'KIRAN PANDEY', 'PYRO', 'FINANCE', 'MT FINANCE', NULL, NULL),
(1232, 777777, 'SAP CONSULTANT', 'COMMON', 'SAP', 'CONSULTANT', NULL, NULL),
(1233, 566023, 'ASHISH KUMAR DEWANGAN', 'CPP', 'OPERATION', 'PGET', NULL, NULL),
(1234, 867515, 'MANGERAM KISHANLAL VERMA', 'COMMON', 'SAFETY', 'GENRAL MANAGER', NULL, NULL),
(1235, 999997, 'BUNTY JAIN', 'HYDRO2', 'AUDITOR', 'AUDITOR', NULL, NULL),
(1236, 444444, 'Himanshu saini', 'UNIT', 'DEPT', 'DESI', 'him.developer@gmail.com', 'Jaipur');

-- --------------------------------------------------------

--
-- Table structure for table `hz_hardware`
--

CREATE TABLE IF NOT EXISTS `hz_hardware` (
  `id` int(8) NOT NULL AUTO_INCREMENT,
  `name` varchar(150) NOT NULL,
  `ctype` enum('A','C','OA') NOT NULL,
  PRIMARY KEY (`id`)
) ENGINE=InnoDB  DEFAULT CHARSET=latin1 AUTO_INCREMENT=19 ;

--
-- Dumping data for table `hz_hardware`
--

INSERT INTO `hz_hardware` (`id`, `name`, `ctype`) VALUES
(1, 'DESKTOP', 'A'),
(2, 'LAPTOP', 'A'),
(3, 'PRINTER', 'A'),
(4, 'SCANNER', 'A'),
(6, 'SERVER', 'C'),
(7, 'ROUTER', 'C'),
(8, 'FIREWALL', 'C'),
(9, 'RF', 'C'),
(10, 'WIRELESS', 'C'),
(11, 'CORE SWITCH', 'C'),
(12, 'IP CAMERA', 'C'),
(13, 'LAPTOP BATTERY', 'OA'),
(14, 'CARTAGE', 'OA'),
(15, 'DVD', 'OA'),
(16, 'MOUSE', 'OA'),
(17, 'KEYBOARD', 'OA'),
(18, 'VSAT', 'OA');

-- --------------------------------------------------------

--
-- Table structure for table `hz_import`
--

CREATE TABLE IF NOT EXISTS `hz_import` (
  `id` int(8) NOT NULL AUTO_INCREMENT,
  `filename` varchar(200) NOT NULL,
  `tablename` varchar(100) NOT NULL,
  PRIMARY KEY (`id`)
) ENGINE=InnoDB  DEFAULT CHARSET=latin1 AUTO_INCREMENT=4 ;

--
-- Dumping data for table `hz_import`
--

INSERT INTO `hz_import` (`id`, `filename`, `tablename`) VALUES
(1, 'Book1.xlsx', 'hz_employees'),
(2, 'ok1.xlsx', 'hz_employees'),
(3, 'ooooook1.xlsx', 'hz_registration');

-- --------------------------------------------------------

--
-- Table structure for table `hz_make`
--

CREATE TABLE IF NOT EXISTS `hz_make` (
  `id` int(8) NOT NULL AUTO_INCREMENT,
  `hw_id` int(8) NOT NULL,
  `name` varchar(200) NOT NULL,
  PRIMARY KEY (`id`),
  KEY `hw_id` (`hw_id`)
) ENGINE=InnoDB  DEFAULT CHARSET=latin1 AUTO_INCREMENT=42 ;

--
-- Dumping data for table `hz_make`
--

INSERT INTO `hz_make` (`id`, `hw_id`, `name`) VALUES
(1, 1, 'HP'),
(2, 1, 'DELL'),
(3, 1, 'LENOVO'),
(7, 2, 'HP'),
(9, 2, 'LENOVO'),
(10, 2, 'SONY'),
(13, 3, 'EPSON'),
(14, 3, 'HP'),
(15, 3, 'SAMSUNG'),
(16, 3, 'WIPRO'),
(17, 3, 'XEROX'),
(18, 4, 'BENQ'),
(19, 4, 'CANNON'),
(20, 4, 'HP'),
(21, 3, 'OTHERMAKE'),
(22, 6, 'HP(SERVER)'),
(23, 7, 'CISCO(ROUTER)'),
(24, 8, 'SYMANTEC(FIREWALL)'),
(25, 9, 'MICROTEK(RF)'),
(26, 9, 'FIREPRO(RF)'),
(27, 10, 'ALTECH(WIRELESS)'),
(28, 10, 'DLINK(WIRELESS)'),
(29, 10, 'BELKIN(WIRELESS)'),
(30, 11, 'CISCO(SWITCH)'),
(31, 11, 'DLINK(SWITCH)'),
(32, 12, 'CAMERA'),
(33, 13, 'HP'),
(34, 13, 'LENOVO'),
(35, 13, 'SONY'),
(36, 4, 'FUJIFSU'),
(37, 6, 'DELL'),
(38, 6, 'HP'),
(39, 6, 'ALPHA COMPAQ'),
(40, 6, 'IBM'),
(41, 14, 'HP');

-- --------------------------------------------------------

--
-- Table structure for table `hz_model`
--

CREATE TABLE IF NOT EXISTS `hz_model` (
  `id` int(8) NOT NULL AUTO_INCREMENT,
  `make_id` int(8) NOT NULL,
  `modelname` varchar(200) NOT NULL,
  PRIMARY KEY (`id`),
  KEY `make_id` (`make_id`)
) ENGINE=InnoDB  DEFAULT CHARSET=latin1 AUTO_INCREMENT=83 ;

--
-- Dumping data for table `hz_model`
--

INSERT INTO `hz_model` (`id`, `make_id`, `modelname`) VALUES
(1, 1, '2280'),
(2, 1, '6100'),
(4, 1, '6120MT'),
(5, 1, '7200MT'),
(6, 1, '220MT'),
(7, 2, '745'),
(8, 2, '755'),
(9, 3, '5032'),
(10, 3, '5536'),
(11, 3, '7483'),
(12, 7, '6930P'),
(13, 10, 'SONY VAIO'),
(14, 9, 'R-60'),
(15, 9, 'R-61'),
(18, 9, 'L-410'),
(19, 9, 'L-412'),
(20, 9, 'L-420'),
(21, 9, 'X201i'),
(22, 18, 'BENQ'),
(23, 19, 'CANNON'),
(24, 20, 'SCANJET 2400'),
(25, 20, 'SCANJET G-2410'),
(26, 22, 'HP PROLIANT DL 380 G5'),
(27, 22, 'PROLIANT DL-380-G4'),
(28, 22, 'POWERAGE 2950'),
(29, 22, '1200'),
(30, 22, 'IBM SYSTEM X3650 M3'),
(31, 23, '1751v'),
(32, 24, '5420'),
(33, 27, 'ALTECH'),
(34, 28, 'DWL-3200AP'),
(35, 29, 'BELKIN'),
(36, 33, '6930P'),
(37, 34, 'R-60'),
(38, 34, 'R-61'),
(39, 34, 'L-410'),
(40, 34, 'L-412'),
(41, 34, 'L-420'),
(42, 34, 'X201i'),
(43, 35, 'SONY VAIO'),
(44, 9, 'R400'),
(46, 36, 'FI-5530-C2'),
(47, 20, 'G3010'),
(48, 1, 'D-290'),
(49, 37, 'POWERAGE 2950'),
(50, 38, 'IBM SYSTEM X3650 M3 '),
(51, 39, '1200'),
(52, 9, '3000N200'),
(53, 40, '3550 M2'),
(54, 30, '3550 '),
(55, 30, '2950 T '),
(56, 30, '2950 C '),
(57, 30, '2950 '),
(58, 31, 'DES 1024R '),
(59, 31, 'DES 1016D '),
(60, 31, '1008V / D '),
(61, 30, 'WS-C3750G-12S-E '),
(62, 30, 'GLC-LH-SM '),
(63, 30, 'GLC-T '),
(64, 30, 'PWR675-AC-RPS-N1 '),
(65, 30, 'CAB-RPS-1614 '),
(66, 30, 'CONT-SNT-3750G12E '),
(67, 30, 'WS-C2970G-24TS-E '),
(68, 30, 'WS-C2960G-24TC-L '),
(69, 30, 'WS-C2948G-GE-TX '),
(70, 30, 'WS-C2960G-48TC-L '),
(71, 30, 'WS-C3750G-48TS-S '),
(72, 30, 'WS-C3560G-24TS-S '),
(73, 30, 'SG 300-28 '),
(74, 31, 'DES-24 '),
(75, 31, 'DES-16 '),
(76, 31, 'DES-8'),
(77, 30, 'SG 100-24 '),
(78, 30, 'SG 100-16 '),
(79, 41, 'Q12'),
(80, 41, 'QQ'),
(81, 34, 'R-400'),
(82, 34, 'ALL');

-- --------------------------------------------------------

--
-- Table structure for table `hz_network`
--

CREATE TABLE IF NOT EXISTS `hz_network` (
  `id` int(11) NOT NULL AUTO_INCREMENT,
  `location` varchar(200) NOT NULL,
  `item` varchar(200) NOT NULL,
  `make` varchar(200) NOT NULL,
  `model` varchar(200) NOT NULL,
  `serial` varchar(200) NOT NULL,
  `quantity` int(10) NOT NULL,
  `type` varchar(200) NOT NULL,
  `amcwar` varchar(200) NOT NULL,
  `warnorvendor` varchar(200) NOT NULL,
  PRIMARY KEY (`id`)
) ENGINE=InnoDB DEFAULT CHARSET=latin1 AUTO_INCREMENT=1 ;

--
-- Dumping data for table `hz_network`
--


-- --------------------------------------------------------

--
-- Table structure for table `hz_otherregistration`
--

CREATE TABLE IF NOT EXISTS `hz_otherregistration` (
  `id` int(8) NOT NULL AUTO_INCREMENT,
  `empid` bigint(6) unsigned zerofill NOT NULL,
  `hardware` int(8) NOT NULL,
  `make` int(8) NOT NULL,
  `model` int(8) NOT NULL,
  `receivername` varchar(200) NOT NULL,
  `issuedate` bigint(20) NOT NULL,
  `issuedby` varchar(200) NOT NULL,
  `otherstatus` text NOT NULL,
  `activestatus` enum('A','D') NOT NULL DEFAULT 'A',
  PRIMARY KEY (`id`),
  KEY `empid` (`empid`,`make`,`model`),
  KEY `hardware` (`hardware`),
  KEY `make` (`make`),
  KEY `model` (`model`)
) ENGINE=InnoDB  DEFAULT CHARSET=latin1 AUTO_INCREMENT=11 ;

--
-- Dumping data for table `hz_otherregistration`
--

INSERT INTO `hz_otherregistration` (`id`, `empid`, `hardware`, `make`, `model`, `receivername`, `issuedate`, `issuedby`, `otherstatus`, `activestatus`) VALUES
(1, 109464, 14, 41, 79, 'PEON', 1173983400, 'CSC-IT', 'OK', 'D'),
(2, 263041, 13, 34, 81, 'ANKUR GUPTA', 1328639400, 'MR. MANOJ SARAN', 'OK', 'A'),
(3, 266019, 13, 34, 38, 'SANAY PAL', 1329417000, 'MR. MANOJ SARAN', 'OK', 'A'),
(4, 653622, 13, 34, 38, 'K K SHARMA', 1329503400, 'MR. MANOJ SARAN', 'OK', 'A'),
(5, 261577, 13, 34, 38, 'MR. GIRISH BHATTARMAKI', 1329676200, 'MR. MANOJ SARAN', 'OK', 'A'),
(6, 297279, 13, 34, 38, 'MR YOGENDRA LAD', 1341340200, 'MR. MANOJ SARAN', 'OK', 'A'),
(7, 269362, 13, 34, 38, 'MR M. NAMBI', 1342031400, 'MR. MANOJ SARAN', 'OK', 'A'),
(8, 401971, 13, 34, 38, 'MR K L NARAYANA', 1343586600, 'MR. MANOJ SARAN', 'OK', 'A'),
(9, 109464, 13, 34, 38, 'MR. R S KOLI', 1345487400, 'MR. MANOJ SARAN', 'OK', 'A'),
(10, 299581, 13, 34, 38, 'MR H S TANEJA', 1345833000, 'MR MANOJ SARAN', 'OK', 'A');

-- --------------------------------------------------------

--
-- Table structure for table `hz_otherstock`
--

CREATE TABLE IF NOT EXISTS `hz_otherstock` (
  `id` int(8) NOT NULL AUTO_INCREMENT,
  `department` int(5) NOT NULL,
  `hardware` int(8) NOT NULL,
  `make` int(8) NOT NULL,
  `model` int(8) NOT NULL,
  `invoiceno` varchar(100) NOT NULL,
  `orderdate` bigint(20) NOT NULL,
  `partyname` varchar(150) NOT NULL,
  `receivername` varchar(150) NOT NULL,
  `quantity` int(5) NOT NULL,
  `rate` decimal(10,2) NOT NULL,
  `otherstatus` varchar(200) NOT NULL,
  PRIMARY KEY (`id`),
  KEY `department` (`department`),
  KEY `department_2` (`department`),
  KEY `department_3` (`department`),
  KEY `hardware` (`hardware`),
  KEY `make` (`make`),
  KEY `model` (`model`)
) ENGINE=InnoDB  DEFAULT CHARSET=latin1 AUTO_INCREMENT=6 ;

--
-- Dumping data for table `hz_otherstock`
--

INSERT INTO `hz_otherstock` (`id`, `department`, `hardware`, `make`, `model`, `invoiceno`, `orderdate`, `partyname`, `receivername`, `quantity`, `rate`, `otherstatus`) VALUES
(3, 2, 13, 34, 81, '104', 1328466600, 'M/S COMPUTECH PVT LTD.', 'CSC-IT', 5, 2150.00, 'OK'),
(4, 2, 13, 34, 38, '104', 1328466600, 'M/S COMPUTECH PVT. LTD.', 'CSC-IT', 10, 2150.00, 'OK'),
(5, 2, 13, 34, 82, '104', 1328466600, 'M/S COMPUTECH PVT LTD.', 'CSC-IT', 10, 1500.00, 'OK');

-- --------------------------------------------------------

--
-- Table structure for table `hz_printermodel`
--

CREATE TABLE IF NOT EXISTS `hz_printermodel` (
  `id` int(8) NOT NULL AUTO_INCREMENT,
  `printertype_id` int(8) NOT NULL,
  `printermodel` varchar(240) NOT NULL,
  `hasnetwork` int(2) NOT NULL,
  PRIMARY KEY (`id`),
  KEY `printertype_id` (`printertype_id`)
) ENGINE=InnoDB  DEFAULT CHARSET=latin1 AUTO_INCREMENT=65 ;

--
-- Dumping data for table `hz_printermodel`
--

INSERT INTO `hz_printermodel` (`id`, `printertype_id`, `printermodel`, `hasnetwork`) VALUES
(1, 1, 'LQ-2070', 0),
(2, 1, 'LQ-2090+', 0),
(3, 1, 'LQ-1070+', 0),
(4, 1, 'FX-2175', 0),
(5, 1, 'FX-1170', 0),
(6, 1, 'DFX-8500', 0),
(7, 1, 'EX-300+', 0),
(9, 1, 'LX-800', 0),
(10, 1, 'DSI-5235', 0),
(11, 1, 'HQ-1070DX', 0),
(12, 1, 'EX-200DX', 0),
(13, 2, '3745', 0),
(14, 2, '1000', 0),
(15, 2, '1120C', 0),
(16, 3, '1410PCS', 0),
(17, 3, '5610', 0),
(18, 4, 'LASERJET 1010', 0),
(19, 4, 'LASERJET 1000', 0),
(20, 4, 'LASERJET 1150', 0),
(21, 8, 'LASERJET 2420N', 1),
(22, 8, 'LASERJET P3005N', 1),
(23, 8, 'LASERJET 1022N', 1),
(24, 4, 'LASERJET 1020', 0),
(25, 4, 'LASERJET 1160', 0),
(26, 4, 'LASERJET 1320', 1),
(27, 8, 'LASERJET 1505N', 1),
(28, 8, 'LASERJET 2015DN', 1),
(29, 8, 'LASERJET 2055DN', 1),
(30, 5, 'LASERJET All IN ONE PE-220', 0),
(31, 9, 'LASERJET All IN ONE 3392N', 1),
(32, 5, 'LASERJET All IN ONE 3050', 0),
(33, 9, 'LASERJET All IN ONE 3055N', 1),
(34, 5, 'LASERJET All IN ONE 3030', 0),
(35, 9, 'LASERJET All IN ONE 2727N', 1),
(36, 9, 'LASERJET All IN ONE 1319MFP', 1),
(37, 5, 'LASERJET All IN ONE 3390', 1),
(38, 9, 'LASERJET All IN ONE 1522NF', 1),
(39, 6, 'COLOR LASERJET 1515N', 0),
(40, 7, '1017', 1),
(41, 7, 'SCX 4200', 1),
(42, 1, 'EX-330+', 0),
(43, 9, 'LASERJET All IN ONE 3392', 1),
(44, 8, 'LASERJET 1536', 0),
(45, 1, 'LX300+II', 0),
(46, 8, 'LASERJET 1606DN', 0),
(47, 8, 'LASERJET 1213NF', 0),
(48, 4, 'LASERJET P1008', 0),
(49, 1, 'LX-300', 0),
(50, 6, 'COLOR LASER JET 5610', 0),
(51, 10, 'ALL IN ONE ', 0),
(52, 5, 'LASER JET 1213NF MFP', 0),
(53, 9, 'LASER JET ALL IN ONE NETWORK 1213NF', 0),
(54, 2, '1180C', 0),
(55, 2, '1280C', 0),
(56, 8, 'P2014', 0),
(57, 9, 'LASER JET 3390', 0),
(58, 2, '3940', 0),
(59, 2, '5160', 0),
(60, 2, '5752', 0),
(61, 6, 'COLOR LASER JET 2550L', 0),
(62, 2, '5652', 0),
(63, 1, 'LQ-1150', 0),
(64, 4, '1020+', 0);

-- --------------------------------------------------------

--
-- Table structure for table `hz_printertype`
--

CREATE TABLE IF NOT EXISTS `hz_printertype` (
  `id` int(8) NOT NULL AUTO_INCREMENT,
  `hw_id` int(8) NOT NULL,
  `printertype` varchar(200) NOT NULL,
  `hasnetwork` int(1) NOT NULL DEFAULT '0',
  PRIMARY KEY (`id`),
  KEY `printer_id` (`hw_id`)
) ENGINE=InnoDB  DEFAULT CHARSET=latin1 AUTO_INCREMENT=11 ;

--
-- Dumping data for table `hz_printertype`
--

INSERT INTO `hz_printertype` (`id`, `hw_id`, `printertype`, `hasnetwork`) VALUES
(1, 3, 'DMP', 0),
(2, 3, 'DESKJET', 0),
(3, 3, 'DESKJET ALL IN ONE', 0),
(4, 3, 'LASER JET', 0),
(5, 3, 'LASER JET ALL IN ONE', 0),
(6, 3, 'COLOR LASER JET', 0),
(7, 3, 'COLOR LASER JET NETWORK', 1),
(8, 3, 'LASER JET NETWORK', 1),
(9, 3, 'LASER JET ALL IN ONE NETWORK', 1),
(10, 3, 'SAMSUNG ALL IN ONE PRINTER', 0);

-- --------------------------------------------------------

--
-- Table structure for table `hz_products`
--

CREATE TABLE IF NOT EXISTS `hz_products` (
  `productID` int(11) NOT NULL AUTO_INCREMENT,
  `stockID` int(11) NOT NULL,
  `configurationID` int(11) NOT NULL,
  `serial` varchar(255) NOT NULL,
  `status` tinyint(4) NOT NULL,
  PRIMARY KEY (`productID`),
  KEY `stockID` (`stockID`),
  KEY `configurationID` (`configurationID`)
) ENGINE=MyISAM  DEFAULT CHARSET=latin1 AUTO_INCREMENT=53 ;

--
-- Dumping data for table `hz_products`
--

INSERT INTO `hz_products` (`productID`, `stockID`, `configurationID`, `serial`, `status`) VALUES
(1, 240, 0, '1111', 1),
(2, 240, 0, '2222', 1),
(3, 240, 0, '33333', 1),
(4, 240, 0, '44444', 1),
(5, 240, 0, '55555', 1),
(6, 241, 0, '11111', 1),
(7, 241, 0, '22222', 1),
(8, 241, 0, '33333', 1),
(9, 241, 0, '44444', 1),
(10, 241, 0, '55555', 1),
(11, 242, 0, '111111111', 1),
(12, 242, 0, '2222222', 1),
(13, 242, 0, '444444444', 1),
(14, 242, 0, '5554654', 1),
(15, 242, 0, '654654', 1),
(16, 242, 0, '64654', 1),
(17, 242, 0, '3333333', 1),
(18, 243, 0, 'HPDESKTOP2280-01', 1),
(19, 243, 0, 'HPDESKTOP2280-02', 1),
(20, 243, 0, 'HPDESKTOP2280-03', 1),
(21, 243, 0, 'HPDESKTOP2280-04', 1),
(22, 243, 0, 'HPDESKTOP2280-05', 1),
(23, 243, 0, 'HPDESKTOP2280-06', 1),
(24, 243, 0, 'HPDESKTOP2280-07', 1),
(25, 243, 0, 'HPDESKTOP2280-08', 1),
(26, 243, 0, 'HPDESKTOP2280-09', 1),
(27, 243, 0, 'HPDESKTOP2280-10', 1),
(28, 243, 0, 'HPDESKTOP2280-11', 1),
(29, 243, 0, 'HPDESKTOP2280-12', 1),
(39, 249, 23, ' CPU Serial #:1', 1),
(40, 249, 23, ' CPU Serial #:2', 1),
(41, 249, 23, ' CPU Serial #:3', 1),
(42, 249, 0, 'Monitor Serial #:1', 1),
(43, 249, 0, 'Monitor Serial #:2', 1),
(44, 249, 0, 'Monitor Serial #:3', 1),
(45, 250, 0, 'Serial #1:', 1),
(46, 250, 0, 'Serial #2:', 1),
(47, 250, 0, 'Serial #3:', 1),
(48, 250, 0, 'Serial #4:', 1),
(49, 251, 0, 'DMP1', 1),
(50, 251, 0, 'DMP2', 1),
(51, 251, 0, 'DMP3', 1),
(52, 251, 0, 'DMP4', 1);

-- --------------------------------------------------------

--
-- Table structure for table `hz_registration`
--

CREATE TABLE IF NOT EXISTS `hz_registration` (
  `id` int(11) NOT NULL AUTO_INCREMENT,
  `empid` varchar(255) NOT NULL,
  `hardware` int(8) NOT NULL,
  `cartage` varchar(200) NOT NULL,
  `printertype` varchar(200) NOT NULL,
  `make` int(8) NOT NULL,
  `model` int(8) NOT NULL,
  `cpuno` varchar(150) NOT NULL,
  `monitortype` varchar(50) NOT NULL,
  `monitorno` varchar(150) NOT NULL,
  `sysconfig` varchar(230) NOT NULL,
  `assetcode` varchar(50) NOT NULL,
  `ipaddr` varchar(100) NOT NULL,
  `officever` varchar(100) NOT NULL,
  `licensesoft` varchar(50) NOT NULL,
  `internet` varchar(50) NOT NULL,
  `internettype` varchar(50) NOT NULL,
  `warnorvendor` varchar(200) NOT NULL,
  `date` bigint(10) NOT NULL,
  `otheritasset` varchar(100) NOT NULL,
  `status` mediumtext NOT NULL,
  `activestatus` enum('A','D','T') NOT NULL DEFAULT 'A',
  PRIMARY KEY (`id`),
  KEY `empid` (`empid`),
  KEY `hardware` (`hardware`),
  KEY `make` (`make`),
  KEY `model` (`model`)
) ENGINE=InnoDB  DEFAULT CHARSET=latin1 AUTO_INCREMENT=441 ;

--
-- Dumping data for table `hz_registration`
--

INSERT INTO `hz_registration` (`id`, `empid`, `hardware`, `cartage`, `printertype`, `make`, `model`, `cpuno`, `monitortype`, `monitorno`, `sysconfig`, `assetcode`, `ipaddr`, `officever`, `licensesoft`, `internet`, `internettype`, `warnorvendor`, `date`, `otheritasset`, `status`, `activestatus`) VALUES
(1, '653884', 2, 'NONE', '0', 9, 20, 'LR6A0TH ', 'NONE', 'NONE', 'CORE i5-2540M 2.60 GHZ , 4GB RAM , 320GB HDD', 'HZL/CZ/LT/LR6A0TH ', '10.101.22.68', '2007', 'NO', 'YES', 'WAR', '1408559400', 1342463400, 'NO', 'HOST NAME- CS-MM-SSOLANKI', 'A'),
(2, '297279', 2, 'NONE', '0', 9, 18, 'LRHGPAT ', 'NONE', 'NONE', 'INTEL CORE(P8700(2.53Ghz), 4GB RAM, 250GB HDD, 14.1 LCD', 'HZL/CZ/LT/LRHGPAT ', '10.101.23.238', '2007', 'NO', 'YES', 'WAR', '1377714600', 1342463400, 'NO', 'MODEL-2931AE3', 'A'),
(3, '295624', 2, 'NONE', '0', 9, 20, 'LR-8AN97 ', 'NONE', 'NONE', 'CORE i5-2540M 2.60 GHZ , 4GB RAM , 320GB HDD', 'HZL/CZ/LT/LR-8AN97 ', '10.101.48.205', '2007', 'NO', 'YES', 'WAR', '1412361000', 1339180200, 'NO', 'MODEL 7829DJ2', 'A'),
(4, '401502', 2, 'NONE', '0', 9, 20, 'LR-3Y3CT ', 'NONE', 'NONE', 'INTEL core i5(2.40GHZ), 4GB RAM, 320GB HDD', 'HZL/CZ/LT/LR-3Y3CT ', '10.101.20.134', '2007', 'NO', 'YES', 'WAR', '1408559400', 1322073000, 'NO', 'MODEL 7829', 'T'),
(5, '366569', 2, 'NONE', '0', 9, 15, 'L3-H7972 ', 'NONE', 'NONE', 'CORE 2 DUO,  2.26 GHZ, 2 GB DDR3 RAM, 160GB SATA HDD, DVD-RW, 14.1 WXGA', 'HZL/CZ/LT/L3-H7972 ', '10.101.23.154', '2007', 'NO', 'YES', 'AMC', 'INSURED', 1323282600, 'NO', 'HOST NAME-CS-PM-AJAIN', 'D'),
(6, '264024', 2, 'NONE', '0', 9, 20, 'LR-3Y3BN ', 'NONE', 'NONE', 'CORE i5-2540M 2.60 GHZ , 4GB RAM , 320GB HDD', 'HZL/CZ/LT/LR-3Y3BN ', '10.101.21.198', '2007', 'NO', 'YES', 'WAR', '1408559400', 1317925800, 'NO', 'MODEL 7829,  HOST NAME- CS-PM-AMITS', 'A'),
(7, '663913', 2, 'NONE', '0', 9, 15, 'L3-F7946 ', 'NONE', 'NONE', 'CORE 2 DUO,  2.26 GHZ, 2 GB DDR3 RAM, 160GB SATA HDD, DVD-RW, 14.1 WXGA', 'HZL/CZ/LT/L3-F7946 ', '10.101.21.160', '2007', 'NO', 'YES', 'AMC', 'INSURED', 1321295400, 'NO', 'BLACK BERY MODEL N.8820 S/N 353763013872862\n HOST NAME- CS-PM-KGBALDI', 'A'),
(8, '605735', 2, 'NONE', '0', 9, 44, 'R8-EAMV2 ', 'NONE', 'NONE', 'CORE 2 DUO,  2.26 GHZ, 2 GB DDR3 RAM, 160GB SATA HDD, DVD-RW, 14.1 WXGA', 'HZL/CZ/LT/R8-EAMV2 ', '10.101.23.112', '2007', 'NO', 'YES', 'WAR', '1347129000', 1322591400, 'NO', 'MODEL 7440-C83,  HOST NAME- CS-PM-DEEVESHP', 'A'),
(9, '562807', 2, 'NONE', '0', 9, 20, 'LR-3Y3BM ', 'NONE', 'NONE', 'INTEL CORE 2 DUO 2.26 GHZ , 3 GB RAM ,250 GB HDD ', 'HZL/CZ/LT/LR-3Y3BM ', '10.101.23.92', '2007', 'NO', 'YES', 'WAR', '1408559400', 1321554600, 'NO', 'MODEL 7829,  HOST NAME- CS-SS-RAJIV', 'D'),
(10, '500377', 2, 'NONE', '0', 9, 20, 'LR-3Y3CV ', 'NONE', 'NONE', 'CORE i5-2540M 2.60 GHZ , 4GB RAM , 320GB HDD', 'HZL/CZ/LT/LR-3Y3CV ', '10.101.23.149', '2007', 'NO', 'YES', 'WAR', '1408559400', 1316370600, 'NO', 'MODEL 7829', 'A'),
(11, '261276', 2, 'NONE', '0', 9, 20, 'LR-3Y3BP ', 'NONE', 'NONE', 'CORE i5-2540M 2.60 GHZ , 4GB RAM , 320GB HDD', 'HZL/CZ/LT/LR-3Y3BP ', '10.101.23.62', '2007', 'NO', 'YES', 'WAR', '1408559400', 1316025000, 'NO', 'MODEL 7829,  HOST NAME- CS-SAP-ANIL', 'A'),
(12, '109464', 2, 'NONE', '0', 9, 20, 'LR-Y129E', 'NONE', 'NONE', 'CORE I5-2540M 2.60 GHZ , 4GB RAM , 320GB HDD', 'HZL/CZ/LT/LR-Y129E', '10.101.22.134', '2007', 'NO', 'YES', 'WAR', '1436639400', 1352917800, 'NO', 'HOST NAME- CS-COM-RSKOLI', 'A'),
(13, '262330', 2, 'NONE', '0', 9, 19, 'LR-YNDNE ', 'NONE', 'NONE', 'CORE i5-2540M 2.60 GHZ , 4GB RAM , 320GB HDD', 'HZL/CZ/LT/LR-YNDNE ', '10.101.23.116', '2007', 'NO', 'YES', 'WAR', '1386268200', 1315161000, 'NO', 'MODEL 585,  HOST NAME- CS-COM-SUNIPAR', 'A'),
(14, '274784', 2, 'NONE', '0', 9, 20, 'LR-6A0TF ', 'NONE', 'NONE', 'CORE i5-2540M 2.60 GHZ , 4GB RAM , 320GB HDD', 'HZL/CZ/LT/LR-6A0TF ', '10.101.23.183', '2007', 'NO', 'YES', 'WAR', '1408559400', 1319135400, 'NO', 'MODEL 7829', 'A'),
(15, '249405', 2, 'NONE', '0', 9, 20, 'LR-3Y3CM ', 'NONE', 'NONE', 'CORE i5-2540M 2.60 GHZ , 4GB RAM , 320GB HDD', 'HZL/CZ/LT/LR-3Y3CM ', '10.101.21.79', '2007', 'NO', 'YES', 'WAR', '1408559400', 1322591400, 'NO', 'MODEL 7829', 'A'),
(16, '296115', 2, 'NONE', '0', 9, 18, 'LR-AWLME ', 'NONE', 'NONE', 'CORE 2 DUO,2.53 GHZ,4GB RAM,250 GB HDD,DVD-RW ', 'HZL/CZ/LT/LR-AWNME ', '10.101.21.138', '2007', 'NO', 'YES', 'WAR', '1376073000', 1312223400, 'NO', 'MODEL 2931AD5,  HOST NAME- CS-CPP-SUSHANTS', 'A'),
(17, '108795', 2, 'NONE', '0', 9, 44, 'L3-B1838 ', 'NONE', 'NONE', 'CORE 2 DUO,  2.26 GHZ, 2 GB DDR3 RAM, 160GB SATA HDD, DVD-RW, 14.1 WXGA', 'HZL/CZ/LT/L3-B1838 ', '10.101.23.225', '2007', 'NO', 'YES', 'AMC', 'INSURED', 1310841000, 'NO', 'MODEL 7440-C83', 'A'),
(18, '277545', 2, 'NONE', '0', 9, 44, 'R8-AEPFT ', 'NONE', 'NONE', 'INTEL CORE 2 DUO 2.26 GHZ , 3 GB RAM ,250 GB HDD ', 'HZL/CZ/LT/R8-AEPFT ', '10.101.23.187', '2007', 'NO', 'YES', 'WAR', '1352658600', 1314642600, 'NO', 'MODEL 7440-C83', 'A'),
(19, '653156', 2, 'NONE', '0', 9, 15, 'L3-K4439', 'NONE', 'NONE', 'CORE 2 DUO, 1.8 GHZ, 1 +1=2GB RAM, 120GB SATA HDD, DVD-WRITER, 14.1 WXGA', 'HZL/CZ/LT/L3-K4439', '10.101.23.49', '2007', 'NO', 'YES', 'AMC', 'INSURED', 1311013800, 'NO', '-', 'A'),
(20, '299581', 2, 'NONE', '0', 9, 20, 'LR-Y129D', 'NONE', 'NONE', 'INTEL CORE I5(2.40GHZ), 4GB RAM, 320GB HDD', 'HZL/CZ/LT/3135002010//LR-Y129D', '10.101.23.61', '2007', 'NO', 'YES', 'WAR', '1422124200', 1349893800, 'NO', 'OLD LAPTOP  R-61 L3-H7965 SUBMITTED IN IT, HOSTNAME- CS-FIN-HSTANEJA', 'A'),
(21, '277134', 2, 'NONE', '0', 9, 44, 'R8-KVZPD ', 'NONE', 'NONE', 'CORE 2 DUO,  2.26 GHZ, 2 GB DDR3 RAM, 160GB SATA HDD, DVD-RW, 14.1 WXGA', 'HZL/CZ/LT/R8-KVZPD ', '10.101.21.113', '2007', 'NO', 'YES', 'AMC', 'INSURED', 1307039400, 'NO', 'MODEL- 7440-C83', 'A'),
(22, '273073', 2, 'NONE', '0', 9, 18, 'LR-FEWAH ', 'NONE', 'NONE', 'INTEL CORE 2 DUO 2.53 GHZ , 4 GB RAM ,300 GB HDD', 'HZL/CZ/LT/LR-FEWAH ', '10.101.23.178', '2007', 'NO', 'YES', 'WAR', '1376073000', 1301509800, 'NO', 'MODEL 2931AD5, HOST NAME- CS-PM-KGOYAL', 'A'),
(23, '109338', 2, 'NONE', '0', 9, 19, 'LR-YNDNG ', 'NONE', 'NONE', 'CORE I5-2540M 2.60 GHZ , 4GB RAM , 320GB HDD', 'HZL/CZ/LT/LR-YNDNG ', '10.101.23.118', '2007', 'NO', 'YES', 'WAR', '1386268200', 1345401000, 'NO', 'OLD LAPTOP IS LOST NEW LAPTOP IS ISSUE,CS-SAP-GPYADAV', 'A'),
(24, '271376', 2, 'NONE', '0', 9, 19, 'LR-YNDMD ', 'NONE', 'NONE', 'CORE i5-2540M 2.60 GHZ , 4GB RAM , 320GB HDD', 'HZL/CZ/LT/LR-YNDMD ', '10.101.23.143', '2007', 'NO', 'YES', 'WAR', '1386268200', 1294079400, 'NO', 'MODEL 0585-CH5, HOST NAME- CS-PM-MADAN', 'A'),
(25, '295886', 2, 'NONE', '0', 9, 18, 'LR-AWLMN ', 'NONE', 'NONE', 'INTEL CORE(P8700(2.53Ghz), 4GB RAM, 250GB HDD, 14.1 LCD', 'HZL/CZ/LT/LR-AWLMN ', '10.101.23.127', '2007', 'NO', 'YES', 'WAR', '1371234600', 1325010600, 'NO', 'MODEL 2931AD5\nHOST NAME-CS-CPP-NJOSHI', 'A'),
(26, '297266', 2, 'NONE', '0', 9, 19, 'LR-YNDNH ', 'NONE', 'NONE', 'INTEL core i5(2.40GHZ), 4GB RAM, 320GB HDD', 'HZL/CZ/LT/LR-YNDNH ', '10.101.20.242', '2007', 'NO', 'YES', 'WAR', '1386268200', 1293647400, 'MOUSE', 'MODEL 0585-CH5\nHOST NAME CS-PM-MAHALINAM', 'A'),
(27, '401489', 2, 'NONE', '0', 9, 19, 'LR-YNDMX ', 'NONE', 'NONE', 'INTEL core i5(2.40GHZ), 4GB RAM, 320GB HDD', 'HZL/CZ/LT/LR-YNDMX ', '10.101.23.129', '2007', 'NO', 'YES', 'WAR', '1386268200', 1293647400, 'NO', 'MODEL 0585-CH5', 'A'),
(28, '401984', 2, 'NONE', '0', 9, 44, 'L3-B1816 ', 'NONE', 'NONE', 'CORE 2 DUO,  2.26 GHZ, 2 GB DDR3 RAM, 160 GB SATA HDD, DVD-RW, 14.1" WXGA ', 'HZL/CZ/LT/L3-B1816 ', '10.101.23.56', '2007', 'NO', 'YES', 'AMC', 'INSURED', 1303497000, 'NO', 'MODEL 7439\nHOST NAME CS-PM-ASHISHK', 'A'),
(29, '653033', 2, 'NONE', '0', 9, 44, 'L9-03338 ', 'NONE', 'NONE', 'CORE 2 DUO,  2.26 GHZ, 2 GB DDR3 RAM, 160GB SATA HDD, DVD-RW, 14.1 WXGA', 'HZL/CZ/LT/L9-03338 ', '10.101.23.165', '2007', 'NO', 'YES', 'AMC', 'INSURED', 1293820200, 'NO', 'MODEL 7440-C83', 'A'),
(30, '263889', 2, 'NONE', '0', 9, 20, 'LR-3Y3CN ', 'NONE', 'NONE', 'CORE i5-2540M 2.60 GHZ , 4GB RAM , 320GB HDD', 'HZL/CZ/LT/LR-3Y3CN ', '10.101.21.66', '2007', 'NO', 'YES', 'WAR', '1408559400', 1321209000, 'NO', 'MODEL 7829\nHOST NAME CS-PM-SKRAMA', 'A'),
(31, '401654', 2, 'NONE', '0', 9, 44, 'R8-EAMT7 ', 'NONE', 'NONE', 'INTEL CORE(P8700(2.53Ghz), 4GB RAM, 250GB HDD, 14.1 LCD', 'HZL/CZ/LT/R8-EAMT7 ', '10.101.23.90', '2007', 'NO', 'YES', 'WAR', '1354645800', 1267641000, 'NO', 'MODEL 7440-C83\nHOST NAME CS-SAP-PVIJAY', 'A'),
(32, '469227', 2, 'NONE', '0', 9, 19, 'LR-YNDMT ', 'NONE', 'NONE', 'INTEL core i5(2.40GHZ), 4GB RAM, 320GB HDD', 'HZL/CZ/LT/LR-YNDMT ', '10.101.21.120', '2007', 'NO', 'YES', 'WAR', '1386268200', 1294079400, 'NO', 'MODEL 0585-CH5\nHOST NAME CS-SD-RSJHA', 'A'),
(33, '401735', 2, 'NONE', '0', 9, 18, 'LR-FEWAK ', 'NONE', 'NONE', 'INTEL core i5(2.40GHZ), 4GB RAM, 320GB HDD', 'HZL/CZ/LT/LR-FEWAK ', '10.101.23.79', '2007', 'NO', 'YES', 'WAR', '1376073000', 1304965800, 'NO', 'MODEL 2931AD5', 'A'),
(34, '263041', 2, 'NONE', '0', 9, 15, 'L3-R4097 ', 'NONE', 'NONE', 'CORE 2 DUO,  2.26 GHZ, 2 GB DDR3 RAM, 160GB SATA HDD, DVD-RW, 14.1 WXGA', 'HZL/CZ/LT/L3-R4097 ', '10.101.23.83', '2007', 'NO', 'YES', 'AMC', 'INSURED', 1267554600, 'NO', 'HOST NAME CS-FIN-ANKUR', 'D'),
(35, '266019', 2, 'NONE', '0', 9, 44, 'R8-EAMV1', 'NONE', 'NONE', 'CORE 2 DUO,  2.26 GHZ, 2 GB DDR3 RAM, 160GB SATA HDD, DVD-RW, 14.1 WXGA', 'HZL/CZ/LT/R8-EAMV1', '10.101.23.219', '2007', 'NO', 'YES', 'WAR', '1348511400', 1256754600, 'NO', 'MODEL 7440-C83', 'A'),
(36, '675118', 2, 'NONE', '0', 9, 15, 'L3-H7956 ', 'NONE', 'NONE', 'CORE 2 DUO, 1.8 GHZ, 1 +1=2GB RAM, 120GB SATA HDD, DVD-WRITER, 14.1 WXGA', 'HZL/CZ/LT/L3-H7956 ', '10.101.20.104', '2007', 'NO', 'YES', 'AMC', 'INSURED', 1226341800, 'NO', '-', 'A'),
(37, '268567', 2, 'NONE', '0', 9, 20, 'LR3Y3CR ', 'NONE', 'NONE', 'CORE i5-2540M 2.60 GHZ , 4GB RAM , 320GB HDD', 'HZL/CZ/LT/LR3Y3CR ', '10.101.23.131', '2007', 'NO', 'YES', 'WAR', '1408559400', 1344623400, 'NO', 'MODEL 7829\nHOST NAME CS-PM-AJAYANDRA', 'A'),
(38, '650751', 2, 'NONE', '0', 9, 44, 'L9-03423 ', 'NONE', 'NONE', 'CORE 2 DUO,  2.26 GHZ, 3 GB DDR3 RAM, 250 GB SATA HDD, DVD-RW, 14.1', 'HZL/CZ/LT/L9-03423 ', '10.101.23.85', '2007', 'NO', 'YES', 'WAR', '1354645800', 1339785000, 'NO', 'HOST NAME CS-PM-PMKHICHI', 'A'),
(39, '664022', 2, 'NONE', '0', 9, 15, 'L3-K4405 ', 'NONE', 'NONE', 'CORE 2 DUO, 1.8 GHZ, 1 +1=2GB RAM, 120GB SATA HDD, DVD-WRITER, 14.1 WXGA', 'HZL/CZ/LT/L3-K4405 ', '10.101.23.119', '2007', 'NO', 'YES', 'AMC', 'INSURED', 1216405800, 'NO', 'HOST NAME CS-PM-DKAHIR', 'A'),
(40, '108711', 2, 'NONE', '0', 9, 19, 'LR-YNDMW ', 'NONE', 'NONE', 'INTEL core i5(2.40GHZ), 4GB RAM, 320GB HDD', 'HZL/CZ/LT/LR-YNDMW ', '10.101.23.188', '2007', 'NO', 'YES', 'WAR', '1386268200', 1296412200, 'NO', 'MODEL 0585-CH5\nHOST NAME CS-MM-SCHEDA', 'A'),
(41, '134329', 2, 'NONE', '0', 9, 20, 'LR-Y128W ', 'NONE', 'NONE', 'CORE I5-2540M 2.60 GHZ , 4GB RAM , 320GB HDD', 'HZL/CZ/LT/LR-Y128W', '10.101.23.128', '2007', 'NO', 'YES', 'WAR', '1388514600', 1349634600, 'NO', 'OLD LAPTOP R61 L3- G5277 IS SUBMITTED IN IT.\nHOST NAME CS-PM-VKJAIN', 'A'),
(42, '109464', 2, 'NONE', '0', 9, 20, 'LR-3Y3CB ', 'NONE', 'NONE', 'CORE i5-2540M 2.60 GHZ , 4GB RAM , 320GB HDD', 'HZL/CZ/LT/LR-3Y3CB ', '10.101.23.88', '2007', 'NO', 'YES', 'WAR', '1408559400', 1257618600, 'NO', 'MODEL 7829\nHOST NAME CS-COMM-RSKOLI', 'D'),
(43, '269359', 2, 'NONE', '0', 10, 13, 'SVS13118GNS ', 'NONE', 'NONE', 'CORE i7 - 3520M PROCESSOR 2.90GHZ,750GB HDD,4GB RAM,13.3" LCD,DVD RW, WINDOWS 7 64 Bit', 'HZL/CLZ/LTP/7000166/3135002010-S4/2012 ', '10.101.23.137', '2007', 'NO', 'YES', 'WAR', '1446834600', 1344537000, 'NO', 'MODEL SVS13118GNS\nHOST NAME CS-PM-JAYARAMAN', 'A'),
(44, '298414', 2, 'NONE', '0', 10, 13, '275559427000049 ', 'NONE', 'NONE', 'CORE i7 - 3520M PROCESSOR 2.90GHZ,750GB HDD,4GB RAM,13.3" LCD,DVD RW, WINDOWS 7 64 Bit', 'HZL/CLZ/LTP/7000049/3135002010-S7/2012 ', '10.101.20.240', '2007', 'NO', 'YES', 'WAR', '1446834600', 1343413800, 'NO', 'MODEL SVS13118GNS\nHOST NAME CS-FI-AZADSHAW', 'A'),
(45, '563327', 2, 'NONE', '0', 9, 20, 'LR-Y128G', 'NONE', 'NONE', 'CORE I5-2540M 2.60 GHZ , 4GB RAM , 320GB HDD', 'HZL/CLZ/LTP/313500002010/LR-Y128G', '10.101.21.182', '2007', 'NO', 'YES', 'WAR', '1448389800', 1356978600, 'NO', 'HOST NAME CS-HR-SANJAYS', 'A'),
(46, '292180', 2, 'NONE', '0', 9, 19, 'LR-YNDMN ', 'NONE', 'NONE', 'CORE i5-2540M 2.60 GHZ , 4GB RAM , 320GB HDD', 'HZL/CZ/LT/LR-YNDMN ', '10.101.23.203', '2007', 'NO', 'YES', 'WAR', '1386268200', 1344191400, 'NO', 'MODEL 0585-CH5\nHOST NAME CS-HR-SJANGID', 'A'),
(47, '274904', 2, 'NONE', '0', 10, 13, '275559427000040 ', 'NONE', 'NONE', 'CORE i7 - 3520M PROCESSOR 2.90GHZ,750GB HDD,4GB RAM,13.3" LCD,DVD RW, WINDOWS 7 64 Bit', 'HZL/CLZ/LTP/7000040/3135002010-S3/2012 ', '10.101.23.165', 'NONE', 'NONE', 'NONE', 'WAR', '1446834600', 1344623400, 'NO', 'MODEL SVS13118GNS\nHOST NAME CS-PM-RKUNDU', 'A'),
(48, '278719', 2, 'NONE', '0', 9, 20, 'LR-3Y3CA ', 'NONE', 'NONE', 'CORE i5-2540M 2.60 GHZ , 4GB RAM , 320GB HDD', 'HZL/CZ/LT/LR-3Y3CA ', '10.101.48.204', '2007', 'NO', 'YES', 'WAR', '1408559400', 1344796200, 'NO', 'HOST NAME', 'A'),
(49, '270898', 2, 'NONE', '0', 10, 13, '275559427000157 ', 'NONE', 'NONE', 'CORE i7 - 3520M PROCESSOR 2.90GHZ,750GB HDD,4GB RAM,13.3" LCD,DVD RW, WINDOWS 7 64 Bit', 'HZL/CLZ/LTP/7000157/3135002010-S9/2012 ', '10.101.21.108', '2007', 'NO', 'YES', 'WAR', '1446834600', 1342722600, 'NO', 'MODEL SVS13118GNS', 'A'),
(50, '275178', 2, 'NONE', '0', 10, 13, '275559427000148 ', 'NONE', 'NONE', 'CORE i7 - 3520M PROCESSOR 2.90GHZ,750GB HDD,4GB RAM,13.3" LCD,DVD RW, WINDOWS 7 64 Bit', 'HZL/CLZ/LTP/7000148/3135002010-S5/2012 ', '10.101.23.166', '2007', 'NO', 'YES', 'WAR', '1446834600', 1344796200, 'NO', 'MODEL SVS13118GNS', 'A'),
(51, '564096', 2, 'NONE', '0', 10, 13, '275559427000113 ', 'NONE', 'NONE', 'CORE i7 - 3520M PROCESSOR 2.90GHZ,750GB HDD,4GB RAM,13.3" LCD,DVD RW, WINDOWS 7 64 Bit', 'HZL/CLZ/LTP/7000113/3135002010-S2/2012 ', '10.101.23.59', '2007', 'NO', 'YES', 'WAR', '1446834600', 1345401000, 'NO', 'MODEL SVS13118GNS', 'A'),
(52, '401874', 2, 'NONE', '0', 10, 13, '275559427000144 ', 'NONE', 'NONE', 'CORE i7 - 3520M PROCESSOR 2.90GHZ,750GB HDD,4GB RAM,13.3" LCD,DVD RW, WINDOWS 7 64 Bit', 'HZL/CLZ/LTP/7000144/3135002010-S6/2012 ', '10.101.23.105', '2007', 'NO', 'YES', 'WAR', '1446834600', 1344277800, 'NO', 'MODEL SVS13118GNS', 'A'),
(53, '401971', 2, 'NONE', '0', 9, 45, '43N7645Z1ZEBL84J75C', 'NONE', 'NONE', 'CORE i5-2540M 2.60 GHZ , 4GB RAM , 320GB HDD', 'HZL/CZ/LT/43N7645Z1ZEBL84J75C', '10.101.23.144', '2007', 'NO', 'YES', 'AMC', 'INSURED', 1274034600, 'NO', 'HOST NAME CS-HM-KNARAYAN', 'D'),
(54, '651585', 2, 'NONE', '0', 9, 20, 'LR3Y3CW ', 'NONE', 'NONE', 'CORE i5-2540M 2.60 GHZ , 4GB RAM , 320GB HDD', 'HZL/CZ/LT/LR3Y3CW ', '10.101.23.63', '2007', 'NO', 'YES', 'WAR', '1408559400', 1346697000, 'NO', 'MODEL 7829', 'A'),
(55, '566010', 2, 'NONE', '0', 10, 13, '275559427000025 ', 'NONE', 'NONE', 'CORE i7 - 3520M PROCESSOR 2.90GHZ,750GB HDD,4GB RAM,13.3" LCD,DVD RW, WINDOWS 7 64 Bit', 'HZL/CLZ/LTP/7000025/3135002010-S1/2012 ', '10.101.21.158', '2007', 'NO', 'YES', 'WAR', '1446834600', 1345314600, 'NO', 'MODEL SVS13118GNS', 'A'),
(56, '109943', 2, 'NONE', '0', 9, 19, 'LR-YNDML ', 'NONE', 'NONE', 'CORE I5-2540M 2.60 GHZ , 4GB RAM , 320GB HDD', 'HZL/CZ/LT/LR-YNDML ', '10.101.23.135', '2007', 'NO', 'YES', 'WAR', '1386268200', 1301855400, 'NO', 'MODEL 0585-CH5 TARNASFER', 'D'),
(57, '675105', 2, 'NONE', '0', 9, 20, 'LR-3Y3BZ', 'NONE', 'NONE', 'CORE 2 DUO, 1.8 GHZ, 1 +1=2GB RAM, 120GB SATA HDD, DVD-WRITER, 14.1 WXGA', 'HZL/CZ/LT/LR-3Y3BZ', '10.101.23.254', '2007', 'NO', 'YES', 'AMC', 'INSURED', 1315074600, 'NO', 'OLD LAPTOP L3-H7974 SUBMITTED IN IT DEPARTMENT.', 'A'),
(58, '202044', 2, 'NONE', '0', 9, 20, 'LR-Y128V', 'NONE', 'NONE', 'CORE 2 DUO, 1.8 GHZ, 1 +1=2GB RAM, 120GB SATA HDD, DVD-WRITER, 14.1 WXGA', 'HZL/CZ/LT/LR-Y128V', '10.101.23.168', '2007', 'NO', 'YES', 'AMC', 'INSURED', 1313433000, 'NO', 'OLD LAPTOP R61 L3-K4403 SUBMITTED IN IT.', 'A'),
(59, '664022', 2, 'NONE', '0', 9, 15, 'L3-K4405 ', 'NONE', 'NONE', 'CORE 2 DUO, 1.8 GHZ, 1 +1=2GB RAM, 120GB SATA HDD, DVD-WRITER, 14.1 WXGA', 'HZL/CZ/LT/L3-K4405 ', '10.101.23.119', '2007', 'NO', 'YES', 'AMC', 'INSURED', 1302805800, 'NO', 'OK', 'D'),
(60, '299455', 2, 'NONE', '0', 9, 14, 'L3-CL232', 'NONE', 'NONE', 'CORE 2 DUO, 1.8 GHZ, 1 +1=2GB RAM, 120GB SATA HDD, DVD-WRITER, 14.1 WXGA', 'HZL/CZ/LT/L3-CL232', '10.101.22.251', '2007', 'NO', 'YES', 'WAR', '1360348200', 1297189800, 'NO', 'OK', 'A'),
(61, '653017', 2, 'NONE', '0', 9, 19, 'LR-YNDME ', 'NONE', 'NONE', 'INTEL core i5(2.40GHZ), 4GB RAM, 320GB HDD', 'HZL/CZ/LT/LR-YNDME ', '10.101.20.210', '2007', 'NO', 'YES', 'WAR', '1386268200', 1321468200, 'NO', 'MODEL 0585-CH5\nHOST NAME CS-PM-JPRAJAPATI', 'A'),
(62, '601140', 2, 'NONE', '0', 9, 44, 'L9-03410 ', 'NONE', 'NONE', 'CORE 2 DUO, 1.8 GHZ, 1 +1=2GB RAM, 120GB SATA HDD, DVD-WRITER, 14.1 WXGA', 'HZL/CZ/LT/L9-03410 ', '10.101.23.229', '2007', 'NO', 'YES', 'AMC', 'INSURED', 1336242600, 'NO', 'MODEL 7440-C83', 'A'),
(63, '653415', 2, 'NONE', '0', 9, 44, 'R8-EAMP2 ', 'NONE', 'NONE', 'CORE 2 DUO, 1.8 GHZ, 1 +1=2GB RAM, 120GB SATA HDD, DVD-WRITER, 14.1 WXGA', 'HZL/CZ/LT/R8-EAMP2 ', '10.101.23.247', '2007', 'NO', 'YES', 'AMC', 'INSURED', 1305397800, 'NO', 'MODEL 7440-C83', 'A'),
(64, '210984', 2, 'NONE', '0', 9, 14, 'L3-BG964 ', 'NONE', 'NONE', ' CORE 2 DUO, 2 GHZ, 512+1MB RAM, 60GB SATA HDD, DVD-COMBO, 14 XGA', 'HZL/CZ/LT/L3-BG964 ', '10.101.22.117', '2007', 'NO', 'YES', 'AMC', 'INSURED', 1376418600, 'NO', 'OK', 'A'),
(65, '651352', 2, 'NONE', '0', 9, 15, 'L3-F7941 ', 'NONE', 'NONE', 'CORE 2 DUO, 1.8 GHZ, 1 +1=2GB RAM, 120GB SATA HDD, DVD-WRITER, 14.1 WXGA', 'HZL/CZ/LT/L3-F7941 ', '10.101.23.177', '2007', 'NO', 'YES', 'AMC', 'INSURED', 1310409000, 'OK', 'MODEL 7733', 'A'),
(66, '108601', 2, 'NONE', '0', 9, 20, 'LR-7F0ZN', 'NONE', 'NONE', 'CORE I5-2540M 2.60 GHZ , 4GB RAM , 320GB HDD', 'HZL/CZ/LT/3135002010/LR-7F0ZN', '10.101.23.204', '2007', 'NO', 'YES', 'WAR', '1389724200', 1349980200, 'NO', 'PREVIOUS LAPTOP SUBMITTED IN IT SERIAL NUMBER OF OLD LAPTOP IS L3-K4411', 'A'),
(67, '202400', 2, 'NONE', '0', 9, 20, 'LR-3Y3BV ', 'NONE', 'NONE', 'CORE i5-2540M 2.60 GHZ , 4GB RAM , 320GB HDD', 'HZL/CZ/LT/LR-3Y3BV ', '10.101.20.233', '2007', 'NO', 'YES', 'WAR', '1408559400', 1313433000, 'NO', 'MODEL 7829', 'A'),
(68, '301356', 2, 'NONE', '0', 9, 19, 'LR-YNDNN ', 'NONE', 'NONE', 'INTEL core i5(2.40GHZ), 4GB RAM, 320GB HDD', 'HZL/CZ/LT/LR-YNDNN ', '10.101.22.178', '2007', 'NO', 'YES', 'WAR', '1386268200', 1317753000, 'NO', 'MODEL 0585-CH5', 'A'),
(69, '662736', 2, 'NONE', '0', 9, 20, 'LR-3Y3CP ', 'NONE', 'NONE', 'CORE i5-2540M 2.60 GHZ , 4GB RAM , 320GB HDD', 'HZL/CZ/LT/LR-3Y3CP ', '10.101.22.99', '2007', 'NO', 'YES', 'WAR', '1408559400', 1308335400, 'OK', 'MODEL 7829', 'A'),
(70, '291042', 2, 'NONE', '0', 9, 15, 'L3-K4427 ', 'NONE', 'NONE', 'CORE 2 DUO, 1.8 GHZ, 1 +1=2GB RAM, 120GB SATA HDD, DVD-WRITER, 14.1 WXGA', 'HZL/CZ/LT/L3-K4427 ', '10.101.23.80', '2007', 'NO', 'YES', 'AMC', 'INSURED', 1300386600, 'NO', 'OK', 'A'),
(71, '275204', 2, 'NONE', '0', 9, 20, 'LR-373BY ', 'NONE', 'NONE', 'CORE i5-2540M 2.60 GHZ , 4GB RAM , 320GB HDD', 'HZL/CZ/LT/LR-373BY ', '10.101.23.196', '2007', 'NO', 'YES', 'WAR', '1408559400', 1318617000, 'NO', 'MODEL 7829', 'A'),
(72, '653622', 2, 'NONE', '0', 9, 44, 'R8-EAMR5 ', 'NONE', 'NONE', 'INTEL CORE(P8700(2.53Ghz), 4GB RAM, 250GB HDD, 14.1 LCD', 'HZL/CZ/LT/R8-EAMR5 ', '10.101.20.219', '2007', 'NO', 'YES', 'WAR', '1347647400', 1305225000, 'NO', 'MODEL 7440-C83', 'A'),
(73, '281269', 2, 'NONE', '0', 9, 20, 'LR3Y3CF ', 'NONE', 'NONE', 'INTEL core i5(2.40GHZ), 4GB RAM, 320GB HDD', 'HZL/CZ/LT/LR3Y3CF ', '10.101.22.127', '2007', 'NO', 'YES', 'WAR', '1408559400', 1307989800, 'NO', 'MODEL 7829', 'A'),
(74, '294984', 2, 'NONE', '0', 9, 15, 'L3-K4391 ', 'NONE', 'NONE', 'CORE 2 DUO, 1.8 GHZ, 1 +1=2GB RAM, 120GB SATA HDD, DVD-WRITER, 14.1 WXGA', 'HZL/CZ/LT/L3-K4391 ', '10.101.23.160', '2007', 'NO', 'YES', 'AMC', 'INSURED', 1300386600, 'NO', 'OK', 'A'),
(75, '292517', 2, 'NONE', '0', 9, 15, 'L3-K4431 ', 'NONE', 'NONE', 'CORE 2 DUO, 1.8 GHZ, 1 +1=2GB RAM, 120GB SATA HDD, DVD-WRITER, 14.1 WXGA', 'HZL/CZ/LT/L3-K4431 ', '10.101.20.225', '2007', 'NO', 'YES', 'AMC', 'INSURED', 1337538600, 'NO', 'OK', 'A'),
(76, '298346', 2, 'NONE', '0', 9, 20, 'LR3Y3CK ', 'NONE', 'NONE', 'CORE i5-2540M 2.60 GHZ , 4GB RAM , 320GB HDD', 'HZL/CZ/LT/LR3Y3CK ', '10.101.23.182', '2007', 'NO', 'YES', 'AMC', 'INSURED', 1313173800, 'NO', 'MODEL 7829', 'A'),
(77, '261577', 2, 'NONE', '0', 9, 20, 'LR-Y129B', 'NONE', 'NONE', 'CORE I5-2540M 2.60 GHZ , 4GB RAM , 320GB HDD', 'HZL/CZ/LT/LR-Y129B', '10.101.20.106', '2007', 'NO', 'YES', 'WAR', '1388514600', 1350239400, 'NO', 'OLD LAPTOP R-61 L3-F7949 IS SUBMITTED IN IT', 'A'),
(78, '296267', 2, 'NONE', '0', 9, 44, 'L3-B1897', 'NONE', 'NONE', 'CORE 2 DUO 2.26 / 4GB / 250 GB / NIC / DVD-RW / 14.1 WIDE', 'HZL/CZ/LT/L3-B1897', '10.101.22.71', '2007', 'NO', 'YES', 'WAR', '1353004200', 1351189800, 'NO', 'LAPTOP R-400 L3-B1897 ISSUED 26/10/2012', 'A'),
(79, '249515', 2, 'NONE', '0', 9, 20, 'LR-4EF8W ', 'NONE', 'NONE', 'CORE i5-2540M 2.60 GHZ , 4GB RAM , 320GB HDD', 'HZL/CZ/LT/LR-4EF8W ', '10.101.23.132', '2007', 'NO', 'YES', 'WAR', '1407695400', 1307989800, 'NO', 'MODEL 7829-DJ2', 'A'),
(80, '269391', 2, 'NONE', '0', 9, 20, 'LR-3Y3BW ', 'NONE', 'NONE', 'CORE i5-2540M 2.60 GHZ , 4GB RAM , 320GB HDD', 'HZL/CZ/LT/LR-3Y3BW ', '10.101.22.133', '2007', 'NO', 'YES', 'WAR', '1408559400', 1308162600, 'NO', 'MODEL 7829', 'A'),
(81, '660725', 2, 'NONE', '0', 9, 15, 'L3-H7959 ', 'NONE', 'NONE', 'CORE 2 DUO, 1.8 GHZ, 1 +1=2GB RAM, 120GB SATA HDD, DVD-WRITER, 14.1 WXGA', 'HZL/CZ/LT/L3-H7959 ', '10.101.23.184', '2007', 'NO', 'YES', 'AMC', 'INSURED', 1346610600, 'NO', 'OK', 'A'),
(82, '285579', 2, 'NONE', '0', 9, 44, 'R8-EAMP1 ', 'NONE', 'NONE', 'INTEL CORE 2 DUO 2.26 GHZ , 3 GB RAM ,250 GB HDD ', 'HZL/CZ/LT/R8-EAMP1 ', '10.101.23.149', '2007', 'NO', 'YES', 'WAR', '1347647400', 1313346600, 'NO', 'MODEL 7440-C83', 'D'),
(83, '401748', 2, 'NONE', '0', 9, 44, 'R8EAMN5 ', 'NONE', 'NONE', 'CORE 2 DUO,  2.26 GHZ, 2 GB DDR3 RAM, 160GB SATA HDD, DVD-RW, 14.1 WXGA', 'HZL/CZ/LT/R8EAMN5 ', '10.101.23.108', '2007', 'NO', 'YES', 'WAR', '1354645800', 1310236200, 'NO', 'MODEL 7440-C83', 'A'),
(84, '651556', 2, 'NONE', '0', 9, 15, 'L3-H7952 ', 'NONE', 'NONE', 'CORE 2 DUO, 1.8 GHZ, 1 +1=2GB RAM, 120GB SATA HDD, DVD-WRITER, 14.1 WXGA', 'HZL/CZ/LT/L3-H7952 ', '10.101.23.133', '2007', 'NO', 'YES', 'AMC', 'INSURED', 1297535400, 'NO', 'OK', 'A'),
(85, '299701', 2, 'NONE', '0', 9, 15, 'L3N5110 ', 'NONE', 'NONE', 'CORE 2 DUO, 1.8 GHZ, 1 +1=2GB RAM, 120GB SATA HDD, DVD-WRITER, 14.1 WXGA', 'HZL/CZ/LT/L3N5110 ', '10.101.23.213', '2007', 'NO', 'YES', 'AMC', 'INSURED', 1327257000, 'NO', 'MODEL 7733-A56', 'A'),
(86, '278641', 2, 'NONE', '0', 9, 14, 'L3-BG965', 'NONE', 'NONE', 'CORE 2 DUO, 1.8 GHZ, 1 +1=2GB RAM, 120GB SATA HDD, DVD-WRITER, 14.1 WXGA', 'HZL/CZ/LT/L3-BG965', '10.101.22.221', '2007', 'NO', 'YES', 'AMC', 'INSURED', 1285093800, 'NO', 'TRANSFER EMPLOYEE FROM HO', 'A'),
(87, '660631', 1, 'NONE', '0', 3, 9, 'L91E439', 'TFT', 'V1CY632 ', 'I-5,2400 CPU,3.10 GHZ,H.D-320GB,RAM-4GB,DVD R/W ', 'HZL/CZ/DTP/3135002010-D1/L91E439', '10.101.48.75', '2007', 'NO', 'YES', 'WAR', '1421001000', 1351449000, 'NO', 'OLD 5536 CPU L900993 SUBMITTED IN IT.', 'A'),
(88, '660929', 1, 'NONE', '0', 3, 10, 'L900784 ', 'TFT', 'V1CX629 ', 'I5 3.55 GHZ,RAM-4GB,320GB HD, DVD WRITER', 'HZL/CZ/DTP/L900784 ', '10.101.23.98', '2007', 'NO', 'YES', 'WAR', '1385231400', 1304447400, 'NO', 'OK', 'D'),
(89, '660644', 1, 'NONE', '0', 3, 11, 'L911729 ', 'TFT', 'V199458 ', 'CORE-2(3.00GHZ)RAM-3GB,HDD250GB ', 'HZL/CZ/DTP/L911729 ', '10.101.22.94', '2007', 'NO', 'YES', 'WAR', '1367001000', 1320431400, 'NO', 'OK', 'D'),
(90, '425355', 1, 'NONE', '0', 3, 9, 'L900096', 'TFT', 'V1AHG09', 'I-5,2400 CPU,3.10 GHZ,H.D-320GB,RAM-4GB,DVD R/W ', 'HZL/CZ/DTP/L900096', '10.101.23.152', '2007', 'NO', 'YES', 'WAR', '1406140200', 1327429800, 'NO', 'HOST NAME CS-SS-SKUMAR', 'A'),
(91, '107039', 1, 'NONE', '0', 3, 9, 'L900108', 'TFT', 'V1XC424', 'I-5,2400 CPU,3.10 GHZ,H.D-320GB,RAM-4GB,DVD R/W ', 'HZL/CZ/DTP/L900108', '10.101.22.61', '2007', 'NO', 'YES', 'WAR', '1406226600', 1325183400, 'NO', 'CONFERENCE HALL PC', 'A'),
(92, '272087', 1, 'NONE', '0', 3, 9, 'L900088', 'TFT', 'V1XC416', 'I-5,2400 CPU,3.10 GHZ,H.D-320GB,RAM-4GB,DVD R/W ', 'HZL/CZ/DTP/L900088', '10.101.21.90', '2007', 'NO', 'YES', 'WAR', '1403548200', 1331749800, 'NO', 'HOST NAME CS-PM-RICHA', 'A'),
(93, '563220', 1, 'NONE', '0', 3, 9, 'L900055', 'TFT', 'V1XC444', 'I-5,2400 CPU,3.10 GHZ,H.D-320GB,RAM-4GB,DVD R/W ', 'HZL/CZ/DTP/L900055', '10.101.48.52', '2007', 'NO', 'YES', 'WAR', '1406226600', 1346351400, 'NO', 'HOST NAME CS-MM-MANOJSE', 'A'),
(94, '662765', 1, 'NONE', '0', 3, 9, 'L900039', 'TFT', 'V1CZ524', 'I-5,2400 CPU,3.10 GHZ,H.D-320GB,RAM-4GB,DVD R/W ', 'HZL/CZ/DTP/L900039', '10.101.21.201', '2007', 'NO', 'YES', 'WAR', '1406226600', 1338489000, 'NO', 'HOST NAME CS-PM-NDPANDE', 'A'),
(95, '268460', 1, 'NONE', '0', 3, 9, 'L900101', 'TFT', 'V1XC426', 'I-5,2400 CPU,3.10 GHZ,H.D-320GB,RAM-4GB,DVD R/W ', 'HZL/CZ/DTP/L900101', '10.101.23.199', '2007', 'NO', 'YES', 'WAR', '1406226600', 1345314600, 'NO', 'HOST NAME CS-SAP-KUSHALM', 'A'),
(96, '293312', 1, 'NONE', '0', 3, 9, 'L900107', 'TFT', 'VIXC454', 'I-5,2400 CPU,3.10 GHZ,H.D-320GB,RAM-4GB,DVD R/W ', 'HZL/CZ/DTP/L900107', '10.101.21.101', '2007', 'NO', 'YES', 'WAR', '1406226600', 1346265000, 'NO', 'HOST NAME CS-PM-RSURESH', 'A'),
(97, '278719', 1, 'NONE', '0', 3, 11, 'L911728', 'TFT', 'V1CZ502', 'CORE-2(3.00GHZ)RAM-3GB,HDD250GB ', 'HZL/CZ/DTP/L911728', '10.101.48.204', '2007', 'NO', 'YES', 'WAR', '1367001000', 1341772200, 'NO', 'HOST NAME CS-FIN-ASHISHTA', 'D'),
(98, '675273', 1, 'NONE', '0', 3, 9, 'L900062', 'TFT', 'V1XC435', 'I-5,2400 CPU,3.10 GHZ,H.D-320GB,RAM-4GB,DVD R/W ', 'HZL/CZ/DTP/L900062', '10.101.21.143', '2007', 'NO', 'YES', 'WAR', '1406226600', 1346437800, 'NO', 'HOST NAME CS-PM-PMAHESHKA', 'A'),
(99, '299743', 1, 'NONE', '0', 3, 9, 'L900086', 'TFT', 'V1CZ506', 'I-5,2400 CPU,3.10 GHZ,H.D-320GB,RAM-4GB,DVD R/W ', 'HZL/CZ/DTP/L900086', '10.101.48.217', '2007', 'NO', 'YES', 'WAR', '1406226600', 1343154600, 'NO', 'HOST NAME CS-MM-APURVAJ', 'A'),
(100, '265094', 1, 'NONE', '0', 3, 9, 'L900059', 'TFT', 'V1XC453', 'I-5,2400 CPU,3.10 GHZ,H.D-320GB,RAM-4GB,DVD R/W ', 'HZL/CZ/DTP/L900059', '10.101.21.187', '2007', 'NO', 'YES', 'WAR', '1406226600', 1340303400, 'NO', 'HOST NAME CS-PM-SMEENA', 'A'),
(101, '297774', 1, 'NONE', '0', 3, 9, 'L900770', 'TFT', 'V1CY631', 'I-5,2400 CPU,3.10 GHZ,H.D-320GB,RAM-4GB,DVD R/W ', 'HZL/CZ/DTP/L900770', '10.101.22.195', '2007', 'NO', 'YES', 'WAR', '1406226600', 1302460200, 'NO', 'HOST NAME CS-FIN-NEHAL', 'A'),
(102, '299497', 1, 'NONE', '0', 3, 10, 'L900991', 'TFT', 'V1CZ502', 'I-5,660,3.33GHZ,H.D-320GB,RAM-4GB,DVD R/W ', 'HZL/CZ/DTP/L900991', '10.101.22.194', '2007', 'NO', 'YES', 'WAR', '1385231400', 1304447400, 'NO', 'HOST NAME CS-PM-ADHANUK', 'D'),
(103, '271826', 1, 'NONE', '0', 3, 9, 'L900073', 'TFT', 'V1XC452', 'I-5,2400 CPU,3.10 GHZ,H.D-320GB,RAM-4GB,DVD R/W ', 'HZL/CZ/DTP/L900073', '10.101.21.188', '2007', 'NO', 'YES', 'WAR', '1406226600', 1317493800, 'NO', 'HOST NAME', 'A'),
(104, '561811', 1, 'NONE', '0', 3, 9, 'L900065', 'TFT', 'V1XC283', 'I-5,2400 CPU,3.10 GHZ,H.D-320GB,RAM-4GB,DVD R/W ', 'HZL/CZ/DTP/L900065', '10.101.23.214', '2007', 'NO', 'YES', 'WAR', '1406226600', 1316370600, 'NO', 'HOST NAME CS-SAP-NEERAJ', 'A'),
(105, '561675', 1, 'NONE', '0', 3, 9, 'L900089', 'TFT', 'V1CZ509', 'I-5,2400 CPU,3.10 GHZ,H.D-320GB,RAM-4GB,DVD R/W ', 'HZL/CZ/DTP/L900089', '10.101.23.171', '2007', 'NO', 'YES', 'WAR', '1406226600', 1316370600, 'NO', 'HOST NAME CS-SAP-ANKUR', 'A'),
(106, '265735', 1, 'NONE', '0', 3, 9, 'L900095', 'TFT', 'V1XC446', 'I-5,2400 CPU,3.10 GHZ,H.D-320GB,RAM-4GB,DVD R/W ', 'HZL/CZ/DTP/L900095', '10.101.23.228', '2007', 'NO', 'YES', 'WAR', '1406226600', 1315852200, 'NO', 'HOST NAME CS-PM-KMKANAN', 'A'),
(107, '299675', 1, 'NONE', '0', 3, 9, 'L900060', 'TFT', 'V1XC416', 'I-5,2400 CPU,3.10 GHZ,H.D-320GB,RAM-4GB,DVD R/W ', 'HZL/CZ/DTP/L900060', '10.101.21.56', '2007', 'NO', 'YES', 'WAR', '1406226600', 1315852200, 'NO', 'HOST NAME CS-PM-SURESHY', 'A'),
(108, '264613', 1, 'NONE', '0', 3, 10, 'L901038', 'TFT', 'V19460', 'I-5,660,3.33GHZ,H.D-320GB,RAM-4GB,DVD R/W ', 'HZL/CZ/DTP/L901038', '10.101.22.145', '2007', 'NO', 'YES', 'WAR', '1385231400', 1296757800, 'NO', 'HOST NAME CS-HR-MAMTA', 'A'),
(109, '299659', 1, 'NONE', '0', 3, 9, 'L900081', 'TFT', 'V1CZ527', 'I-5,2400 CPU,3.10 GHZ,H.D-320GB,RAM-4GB,DVD R/W ', 'HZL/CZ/DTP/L900081', '10.101.20.129', '2007', 'NO', 'YES', 'WAR', '1406226600', 1315852200, 'NO', 'HOST NAME CS-PM-ANILCH', 'A'),
(110, '667252', 1, 'NONE', '0', 3, 10, 'L900786', 'TFT', 'V1CY636', 'I-5,660,3.33GHZ,H.D-320GB,RAM-4GB,DVD R/W ', 'HZL/CZ/DTP/L900786', '10.101.23.169', '2007', 'NO', 'YES', 'WAR', '1385231400', 1300991400, 'KEYBOARD, MOUSE', 'HOST NAME CS-PM-DSHARMA', 'A'),
(111, '271716', 1, 'NONE', '0', 3, 9, 'L900098', 'TFT', 'V1CZ499', 'I-5,2400 CPU,3.10 GHZ,H.D-320GB,RAM-4GB,DVD R/W ', 'HZL/CZ/DTP/L900098', '10.101.22.79', '2007', 'NO', 'YES', 'WAR', '1406226600', 1325183400, 'NO', 'HOST NAME CS-PM-NITINS', 'A'),
(112, '664475', 1, 'NONE', '0', 3, 9, 'L900056', 'TFT', 'V1XC428', 'I-5,2400 CPU,3.10 GHZ,H.D-320GB,RAM-4GB,DVD R/W ', 'HZL/CZ/DTP/L900056', '10.101.21.166', '2007', 'NO', 'YES', 'WAR', '1406226600', 1316802600, 'NO', 'HOST NAME CS-PM-DEEPAKJ', 'A'),
(113, '662833', 1, 'NONE', '0', 3, 9, 'L900084', 'TFT', 'V1XC440', 'I-5,2400 CPU,3.10 GHZ,H.D-320GB,RAM-4GB,DVD R/W ', 'HZL/CZ/DTP/L900084', '10.101.21.232', '2007', 'NO', 'YES', 'WAR', '1406226600', 1316889000, 'NO', 'HOST NAME', 'A'),
(114, '268363', 1, 'NONE', '0', 3, 10, 'L900990', 'TFT', 'V1XC425', 'I-5,660,3.33GHZ,H.D-320GB,RAM-4GB,DVD R/W ', 'HZL/CZ/DTP/L900990', '10.101.21.216', '2007', 'NO', 'YES', 'WAR', '1385231400', 1316716200, 'NO', 'HOST NAME CS-PM-VIVEKY', 'A'),
(115, '660929', 1, 'NONE', '0', 3, 9, 'L91E440', 'TFT', 'V1CX629', 'I-5,2400 CPU,3.10 GHZ,H.D-320GB,RAM-4GB,DVD R/W ', 'HZL/CZ/DTP/3135002010-D2/L91E440', '10.101.48.76', '2007', 'NO', 'YES', 'WAR', '1421001000', 1351449000, 'NO', 'OLD 5536 L900784 SUBMITTED IN IT.', 'A'),
(116, '661685', 1, 'NONE', '0', 3, 10, 'L900943', 'TFT', 'V1CX778', 'I-5,660,3.33GHZ,H.D-320GB,RAM-4GB,DVD R/W ', 'HZL/CZ/DTP/L900943', '10.101.23.52', '2007', 'NO', 'YES', 'WAR', '1385317800', 1297621800, 'NO', 'HOST NAME CS-PM-GGAUTAM', 'A'),
(117, '382582', 1, 'NONE', '0', 3, 9, 'L900049', 'TFT', 'V1AHF99', 'I-5,2400 CPU,3.10 GHZ,H.D-320GB,RAM-4GB,DVD R/W ', 'HZL/CZ/DTP/L900049', '10.101.21.197', '2007', 'NO', 'YES', 'WAR', '1406140200', 1325183400, 'NO', 'HOST NAME CS-SD-ARANAWAT', 'A'),
(118, '653606', 1, 'NONE', '0', 3, 10, 'L901042', 'TFT', 'V1CZ525', 'I-5,660,3.33GHZ,H.D-320GB,RAM-4GB,DVD R/W ', 'HZL/CZ/DTP/L901042', '10.101.20.222', '2007', 'NO', 'YES', 'WAR', '1385317800', 1313605800, 'NO', 'HOST NAME CS-PM-MSKHAN', 'A'),
(119, '109927', 1, 'NONE', '0', 3, 9, 'L900074', 'TFT', 'V1XC448', 'I-5,2400 CPU,3.10 GHZ,H.D-320GB,RAM-4GB,DVD R/W ', 'HZL/CZ/DTP/L900074', '10.101.21.219', '2007', 'NO', 'YES', 'WAR', '1406140200', 1318185000, 'NO', 'HOST NAME CS-PM-JOHNME', 'A'),
(120, '266381', 1, 'NONE', '0', 3, 9, 'L900077', 'TFT', 'V1XC443', 'I-5,2400 CPU,3.10 GHZ,H.D-320GB,RAM-4GB,DVD R/W ', 'HZL/CZ/DTP/L900077', '10.101.23.207', '2007', 'NO', 'YES', 'WAR', '1406226600', 1317753000, 'NO', 'HOST NAME CS-PM-SANTANUM', 'A'),
(121, '109273', 1, 'NONE', '0', 3, 10, 'L900796', 'TFT', 'V1CX847', 'I-5,660,3.33GHZ,H.D-320GB,RAM-4GB,DVD R/W ', 'HZL/CZ/DTP/L900796', '10.101.23.155', '2007', 'NO', 'YES', 'WAR', '1385231400', 1334946600, 'NO', 'HOST NAME CS-MM-MLMENARIYA', 'A'),
(122, '664158', 1, 'NONE', '0', 3, 10, 'L900998', 'TFT', 'V1C4035', 'I-5,660,3.33GHZ,H.D-320GB,RAM-4GB,DVD R/W ', 'HZL/CZ/DTP/L900998', '10.101.20.215', '2007', 'NO', 'YES', 'WAR', '1385231400', 1299177000, 'NO', 'HOST NAME CS-PM-DBHARANIA', 'A'),
(123, '999991', 1, 'NONE', '0', 3, 9, 'L900070 ', 'TFT', 'V1XR927', 'I-5,2400 CPU,3.10 GHZ,H.D-320GB,RAM-4GB,DVD R/W ', 'HZL/CZ/DTP/L900070', '10.101.48.209', '2007', 'YES - ORACLE', 'YES', 'WAR', '1406226600', 1340562600, 'NO', 'ISSUE TO SHAILENDRA SONI', 'A'),
(124, '285443', 1, 'NONE', '0', 3, 10, 'L901036', 'TFT', 'V1CY701', 'I-5,660,3.33GHZ,H.D-320GB,RAM-4GB,DVD R/W ', 'HZL/CZ/DTP/L901036', '10.101.22.114', '2007', 'NO', 'YES', 'WAR', '1385231400', 1340217000, 'NO', 'HOST NAME', 'A'),
(125, '296623', 1, 'NONE', '0', 3, 10, 'L901017', 'TFT', 'V1CZ501', 'I-5,660,3.33GHZ,H.D-320GB,RAM-4GB,DVD R/W ', 'HZL/CZ/DTP/L901017', '10.101.20.127', '2007', 'NO', 'YES', 'WAR', '1385231400', 1299609000, 'NO', 'HOST NAME CS-PM-SEELA', 'A'),
(126, '296759', 1, 'NONE', '0', 3, 10, 'L900776', 'TFT', 'V1CZ512', 'I-5,660,3.33GHZ,H.D-320GB,RAM-4GB,DVD R/W ', 'HZL/CZ/DTP/L900776', '10.101.23.153', '2007', 'NO', 'YES', 'WAR', '1385231400', 1329417000, 'NO', 'HOST NAME', 'A'),
(127, '267704', 1, 'NONE', '0', 3, 9, 'L900099', 'TFT', 'V1XC488', 'I-5,2400 CPU,3.10 GHZ,H.D-320GB,RAM-4GB,DVD R/W ', 'HZL/CZ/DTP/L900099', '10.101.23.76', '2007', 'NO', 'YES', 'WAR', '1406226600', 1316457000, 'NO', 'HOST NAME', 'A'),
(128, '666732', 1, 'NONE', '0', 3, 9, 'L900080', 'TFT', 'V1XC459', 'I-5,2400 CPU,3.10 GHZ,H.D-320GB,RAM-4GB,DVD R/W ', 'HZL/CZ/DTP/L900080', '10.101.22.164', '2007', 'NO', 'YES', 'WAR', '1406226600', 1316457000, 'NO', 'HOST NAME CS-PM-RAMESHM', 'A'),
(129, '297570', 1, 'NONE', '0', 3, 9, 'L900102', 'TFT', 'V1XC465', 'I-5,2400 CPU,3.10 GHZ,H.D-320GB,RAM-4GB,DVD R/W ', 'HZL/CZ/DTP/L900102', '10.101.23.54', '2007', 'NO', 'YES', 'WAR', '1406226600', 1321727400, 'NO', 'HOST NAME CS-PM-PARULJ', 'A'),
(130, '285414', 1, 'NONE', '0', 3, 9, 'L900058', 'TFT', 'V1XC455', 'I-5,2400 CPU,3.10 GHZ,H.D-320GB,RAM-4GB,DVD R/W ', 'HZL/CZ/DTP/L900058', '10.101.48.225', '2007', 'NO', 'YES', 'WAR', '1406226600', 1316543400, 'NO', 'HOST NAME', 'A'),
(131, '664734', 1, 'NONE', '0', 3, 9, 'L900079', 'TFT', 'V1CZ479', 'I-5,2400 CPU,3.10 GHZ,H.D-320GB,RAM-4GB,DVD R/W ', 'HZL/CZ/DTP/L900079', '10.101.22.142', '2007', 'NO', 'YES', 'WAR', '1406226600', 1332700200, 'NO', 'HOST NAME', 'A'),
(132, '265803', 1, 'NONE', '0', 3, 10, 'L901041', 'TFT', 'V1CY668', 'I-5,660,3.33GHZ,H.D-320GB,RAM-4GB,DVD R/W ', 'HZL/CZ/DTP/L901041', '10.101.22.81', '2007', 'NO', 'YES', 'WAR', '1385231400', 1300991400, 'NO', 'HOST NAME', 'A'),
(133, '263274', 1, 'NONE', '0', 3, 9, 'L900085', 'TFT', 'V1XC367', 'I-5,2400 CPU,3.10 GHZ,H.D-320GB,RAM-4GB,DVD R/W ', 'HZL/CZ/DTP/L900085', '10.101.21.112', '2007', 'NO', 'YES', 'WAR', '1406226600', 1330713000, 'NO', 'HOST NAME CS-PM-AMITA', 'A'),
(134, '277134', 1, 'NONE', '0', 3, 10, 'L901037', 'TFT', 'V1AHG04', 'I-5,660,3.33GHZ,H.D-320GB,RAM-4GB,DVD R/W ', 'HZL/CZ/DTP/L901037', '10.101.48.230', '2007', 'NO', 'YES', 'WAR', '1385231400', 1345487400, 'NO', 'HOST NAME CS-PM-DHEERAJ', 'A'),
(135, '109943', 1, 'NONE', '0', 3, 9, 'L900051 ', 'TFT', 'V1XC460', 'I-5,2400 CPU,3.10 GHZ,H.D-320GB,RAM-4GB,DVD R/W ', 'HZL/CZ/DTP/L900051 ', '10.101.23.7', '2007', 'NO', 'YES', 'WAR', '1406226600', 1313001000, 'NO', 'PROXY SERVER IT.', 'A'),
(136, '109943', 1, 'NONE', '0', 3, 9, 'L900090 ', 'NONE', 'NONE', 'I-5,2400 CPU,3.10 GHZ,H.D-320GB,RAM-4GB,DVD R/W ', 'HZL/CZ/DTP/L900090 ', '10.101.21.159', '2007', 'NO', 'YES', 'WAR', '1406226600', 1344882600, 'NO', 'FOR MCAFEE SERVER', 'A'),
(137, '566175', 1, 'NONE', '0', 3, 9, 'L900239', 'TFT', 'V1XC420', 'I-5,2400 CPU,3.10 GHZ,H.D-320GB,RAM-4GB,DVD R/W ', 'HZL/CZ/DTP/L900239', '10.101.48.249', '2007', 'NO', 'NO', 'WAR', '1406226600', 1347647400, 'NO', 'HOST NAME CS-PM-SARANGF', 'A'),
(138, '267911', 1, 'NONE', '0', 2, 7, 'GU1DQ1S', 'TFT', 'CN-OFJ061-64180-75P-1FNA', 'CORE 2 DUO,3.00GHZ,RAM-1 GB,160GB HD', 'HZL/CZ/DTP/3135001074/GU1DQ1S', '10.101.22.184', '2007', 'NO', 'YES', 'AMC', 'MICROCLINIC', 1294857000, 'NO', 'OK', 'A'),
(139, '282352', 1, 'NONE', '0', 1, 2, 'INI44606Y1', 'TFT', 'CNC6031QWH', 'P-4,2.40GHZ,RAM-512MB,80GB HD', 'HZL/CZ/DTP/CNC6031QWH', '10.101.22.242', '2007', 'NO', 'YES', 'AMC', 'MICROCLINIC', 1263321000, 'NO', 'OK', 'A'),
(140, '271606', 1, 'NONE', '0', 1, 2, 'INI40700CY', 'TFT', 'CNC734PMNM', 'P-4,2.40GHZ,RAM-1GB,40GB HD', 'HZL/CZ/DTP/INI40700CY', '10.101.48.226', '2007', 'NO', 'YES', 'AMC', 'MICROCLINIC', 1294425000, 'NO', 'OK', 'A'),
(141, '268075', 1, 'NONE', '0', 1, 5, 'INI6260739', 'TFT', 'CNC611360Z', 'P-4,2.40GHZ,RAM-512MB,80GB HD', 'HZL/CZ/DTP/INI6260739', '10.101.22.167', '2007', 'NO', 'YES', 'AMC', 'MICROCLINIC', 1294684200, 'NO', 'OK', 'A'),
(142, '264480', 1, 'NONE', '0', 2, 7, 'CX1DQ1S', 'TFT', 'CN-03672H-64180-8BP-OWHL', 'CORE 2 DUO,3.00GHZ,RAM-1 GB,160GB HD', 'HZL/CZ/DTP/CX1DQ1S', '10.101.21.88', '2007', 'NO', 'YES', 'AMC', 'MICROCLINIC', 1299954600, 'NO', 'OK', 'A'),
(143, '273963', 1, 'NONE', '0', 1, 2, 'INI44606W8', 'TFT', 'CNC5830N49', 'P-4,3.00GHZ,RAM-512 MB,80GB HD', 'HZL/CZ/DTP/INI44606W8', '10.101.20.253', '2007', 'NO', 'YES', 'AMC', 'MICROCLINIC', 1316111400, 'NO', 'OK', 'D'),
(144, '662794', 1, 'NONE', '0', 3, 9, 'L900063', 'TFT', 'V1XC438', 'I-5,2400 CPU,3.10 GHZ,H.D-320GB,RAM-4GB,DVD R/W ', 'HZL/CZ/DTP/3135001815/L900063', '10.101.21.122', '2007', 'NO', 'YES', 'WAR', '1406226600', 1320949800, 'NO', 'OK', 'A'),
(145, '263847', 1, 'NONE', '0', 2, 7, '412DQ18', 'TFT', 'OFJ016-64180-75P-1APA', 'CORE 2 DUO,3.00GHZ,RAM-1 GB,160GB HD', 'HZL/CZ/DTP/412DQ18', '10.101.21.87', '2007', 'NO', 'YES', 'AMC', 'MICROCLINIC', 1313087400, 'NO', 'OK', 'A'),
(146, '267092', 1, 'NONE', '0', 2, 7, 'SNJ21BS', 'TFT', 'CN-OF061-64180-78D-03JA', 'CORE 2 DUO,3.00GHZ,RAM-1 GB,160GB HD', 'HZL/CZ/DTP/SNJ21BS', '10.101.21.104', '2007', 'NO', 'YES', 'AMC', 'MICROCLINIC', 1310581800, 'NO', 'OK', 'A'),
(147, '663007', 1, 'NONE', '0', 1, 5, 'INI6160FN6', 'TFT', 'CNC6031QWE', 'P-4,2.40GHZ,RAM-1GB,40GB HD', 'HZL/CZ/DTP/INI6160FN6', '10.101.20.249', '2007', 'NO', 'YES', 'AMC', 'MICROCLINIC', 1305225000, 'NO', 'OK', 'A'),
(148, '271761', 1, 'NONE', '0', 1, 5, 'INI616OFNV', 'TFT', 'CNC6031QW9', 'P-4,2.40GHZ,RAM-1GB,40GB HD', 'HZL/CZ/DTP/INI616OFNV', '10.101.20.249', '2007', 'NO', 'YES', 'AMC', 'MICROCLINIC', 1313605800, 'NO', 'OK', 'A'),
(149, '664310', 2, 'NONE', '0', 9, 15, 'L3-F7952', 'NONE', 'NONE', 'CORE 2 DUO,  2.26 GHZ, 2 GB DDR3 RAM, 160GB SATA HDD, DVD-RW, 14.1 WXGA', 'HZL/CZ/DTP/L3-F7952', '10.101.48.203', '2007', 'NO', 'YES', 'WAR', '1347820200', 1349634600, 'NO', 'TRANSFER LAPTOP FROM PANTNAGAR', 'A'),
(150, '653622', 2, 'NONE', '0', 9, 44, 'R8-EAMR5', 'NONE', 'NONE', 'CORE 2 DUO 2.26 / 4GB / 250 GB / NIC / DVD-RW / 14.1 WIDE', 'HZL/CZ/LP/R8-EAMR5', '10.101.20.219', '2007', 'NO', 'YES', 'WAR', '1347647400', 1316025000, 'NO', 'OK', 'D'),
(151, '135072', 1, 'NONE', '0', 3, 9, 'L900103', 'TFT', 'V1C2507', 'I-5,2400 CPU,3.10 GHZ,H.D-320GB,RAM-4GB,DVD R/W ', 'HZL/CZ/DTP/3135001815 /L900103', '10.101.21.184', '2007', 'NO', 'YES', 'WAR', '1406226600', 1310581800, 'NO', 'OK', 'A'),
(152, '271949', 1, 'NONE', '0', 2, 7, '4W1DQ1S', 'TFT', 'CN-OFJ061-64180-75P-19XA', 'CORE 2 DUO,3.00GHZ,RAM-1 GB,160GB HD', 'HZL/CZ/DTP/3135001074/4W1DQ1S', '10.101.23.28', '2007', 'NO', 'YES', 'AMC', 'MICROCLINIC', 1266258600, 'NO', 'OK', 'A'),
(153, '299316', 1, 'NONE', '0', 1, 4, 'INI53908FN', 'TFT', 'CNC53520D9', 'P-4,2.40GHZ,RAM-512MB,80GB HD', 'HZL/CZ/DTP/INI53908FN', '10.101.22.215', '2007', 'NO', 'YES', 'AMC', 'MICROCLINIC', 1321554600, 'NO', 'OK', 'A'),
(154, '667100', 1, 'NONE', '0', 1, 4, 'INI53800FV', 'TFT', 'CNC7061P8C', 'P-4,2.40GHZ,RAM-1GB,40GB HD', 'HZL/CZ/DTP/INI53800FV', '10.101.48.201', '2007', 'NO', 'YES', 'AMC', 'MICROCLINIC', 1281983400, 'NO', 'OK', 'A'),
(155, '561002', 1, 'NONE', '0', 2, 7, 'S12DQ1S', 'TFT', 'OFJ061-64180-75P-1F2A', 'CORE 2 DUO,3.00GHZ,RAM-1 GB,160GB HD', 'HZL/CZ/DTP/S12DQ1S', '10.101.22.59', '2007', 'NO', 'YES', 'AMC', 'MICROCLINIC', 1284575400, 'NO', 'OK', 'A'),
(156, '270733', 1, 'NONE', '0', 1, 2, 'INI44606VW', 'TFT', 'CNC6020K75', 'P-4,2.40GHZ,RAM-512MB,80GB HD', 'HZL/CZ/DTP/INI44606VW', '10.101.22.131', '2007', 'NO', 'YES', 'AMC', 'MICROCLINIC', 1308162600, 'NO', 'OK', 'A'),
(157, '565121', 1, 'NONE', '0', 2, 7, 'GW1DQ1S', 'TFT', 'OFJ061-64180-75P-1AZA', 'CORE 2 DUO,3.00GHZ,RAM-1 GB,160GB HD', 'HZL/CZ/DTP/GW1DQ1S', '10.101.101.48', '2007', 'NO', 'YES', 'AMC', 'MICROCLINC', 1347733800, 'NO', 'OK', 'A'),
(158, '555432', 1, 'NONE', '0', 1, 2, 'INI44606X1', 'TFT', 'CNC4430682', 'P-4,2.40GHZ,RAM-1GB,40GB HD', 'HZL/CZ/DTP/INI44606X1', '10.101.21.147', '2007', 'NO', 'YES', 'AMC', 'MICROCLINIC', 1313605800, 'NO', 'OK', 'A'),
(159, '653156', 1, 'NONE', '0', 1, 6, 'INI42700HY', 'TFT', 'CNC6031R48', 'P-4,2.40GHZ,RAM-1GB,40GB HD', 'HZL/CZ/DTP/INI42700HY', '10.101.48.56', '2007', 'NO', 'YES', 'AMC', 'MICROCLINIC', 1316111400, 'NO', 'OK', 'A'),
(160, '999992', 1, 'NONE', '0', 1, 6, 'INI42700GX', 'CRT', '4430692', 'P-4,2.40GHZ,RAM-1GB,40GB HD', 'HZL/CZ/DTP/INI42700GX', '10.101.22.231', '2007', 'NO', 'YES', 'AMC', 'MICROCLINIC', 1316284200, 'NO', 'FOR ISSUE AUDITOR.', 'A'),
(161, '999992', 1, 'NONE', '0', 1, 4, 'INI53800CH', 'CRT', 'CNC6020J3G', 'P-4,2.40GHZ,RAM-1GB,40GB HD', 'HZL/CZ/DTP/INI53800CH', '10.101.23.55', '2007', 'NO', 'YES', 'AMC', 'MICROCLINIC', 1310668200, 'NO', 'FOR ISSUE AUDITOR', 'A'),
(162, '999992', 1, 'NONE', '0', 1, 6, 'INI42700GP', 'TFT', 'IN348WB133', 'P-4,2.40GHZ,RAM-1GB,40GB HD', 'HZL/CZ/DTP/INI42700GP', '10.101.21.69', '2007', 'NO', 'YES', 'AMC', 'MICROCLINIC', 1294857000, 'NO', 'FOR ISSUE AUDITOR', 'A'),
(163, '564313', 1, 'NONE', '0', 3, 9, 'L900097', 'TFT', 'V1XR939', 'I-5,2400 CPU,3.10 GHZ,H.D-320GB,RAM-4GB,DVD R/W ', 'HZL/CZ/DTP/L900097', '10.101.48.86', '2007', 'NO', 'YES', 'WAR', '1406226600', 1335983400, 'NO', 'OK', 'A'),
(164, '667375', 1, 'NONE', '0', 2, 7, 'JL121BS', 'TFT', 'CNOFJ061-64180-794-55NA', 'CORE 2 DUO,3.00GHZ,RAM-1 GB,160GB HD', 'HZL/CZ/DTP/JL121BS', '10.101.20.217', '2007', 'NO', 'YES', 'AMC', 'MICROCLINIC', 1313692200, 'NO', 'OK', 'A'),
(165, '660217', 1, 'NONE', '0', 3, 9, 'L900066', 'TFT', 'VIXC431', 'I-5,2400 CPU,3.10 GHZ,H.D-320GB,RAM-4GB,DVD R/W ', 'HZL/CZ/DTP/L900066', '10.101.23.78', '2007', 'NO', 'YES', 'AMC', 'MICROCLINIC', 1316111400, 'NO', 'OK', 'A'),
(166, '276672', 1, 'NONE', '0', 2, 8, '6H641BS', 'TFT', 'CN-OFJ061-64180-794-54ZA', 'CORE 2 DUO,3.00GHZ,RAM-1 GB,160GB HD', 'HZL/CZ/DTP/6H641BS', '10.101.20.192', '2007', 'NO', 'YES', 'AMC', 'MICROCLINIC', 1321295400, 'NO', 'OK', 'A'),
(167, '280464', 1, 'NONE', '0', 2, 8, '9G641BS', 'TFT', 'CN-OFJ0616418079-55MA', 'CORE 2 DUO,3.00GHZ,RAM-1 GB,160GB HD', 'HZL/CZ/DTP/9G641BS', '10.101.23.243', '2007', 'NO', 'YES', 'AMC', 'MICROCLINIC', 1321122600, 'NO', 'OK', 'A'),
(168, '280477', 1, 'NONE', '0', 3, 11, 'L911734', 'TFT', 'VICY429', 'CORE-2(3.00GHZ)RAM-3GB,HDD250GB ', 'HZL/CZ/DTP/L911734', '10.101.22.201', '2007', 'NO', 'YES', 'WAR', '1367001000', 1308767400, 'NO', 'OK', 'A'),
(169, '269045', 1, 'NONE', '0', 3, 10, 'L900399', 'TFT', 'V199528', 'I-5,660,3.33GHZ,H.D-320GB,RAM-4GB,DVD R/W ', 'HZL/CZ/DTP/L900399', '10.101.22.70', '2007', 'NO', 'YES', 'WAR', '1385231400', 1308335400, 'NO', 'OK', 'A'),
(170, '271619', 1, 'NONE', '0', 3, 9, 'L900047', 'TFT', 'V1XC433', 'I-5,2400 CPU,3.10 GHZ,H.D-320GB,RAM-4GB,DVD R/W ', 'HZL/CZ/DTP/L900047', '10.101.23.99', '2007', 'NO', 'YES', 'WAR', '1406226600', 1309977000, 'NO', 'OK', 'A'),
(171, '287166', 1, 'NONE', '0', 2, 7, 'GLC4R1S', 'TFT', 'CN-0FJ061-64180-75E-1B2A', 'CORE 2 DUO,3.00GHZ,RAM-1 GB,160GB HD', 'HZL/CZ/DTP/GLC4R1S', '10.101.23.44', '2007', 'NO', 'YES', 'AMC', 'MICROCLINIC', 1313346600, 'NO', 'OK', 'A'),
(172, '281214', 1, 'NONE', '0', 3, 9, 'L900205', 'TFT', 'V1XC371', 'I-5,2400 CPU,3.10 GHZ,H.D-320GB,RAM-4GB,DVD R/W ', 'HZL/CZ/DTP/L900205', '10.101.22.70', '2007', 'NO', 'YES', 'WAR', '1406226600', 1305225000, 'NO', 'OK', 'A'),
(173, '563806', 1, 'NONE', '0', 2, 7, '6X1DQ1S', 'TFT', 'OFJ061-64180-75P-1EXA', 'CORE 2 DUO,3.00GHZ,RAM-1 GB,160GB HD', 'HZL/CZ/DTP/6X1DQ1S', '10.101.21.199', '2007', 'NO', 'YES', 'AMC', 'MICROCLINIC', 1352140200, 'NO', 'OLD HP 6120 PC SUBMITTED', 'A'),
(174, '292847', 1, 'NONE', '0', 2, 7, '622DQ1S', 'TFT', 'OFJ061-64180-75P-2ANA', 'CORE 2 DUO,3.00GHZ,RAM-1 GB,160GB HD', 'HZL/CZ/DTP/622DQ1S', '10.101.48.207', '2007', 'NO', 'YES', 'AMC', 'MICROCLINIC', 1301941800, 'NO', 'OK', 'A'),
(175, '266747', 1, 'NONE', '0', 3, 10, 'L900800', 'TFT', 'V199488', 'I-5,660,3.33GHZ,H.D-320GB,RAM-4GB,DVD R/W ', 'HZL/CZ/DTP/L900800', '10.101.20.209', '2007', 'NO', 'YES', 'WAR', '1385231400', 1316025000, 'NO', 'OK', 'A'),
(176, '266569', 2, 'NONE', '0', 9, 20, 'LR-Y128K', 'NONE', 'NONE', 'CORE I5-2540M 2.60 GHZ , 4GB RAM , 320GB HDD', 'HZL/CZ/DTP/LR-Y128K', '10.101.23.154', '2007', 'NO', 'YES', 'WAR', '1388601000', 1350671400, 'NO', 'OLD LAPTOP R61 S/N IS L3H7972 SUBMITTED IN IT.', 'A'),
(177, '299497', 2, 'NONE', '0', 9, 20, 'LR-Y128C', 'NONE', 'NONE', 'CORE I5-2540M 2.60 GHZ , 4GB RAM , 320GB HDD', 'HZL/CZ/LT/LR-Y128C', '10.101.22.194', '2007', 'NO', 'YES', 'WAR', '1176661800', 1349980200, 'NO', 'OK', 'A'),
(178, '402404', 2, 'NONE', '0', 9, 44, 'R8-EAMT8', 'NONE', 'NONE', 'CORE 2 DUO,  2.26 GHZ, 2 GB DDR3 RAM, 160GB SATA HDD, DVD-RW, 14.1 WXGA', 'HZL/CZ/LAP/R8-EAMT8', '10.101.22.60', '2007', 'NO', 'YES', 'AMC', 'INSURED', 1313605800, 'NO', 'OK', 'A'),
(179, '999999', 2, 'NONE', '0', 9, 44, 'R8-EAMP4', 'NONE', 'NONE', 'CORE 2 DUO,  2.26 GHZ, 2 GB DDR3 RAM, 160GB SATA HDD, DVD-RW, 14.1 WXGA', 'HZL/CZ/LP/R8-EAMP4', '10.101.48.229', '2007', 'NO', 'YES', 'AMC', 'INSURED', 1331145000, 'NO', 'OK', 'A'),
(180, '290975', 2, 'NONE', '0', 9, 20, 'LR-Y128E', 'NONE', 'NONE', 'CORE I5-2540M 2.60 GHZ , 4GB RAM , 320GB HDD', 'HZL/CZ/LT/LR-Y128E', '10.101.23.251', '2007', 'NO', 'YES', 'WAR', '1388514600', 1350066600, 'NO', 'OLD DELL PC IS SUBMITTED IN IT.', 'A'),
(181, '562807', 2, 'NONE', '0', 9, 14, 'L3-BG974 ', 'NONE', 'NONE', ' CORE 2 DUO, 2 GHZ, 512+1MB RAM, 60GB SATA HDD, DVD-COMBO, 14 XGA', 'HZL/CZ/LP/L3-BG974 ', '10.101.22.63', '2007', 'NO', 'YES', 'AMC', 'INSURED', 1315593000, 'NO', 'ISSUED FOR SAFETY TRAINING.', 'D'),
(182, '292449', 2, 'NONE', '0', 9, 18, 'LR-AWLMD ', 'NONE', 'NONE', 'INTEL CORE(P8700(2.53GHZ), 4GB RAM, 250GB HDD, 14.1 LCD', 'HZL/CZ/LP/LR-AWLMD ', '10.101.22.97', '2007', 'NO', 'YES', 'WAR', '1371234600', 1323628200, 'NO', 'OK', 'A'),
(183, '382582', 2, 'NONE', '0', 9, 14, 'L3-CL202 ', 'NONE', 'NONE', ' CORE 2 DUO, 2 GHZ, 512+1MB RAM, 60GB SATA HDD, DVD-COMBO, 14 XGA', 'HZL/CZ/LP/L3-CL202 ', '10.101.48.193', '2007', 'NO', 'YES', 'AMC', 'INSURED', 1341858600, 'NO', 'ISSUE FOR ONLY 9 MONTHS FOR TEMPORARY BASIS.', 'A'),
(184, '401971', 2, 'NONE', '0', 9, 52, 'ZEBL84J75C', 'NONE', 'NONE', 'CORE 2 DUO,  2.26 GHZ, 2 GB DDR3 RAM, 160GB SATA HDD, DVD-RW, 14.1 WXGA', 'HZL/CZ/LT/43N76452/ZEBL84J75C', '10.101.23.144', '2007', 'NO', 'YES', 'AMC', 'INSURED', 1272565800, 'NO', 'OK', 'A'),
(185, '108177', 2, 'NONE', '0', 9, 15, 'L3-K4400', 'NONE', 'NONE', 'CORE 2 DUO,  2.26 GHZ, 2 GB DDR3 RAM, 160GB SATA HDD, DVD-RW, 14.1 WXGA', 'HZL/CZ/LP/L3-K4400', '10.101.23.69', '2007', 'NO', 'YES', 'AMC', 'INSURED', 1310754600, 'NO', 'OK', 'A'),
(186, '269032', 1, 'NONE', '0', 3, 9, 'L900040', 'TFT', 'V166529', 'I-5,2400 CPU,3.10 GHZ,H.D-320GB,RAM-4GB,DVD R/W ', 'HZL/CZ/LP/L900040', '10.101.21.115', '2007', 'NO', 'YES', 'WAR', '1406140200', 1350239400, 'OK', 'OLD HP 220MT INI40700GA AND MONITOR IN344WSP00 IS SUBMITTED.', 'A'),
(187, '666648', 2, 'NONE', '0', 9, 19, 'LR-YNDMG', 'NONE', 'NONE', 'CORE I5-2540M 2.60 GHZ , 4GB RAM , 320GB HDD', 'HZL/CZ/LT/LR-YNDMG', '10.101.23.158', '2007', 'NO', 'YES', 'WAR', '1363113000', 1313173800, 'NO', 'OK', 'A'),
(188, '296720', 1, 'NONE', '0', 2, 7, 'FZ1DQ1S', 'TFT', 'CN-OFJ061-64180-75P-1G2A', 'CORE 2 DUO,3.00GHZ,RAM-1 GB,160GB HD', 'HZL/CZ/DTP/FZ1DQ1S', '10.101.22.210', '2007', 'NO', 'YES', 'AMC', 'MICROCLINIC', 1282156200, 'NO', 'OK', 'A'),
(189, '281434', 1, 'NONE', '0', 3, 9, 'L900083', 'TFT', 'V1CY812', 'I-5,2400 CPU,3.10 GHZ,H.D-320GB,RAM-4GB,DVD R/W ', 'HZL/CZ/DTP/L900083', '10.101.48.66', '2007', 'NO', 'YES', 'WAR', '1367001000', 1331577000, 'NO', 'OK', 'A'),
(190, '277493', 2, 'NONE', '0', 9, 15, 'L3-H7967', 'NONE', 'NONE', 'CORE 2 DUO,  2.26 GHZ, 2 GB DDR3 RAM, 160GB SATA HDD, DVD-RW, 14.1 WXGA', 'HZL/CZ/LP/L3-H7967', '10.101.23.218', '2007', 'NO', 'YES', 'AMC', 'INSURED', 1349461800, 'NO', 'OLD DELL 745 S/N 2DQ16 IS SUBMITTED IN IT', 'A'),
(191, '294942', 1, 'NONE', '0', 3, 11, 'L911738', 'TFT', 'V199457', 'CORE-2(3.00GHZ)RAM-3GB,HDD250GB ', 'HZL/CZ/DTP/L911738', '10.101.20.116', '2007', 'NO', 'YES', 'WAR', '1367001000', 1334169000, 'NO', 'OK', 'A'),
(192, '294955', 1, 'NONE', '0', 3, 11, 'L911736', 'TFT', 'V199455', 'CORE-2(3.00GHZ)RAM-3GB,HDD250GB ', 'HZL/CZ/DTP/V199455', '10.101.21.241', '2007', 'NO', 'YES', 'WAR', '1367001000', 1321641000, 'NO', 'OK', 'A'),
(193, '268185', 1, 'NONE', '0', 2, 7, 'GL121BS', 'TFT', 'OFJ061-64180-75P-1F0A', 'CORE 2 DUO,3.00GHZ,RAM-1 GB,160GB HD', 'HZL/CZ/DTP/GL121BS', '10.101.20.120', '2007', 'NO', 'YES', 'AMC', 'MICROCLINIC', 1300386600, 'NO', 'OK', 'A'),
(194, '107932', 1, 'NONE', '0', 3, 9, 'L900050', 'TFT', 'VIXC487', 'I-5,2400 CPU,3.10 GHZ,H.D-320GB,RAM-4GB,DVD R/W ', 'HZL/CZ/DTP/L900050', '10.101.22.152', '2007', 'NO', 'YES', 'WAR', '1374604200', 1318703400, 'NO', 'OK', 'A'),
(195, '294007', 1, 'NONE', '0', 2, 7, 'DL121BS', 'TFT', 'CN-OFJ061-64180-78D0-9PA', 'CORE 2 DUO,3.00GHZ,RAM-1 GB,160GB HD', 'HZL/CZ/DTP/DL121BS', '10.101.21.110', '2007', 'NO', 'YES', 'AMC', 'MICROCLINIC', 1310754600, 'NO', 'OK', 'A'),
(196, '666635', 1, 'NONE', '0', 2, 8, '9H641BS', 'TFT', 'CN-OFJO61-64180-78D0-9PA', 'CORE 2 DUO,3.00GHZ,RAM-1 GB,160GB HD', 'HZL/CZ/DTP/9H641BS', '10.101.23.151', '2007', 'NO', 'YES', 'AMC', 'MICROCLINIC', 1310841000, 'NO', 'OK', 'A'),
(197, '107848', 1, 'NONE', '0', 2, 8, 'HH641BSO', 'TFT', 'CN-OFS061-64180-7SP-1G1A', 'CORE 2 DUO,3.00GHZ,RAM-1 GB,160GB HD', 'HZL/CZ/DTP/HH641BSO', '10.101.20.138', '2007', 'NO', 'YES', 'AMC', 'MICROCLINIC', 1321554600, 'NO', 'OK', 'A'),
(198, '653884', 1, 'NONE', '0', 2, 7, 'GKVF2BS', 'TFT', 'HZL/HO/MTR/8BP-2ZTL', 'CORE 2 DUO,3.00GHZ,RAM-1 GB,160GB HD', 'HZL/CZ/DTP/3135001366/GKVF2BS', '10.101.22.68', '2007', 'NO', 'YES', 'AMC', 'MICROCLINIC', 1321381800, 'NO', 'OK', 'A'),
(199, '666774', 1, 'NONE', '0', 2, 8, 'GGZF2BS', 'TFT', 'CN-OJ0672H-64180-8BF2YFL', 'CORE 2 DUO,3.00GHZ,RAM-1 GB,160GB HD', 'HZL/CZ/DTP/GGZF2BS', '10.101.22.83', '2007', 'NO', 'YES', 'AMC', 'MICROCLINIC', 1318876200, 'NO', 'OK', 'A');
INSERT INTO `hz_registration` (`id`, `empid`, `hardware`, `cartage`, `printertype`, `make`, `model`, `cpuno`, `monitortype`, `monitorno`, `sysconfig`, `assetcode`, `ipaddr`, `officever`, `licensesoft`, `internet`, `internettype`, `warnorvendor`, `date`, `otheritasset`, `status`, `activestatus`) VALUES
(200, '563958', 1, 'NONE', '0', 2, 7, '7W1DQ1S', 'TFT', 'CN-OJ6728-64180-8BP-30FL', 'CORE 2 DUO,3.00GHZ,RAM-1 GB,160GB HD', 'HZL/CZ/DTP/7W1DQ1S', '10.101.23.241', '2007', 'NO', 'YES', 'AMC', 'MICROCLINC', 1313433000, 'NO', 'OK', 'A'),
(201, '563165', 1, 'NONE', '0', 2, 7, '6X1DQ1S', 'TFT', 'CN-OFJ061-64180-75P-1FCA', 'CORE 2 DUO,3.00GHZ,RAM-1 GB,160GB HD', 'HZL/CZ/DTP/6X1DQ1S', '10.101.23.25', '2007', 'NO', 'YES', 'AMC', 'MICROCLINIC', 1318530600, 'NO', 'OK', 'D'),
(202, '270898', 1, 'NONE', '0', 3, 11, 'L911735', 'TFT', 'V1XC303', 'CORE-2(3.00GHZ)RAM-3GB,HDD250GB ', 'HZL/CZ/DTP/L911735', '10.101.23.236', '2007', 'NO', 'YES', 'WAR', '1335465000', 1331836200, 'NO', 'COMMERCIAL CONFRENCE HALL PC', 'A'),
(203, '107880', 1, 'NONE', '0', 1, 1, 'INI71507G0', 'TFT', 'CNC637Q0DL', 'P-4,2.40GHZ,RAM-1GB,40GB HD', 'HZL/CZ/DTP/INI71507G0', '10.101.20.126', '2007', 'NO', 'YES', 'AMC', 'MICROCLINIC', 1316111400, 'NO', 'OK', 'A'),
(204, '273992', 1, 'NONE', '0', 2, 7, '5Y1DQ16', 'TFT', '0FJ016-64180-75P-1F2A', 'CORE 2 DUO,3.00GHZ,RAM-1 GB,160GB HD', 'HZL/CZ/DTP/5Y1DQ16', '10.101.23.94', '2007', 'NO', 'YES', 'AMC', 'MICROCLNIC', 1308162600, 'NO', 'OK', 'A'),
(205, '660026', 1, 'NONE', '0', 1, 5, 'INI6160FQN', 'TFT', 'CNC6161SMF', 'P-4,2.40GHZ,RAM-1GB,40GB HD', 'HZL/CZ/DTP/INI6160FQN', '10.101.23.134', '2007', 'NO', 'YES', 'AMC', 'MICROCLINIC', 1308249000, 'NO', 'OK', 'D'),
(206, '667210', 1, 'NONE', '0', 1, 4, 'INI53800MX', 'TFT', 'CNC637QODM', 'P-4,2.40GHZ,RAM-1GB,40GB HD', 'HZL/CZ/DTP/INI53800MX', '10.101.23.125', '2007', 'NO', 'YES', 'AMC', 'MICROCLINIC', 1302978600, 'NO', 'OK', 'D'),
(207, '662600', 1, 'NONE', '0', 1, 6, 'INI42700J3', 'CRT', 'CNC44306C7', 'P-4,2.40GHZ,RAM-512MB,80GB HD', 'HZL/CZ/DTP/INI42700J3', '10.101.48.215', '2007', 'NO', 'YES', 'AMC', 'MICROCLINIC', 1268591400, 'NO', 'OK', 'A'),
(208, '663612', 1, 'NONE', '0', 1, 4, 'INI53800FM', 'TFT', 'CNC640QJRS', 'P-4,2.40GHZ,RAM-512MB,80GB HD', 'HZL/CZ/DTP/INI53800FM', '10.101.22.113', '2007', 'NO', 'NO', 'AMC', 'MICROCLINIC', 1318876200, 'NO', 'OK', 'A'),
(209, '665681', 1, 'NONE', '0', 1, 2, 'INI44606XQ', 'CRT', 'IN344WB749', 'P-4,2.40GHZ,RAM-512MB,80GB HD', 'HZL/CZ/DTP/INI44606XQ', '10.101.22.43', '2007', 'NO', 'YES', 'AMC', 'MICROCLINIC', 1304879400, 'NO', 'OK', 'A'),
(210, '663502', 1, 'NONE', '0', 1, 2, 'INI4460VY', 'CRT', 'IN344WB960', 'P-4,2.40GHZ,RAM-512MB,80GB HD', 'HZL/CZ/DTP/INI4460VY', '10.101.21.252', '2007', 'NO', 'YES', 'AMC', 'MICROCLINIC', 1298831400, 'NO', 'OK', 'A'),
(211, '277053', 1, 'NONE', '0', 2, 7, '6W1D1QS', 'TFT', 'OFJ061-64180-75P-1FXA', 'CORE 2 DUO,3.00GHZ,RAM-1 GB,160GB HD', 'HZL/CZ/DTP/6W1D1QS', '10.101.20.121', '2007', 'NO', 'YES', 'AMC', 'MICROCLINC', 1334428200, 'NO', 'OK', 'A'),
(212, '660042', 1, 'NONE', '0', 2, 7, '8Z1DQ1S', 'TFT', 'OFJO61-64180-75P-1EZA', 'CORE 2 DUO,3.00GHZ,RAM-1 GB,160GB HD', 'HZL/CZ/DTP/8Z1DQ1S', '10.101.21.107', '2007', 'NO', 'YES', 'AMC', 'MICROCLINIC', 1320949800, 'NO', 'OK', 'A'),
(213, '660916', 1, 'NONE', '0', 1, 1, 'INI64903M9', 'TFT', 'CNC640QJXL', 'P-4,2.40GHZ,RAM-1GB,40GB HD', 'HZL/CZ/DTP/INI64903M9', '10.101.23.179', '2007', 'NO', 'YES', 'AMC', 'MICROCLINIC', 1315938600, 'NO', 'OK', 'A'),
(214, '666800', 1, 'NONE', '0', 1, 5, 'INI623039H', 'TFT', 'CNK5340XGH', 'P-4,2.40GHZ,RAM-1GB,40GB HD', 'HZL/CZ/DTP/INI623039H', '10.101.21.164', '2007', 'NO', 'YES', 'AMC', 'MICROCLINIC', 1302892200, 'NO', 'OK', 'A'),
(215, '660644', 1, 'NONE', '0', 3, 11, 'L911729', 'TFT', 'V199458', 'CORE-2(3.00GHZ)RAM-3GB,HDD250GB ', 'HZL/CZ/DTP/L911729', '10.101.22.94', '2007', 'NO', 'YES', 'WAR', '1367001000', 1331145000, 'NO', 'OK', 'A'),
(216, '667236', 1, 'NONE', '0', 3, 9, 'L91E442', 'TFT', 'V1XC429', 'I-5,2400 CPU,3.10 GHZ,H.D-320GB,RAM-4GB,DVD R/W ', 'HZL/CZ/DTP/3135002010/D3/L91E442', '10.101.23.156', '2007', 'NO', 'YES', 'WAR', '1437762600', 1352140200, 'NO', 'OLD HP 6120 INI53908GB SUBMITTED.', 'A'),
(217, '264613', 1, 'NONE', '0', 3, 10, 'L901038', 'TFT', 'V199460', 'I-5,660,3.33GHZ,H.D-320GB,RAM-4GB,DVD R/W ', 'HZL/CZ/DTP/L901038', '10.101.22.145', '2007', 'NO', 'YES', 'WAR', '1385231400', 1332009000, 'NO', 'OK', 'D'),
(218, '108449', 1, 'NONE', '0', 3, 10, 'L901031', 'TFT', 'V1C4066', 'I-5,660,3.33GHZ,H.D-320GB,RAM-4GB,DVD R/W ', 'HZL/CZ/DTP/L901031', '10.101.23.221', '2007', 'NO', 'YES', 'WAR', '1385231400', 1329330600, 'NO', 'OK', 'A'),
(219, '660848', 1, 'NONE', '0', 3, 10, 'L901032', 'TFT', 'V1CZ516', 'I-5,660,3.33GHZ,H.D-320GB,RAM-4GB,DVD R/W ', 'HZL/CZ/DTP/L901032', '10.101.21.143', '2007', 'NO', 'YES', 'WAR', '1385490600', 1331317800, 'NO', 'OK', 'A'),
(220, '666761', 1, 'NONE', '0', 1, 5, 'INI62201BO', 'TFT', 'CNK5340XLS', 'P-4,2.40GHZ,RAM-1GB,40GB HD', 'HZL/CZ/DTP/CNK5340XLS', '10.101.20.191', '2007', 'NO', 'YES', 'AMC', 'MICROCLINIC', 1315938600, 'NO', 'OK', 'A'),
(221, '138943', 1, 'NONE', '0', 1, 6, 'INI40700H0', 'CRT', 'IN424WA486', 'P-4,2.40GHZ,RAM-512MB,80GB HD', 'HZL/CZ/DTP/INI40700H0', '10.101.21.208', '2007', 'NO', 'YES', 'AMC', 'MICROCLINIC', 1302978600, 'NO', 'OK', 'A'),
(222, '299837', 1, 'NONE', '0', 2, 7, '7L121BSB', 'TFT', 'HZL/HO/MTR/8BP-OWKL', 'CORE 2 DUO,3.00GHZ,RAM-1 GB,160GB HD', 'HZL/CZ/DTP/7L121BSB', '10.101.21.254', '2007', 'NO', 'YES', 'AMC', 'MICROCLINIC', 1315938600, 'NO', 'DUE TO RESIGN TRANSFER FOR TEMPORARY PURPOSE MR PRADEEP PANDEY.', 'A'),
(223, '264697', 1, 'NONE', '0', 3, 9, 'L900093', 'TFT', 'V1XC370', 'I-5,2400 CPU,3.10 GHZ,H.D-320GB,RAM-4GB,DVD R/W ', 'HZL/CZ/DTP/L900093', '10.101.22.235', '2007', 'NO', 'YES', 'WAR', '1406226600', 1334601000, 'NO', 'OK', 'A'),
(224, '297211', 1, 'NONE', '0', 2, 7, '2Z1DQ1S', 'TFT', 'CN-OFJ061-64180-75P-06GP', 'CORE 2 DUO,3.00GHZ,RAM-1 GB,160GB HD', 'HZL/CZ/DTP/2Z1DQ1S', '10.101.21.74', '2007', 'NO', 'YES', 'AMC', 'MICROCLINIC', 1311013800, 'NO', 'OK', 'A'),
(225, '296885', 1, 'NONE', '0', 3, 9, 'L900069', 'TFT', 'V1CZ502', 'I-5,2400 CPU,3.10 GHZ,H.D-320GB,RAM-4GB,DVD R/W ', 'HZL/CZ/DTP/L900069', '10.101.22.136', '2007', 'NO', 'YES', 'WAR', '1406226600', 1341945000, 'NO', 'OK', 'A'),
(226, '107217', 1, 'NONE', '0', 1, 4, 'INI53800J3', 'CRT', 'HZL/HO/MTR/IN352WB978', 'P-4,2.40GHZ,RAM-512MB,80GB HD', 'HZL/CZ/DTP/INI53800J3', '10.101.22.155', '2007', 'NO', 'YES', 'AMC', 'MICROCLINIC', 1329330600, 'NO', 'OK', 'A'),
(227, '107204', 1, 'NONE', '0', 1, 6, 'INI40700FT', 'CRT', 'IN348WA721', 'P-4,2.40GHZ,RAM-512MB,80GB HD', 'HZL/CZ/DTP/INI40700FT', '10.101.21.154', '2007', 'NO', 'YES', 'AMC', 'MICROCLINIC', 1328207400, 'NO', 'OK', 'A'),
(228, '109529', 1, 'NONE', '0', 1, 6, 'INI42700D0GW', 'CRT', '44305IT', 'P-4,2.40GHZ,RAM-512MB,80GB HD', 'HZL/CZ/DTP/INI42700D0GW', '10.101.23.209', '2007', 'NO', 'YES', 'AMC', 'MICROCLINIC', 1328466600, 'NO', 'OK', 'A'),
(229, '675338', 1, 'NONE', '0', 3, 9, 'L900042', 'TFT', 'V1XC478', 'I-5,2400 CPU,3.10 GHZ,H.D-320GB,RAM-4GB,DVD R/W ', 'HZL/CZ/DTP/L900042', '10.101.21.134', '2007', 'NO', 'YES', 'WAR', '1403634600', 1329330600, 'NO', 'OK', 'A'),
(230, '653606', 1, 'NONE', '0', 3, 10, 'L901042', 'TFT', 'V1CZ525', 'I-5,660,3.33GHZ,H.D-320GB,RAM-4GB,DVD R/W ', 'HZL/CZ/DTP/L901042', '10.101.20.222', '2007', 'NO', 'YES', 'WAR', '1385231400', 1331404200, 'NO', 'OK', 'D'),
(231, '275071', 1, 'NONE', '0', 3, 10, 'L901035', 'TFT', 'VICZ494', 'I-5,660,3.33GHZ,H.D-320GB,RAM-4GB,DVD R/W ', 'HZL/CZ/DTP/L901035', '10.101.21.191', '2007', 'NO', 'YES', 'WAR', '1385231400', 1339353000, 'NO', 'OK', 'A'),
(232, '276847', 1, 'NONE', '0', 1, 6, 'INI42700H7', 'TFT', 'CNC61134X4', 'P-4,2.40GHZ,RAM-1GB,40GB HD', 'HZL/CZ/DTP/INI42700H7', '10.101.22.236', '2007', 'NO', 'YES', 'AMC', 'MICROCLINIC', 1318617000, 'NO', 'OK', 'A'),
(233, '660246', 1, 'NONE', '0', 1, 4, 'INI5380007', 'TFT', 'CNK53Y0XIX', 'P-4,2.40GHZ,RAM-1GB,40GB HD', 'HZL/CZ/DTP/INI5380007', '10.101.23.111', '2007', 'NO', 'YES', 'AMC', 'MICROCLINIC', 1302805800, 'NO', 'OK', 'A'),
(234, '277370', 1, 'NONE', '0', 3, 9, 'L900104', 'TFT', 'V1XC422', 'I-5,2400 CPU,3.10 GHZ,H.D-320GB,RAM-4GB,DVD R/W ', 'HZL/CZ/DTP/L900104', '10.101.21.221', '2007', 'NO', 'YES', 'WAR', '1406226600', 1334514600, 'NO', 'OK', 'A'),
(235, '285074', 1, 'NONE', '0', 1, 6, 'INI40700FY', 'TFT', 'CNC6066HG6', 'P-4,2.40GHZ,RAM-512MB,80GB HD', 'HZL/CZ/DTP/CNC6066HG6', '10.101.20.118', '2007', 'NO', 'YES', 'AMC', 'MICROCLINIC', 1318617000, 'NO', 'OK', 'A'),
(236, '284091', 1, 'NONE', '0', 1, 1, 'INI64903M4', 'CRT', 'CNC4371HLQ', 'P-4,2.40GHZ,RAM-512MB,80GB HD', 'HZL/CZ/DTP/CNC4371HLQ', '10.101.20.231', '2007', 'NO', 'YES', 'AMC', 'MICROCLINIC', 1307903400, 'NO', 'OK', 'A'),
(237, '660262', 1, 'NONE', '0', 1, 5, 'INI619OCW1', 'TFT', 'CNC5330NHZ', 'P-4,2.40GHZ,RAM-1GB,40GB HD', 'HZL/CZ/DTP/INI619OCW1', '10.101.23.65', '2007', 'NO', 'YES', 'AMC', 'MICROCLINIC', 1310754600, 'NO', 'OK', 'A'),
(238, '660505', 1, 'NONE', '0', 1, 2, 'INIC62209V', 'TFT', 'CNK530Y32', 'P-4,2.40GHZ,RAM-512MB,80GB HD', 'HZL/CZ/DTP/INIC62209V', '10.101.21.161', '2007', 'NO', 'YES', 'AMC', 'MICROCLINIC', 1309199400, 'NO', 'OK', 'A'),
(239, '666363', 1, 'NONE', '0', 2, 8, 'C351BS', 'TFT', 'OPN380-64180-780-07LL', 'CORE 2 DUO,3.00GHZ,RAM-1 GB,160GB HD', 'HZL/CZ/DTP/C351BS', '10.101.20.197', '2007', 'NO', 'YES', 'AMC', 'MICROCLINIC', 1313173800, 'NO', 'ISSUE BIG TFT FOR DRAWING PURPOSE', 'A'),
(240, '660291', 1, 'NONE', '0', 2, 8, 'D3351BS', 'TFT', 'OPN380-64180-78E-03LL', 'CORE 2 DUO,3.00GHZ,RAM-1 GB,160GB HD', 'HZL/CZ/DTP/D3351BS', '10.101.20.196', '2007', 'NO', 'YES', 'AMC', 'MICROCLINIC', 1308076200, 'NO', 'ISSUE BIG TFT FOR DRAWING PURPOSE.', 'A'),
(241, '660220', 1, 'NONE', '0', 2, 8, 'F3351BS', 'TFT', 'OPN380-64180-78E-07GL', 'CORE 2 DUO,3.00GHZ,RAM-1 GB,160GB HD', 'HZL/CZ/DTP/F3351BS', '10.101.20.198', '2007', 'NO', 'YES', 'AMC', 'MICROCLINIC', 1305570600, 'NO', 'ISSUE BIG TFT FOR DRAWING PURPOSE.', 'A'),
(242, '663133', 1, 'NONE', '0', 1, 2, 'INI44606WW', 'CRT', 'IN424WB448', 'P-4,2.40GHZ,RAM-512MB,80GB HD', 'HZL/CZ/DTP/IN424WB448', '10.101.21.247', '2007', 'NO', 'YES', 'AMC', 'MICROCLINIC', 1301941800, 'NO', 'OK', 'A'),
(243, '109749', 1, 'NONE', '0', 2, 7, '212DQ1S', 'TFT', 'ON-OF061-64180-75P-1E3A', 'CORE 2 DUO,3.00GHZ,RAM-1 GB,160GB HD', 'HZL/CZ/DTP/212DQ1S', '10.101.23.180', '2007', 'NO', 'YES', 'AMC', 'MICROCLINIC', 1305397800, 'NO', 'OK', 'A'),
(244, '561798', 1, 'NONE', '0', 1, 1, 'INI71607FD', 'TFT', 'CNC6031QWS', 'P-4,2.40GHZ,RAM-1GB,40GB HD', 'HZL/CZ/DTP/INI71607FD', '10.101.20.145', '2007', 'NO', 'YES', 'AMC', 'MICROCLINIC', 1308335400, 'NO', 'OK', 'A'),
(245, '299837', 1, 'NONE', '0', 1, 6, 'INI40700DG', 'CRT', 'INI344UB602', 'P-4,2.40GHZ,RAM-512MB,80GB HD', 'HZL/CZ/DTP/INI40700DG', '10.101.21.164', '2007', 'NO', 'NO', 'AMC', 'MICROCLINIC', 1316197800, 'NO', 'OK', 'A'),
(246, '292180', 1, 'NONE', '0', 2, 8, '8BZF2BS', 'TFT', 'OJ672H-64180-8BP-2ZSL', 'CORE 2 DUO,3.00GHZ,RAM-1 GB,160GB HD', 'HZL/CZ/DTP/8BZF2BS', '10.101.22.135', '2007', 'NO', 'YES', 'AMC', 'MICROCLINIC', 1316284200, 'NO', 'ISSUE FOR NALANDA CONFREANCE HALL.', 'A'),
(247, '292180', 1, 'NONE', '0', 2, 8, 'FQZF2BS', 'TFT', 'OFJ061-64180-8BP-OX3L', 'CORE 2 DUO,3.00GHZ,RAM-1 GB,160GB HD', 'HZL/CZ/DTP/FQZF2BS', '10.101.20.199', '2007', 'NO', 'YES', 'AMC', 'MICROCLINIC', 1308249000, 'NO', 'ISSUE FOR TAKSHILA CONFRANCE HALL PC', 'A'),
(248, '666363', 1, 'NONE', '0', 1, 1, 'INI64903J6', 'TFT', 'CNC640QVRY', 'P-4,2.40GHZ,RAM-1GB,40GB HD', 'HZL/CZ/DTP/INI64903J6', '10.101.22.112', '2007', 'NO', 'YES', 'AMC', 'MICROCLINIC', 1318530600, 'NO', 'ISSUE FOR DRAWING SERVER PC.', 'A'),
(249, '999994', 1, 'NONE', '0', 1, 1, 'INI84903L3', 'TFT', 'CNK53414L4', 'P-4,2.40GHZ,RAM-1GB,40GB HD', 'HZL/CZ/DTP/INI84903L3', '10.101.20.221', '2007', 'NO', 'YES', 'AMC', 'MICROCLINIC', 1302633000, 'NO', 'ISSUE FOR PYRO UNIT.', 'A'),
(250, '358561', 1, 'NONE', '0', 1, 4, 'EN524PA', 'CRT', 'CNC44306CM', 'P-4,2.40GHZ,RAM-512MB,80GB HD', 'HZL/CZ/DTP/CNC44306CM', '10.101.20.248', '2007', 'NO', 'YES', 'AMC', 'MICROCLINIC', 1316025000, 'NO', 'OK', 'A'),
(251, '560126', 1, 'NONE', '0', 1, 6, 'INI42700J1', 'CRT', 'IN348WB120', 'P-4,2.40GHZ,RAM-1GB,40GB HD', 'HZL/CZ/DTP/INI42700J1', '10.101.20.224', '2007', 'NO', 'YES', 'AMC', 'MICROCLINIC', 1309977000, 'NO', 'OK', 'A'),
(252, '108575', 1, 'NONE', '0', 1, 5, 'INI6160FMY', 'TFT', 'CNC606DHFC', 'P-4,2.40GHZ,RAM-1GB,40GB HD', 'HZL/CZ/DTP/INI6160FMY', '10.101.21.200', '2007', 'NO', 'YES', 'AMC', 'MICROCLINIC', 1310581800, 'NO', 'OK', 'A'),
(253, '199908', 1, 'NONE', '0', 2, 7, '712DCR1S', 'TFT', 'OFJ06-64180-78D-041H', 'CORE 2 DUO,3.00GHZ,RAM-1 GB,160GB HD', 'HZL/CZ/DTP/712DCR1S', '10.101.22.65', '2007', 'NO', 'YES', 'AMC', 'MICROCLINIC', 1310841000, 'NO', 'USE OTHER TFT S/N CNK5340RLQ', 'A'),
(254, '287548', 1, 'NONE', '0', 2, 8, 'DC641BS', 'TFT', 'OFJ016-64180-78D-OUAA', 'CORE 2 DUO,3.00GHZ,RAM-1 GB,160GB HD', 'HZL/CZ/DTP/DC641BS', '10.101.23.215', '2007', 'NO', 'NO', 'AMC', 'MICROCLINIC', 1300300200, 'NO', 'OK', 'A'),
(255, '320052', 1, 'NONE', '0', 2, 7, 'JY1DQ1S ', 'TFT', 'OFJ016-64180-75P-1FJA', 'CORE 2 DUO,3.00GHZ,RAM-1 GB,160GB HD', 'HZL/CZ/DTP/JY1DQ1S ', '10.101.23.211', '2007', 'NO', 'YES', 'AMC', 'MICROCLINIC', 1321209000, 'NO', 'OK', 'A'),
(256, '660712', 1, 'NONE', '0', 1, 1, '70207YT', 'TFT', 'CNC6060WMZ', 'P-4,2.40GHZ,RAM-1GB,40GB HD', 'HZL/CZ/DTP/70207YT', '10.101.22.166', '2007', 'NO', 'YES', 'AMC', 'MICROCLINIC', 1316025000, 'NO', 'OK', 'A'),
(257, '665885', 1, 'NONE', '0', 1, 4, 'INI63906DK', 'TFT', 'CNC6031QLH', 'P-4,2.40GHZ,RAM-1GB,40GB HD', 'HZL/CZ/DTP/INI63906DK', '10.101.23.190', '2007', 'NO', 'NO', 'AMC', 'MICROCLINIC', 1315852200, 'NO', 'OK', 'A'),
(258, '662215', 1, 'NONE', '0', 1, 4, 'INI53800FW', 'TFT', 'CNK5340SZ1Y', 'P-4,2.40GHZ,RAM-1GB,40GB HD', 'HZL/CZ/DTP/INI53800FW', '10.101.23.141', '2007', 'NO', 'YES', 'AMC', 'MICROCLINIC', 1318530600, 'NO', 'OK', 'A'),
(259, '667210', 1, 'NONE', '0', 1, 4, 'INI53800MX', 'TFT', 'CNC637Q0DM', 'P-4,2.40GHZ,RAM-1GB,40GB HD', 'HZL/CZ/DTP/INI53800MX', '10.101.23.125', '2007', 'NO', 'YES', 'AMC', 'MICROCLINIC', 1310495400, 'NO', 'OK', 'A'),
(260, '660026', 1, 'NONE', '0', 1, 5, 'INI6160FQN', 'TFT', 'CNC6161SMF', 'P-4,2.40GHZ,RAM-1GB,40GB HD', 'HZL/CZ/DTP/INI6160FQN', '10.101.23.134', '2007', 'NO', 'YES', 'AMC', 'MICROCLINIC', 1305311400, 'NO', 'OK', 'A'),
(261, '107039', 1, 'NONE', '0', 2, 8, '2X641BS', 'TFT', '0FJ061-64180-555A', 'CORE 2 DUO,3.00GHZ,RAM-1 GB,160GB HD', 'HZL/CZ/DTP/3135001074/2X641BS', '10.101.23.202', '2007', 'NO', 'YES', 'AMC', 'MICROCLINIC', 1321295400, 'NO', 'OK', 'A'),
(262, '999994', 1, 'NONE', '0', 1, 5, 'INI6220197', 'TFT', 'CNC611349V', 'P-4,2.40GHZ,RAM-1GB,40GB HD', 'HZL/CZ/DTP/INI6220197', '10.101.20.220', '2007', 'NO', 'YES', 'AMC', 'MICROCLINIC', 1318703400, 'NO', 'FOR ISSUE HYDRO2 SEAT.', 'A'),
(263, '282653', 1, 'NONE', '0', 2, 7, 'DX1D61S', 'TFT', 'CNC-OF561-64180-78D-04BA', 'CORE 2 DUO,3.00GHZ,RAM-1 GB,160GB HD', 'HZL/CZ/DTP/DX1D61S', '10.101.22.168', '2007', 'NO', 'YES', 'AMC', 'MICROCLINIC', 1315938600, 'NO', 'OK', 'A'),
(264, '272582', 1, 'NONE', '0', 2, 7, '3135001120', 'TFT', 'CNCZ061-64180-75P-1ASA', 'CORE 2 DUO,3.00GHZ,RAM-1 GB,160GB HD', 'HZL/CZ/DTP/3135001120', '10.101.22.85', '2007', 'NO', 'YES', 'AMC', 'MICROCLINIC', 1316802600, 'NO', 'OK', 'A'),
(265, '291563', 1, 'NONE', '0', 2, 7, '8X1DQ1S', 'TFT', 'CN-OF5061-64180-ZSP', 'CORE 2 DUO,3.00GHZ,RAM-1 GB,160GB HD', 'HZL/CZ/DTP/8X1DQ1S', '101.101.21.105', '2007', 'NO', 'YES', 'AMC', 'MICROCLINIC', 1313433000, 'NO', 'OK', 'A'),
(266, '666745', 1, 'NONE', '0', 2, 7, 'CY1DQ1S', 'TFT', 'OFJ016-64180-74P-1AXA', 'CORE 2 DUO,3.00GHZ,RAM-1 GB,160GB HD', 'HZL/CZ/DTP/CY1DQ1S', '10.101.21.98', '2007', 'NO', 'YES', 'AMC', 'MICROCLINIC', 1313346600, 'NO', 'OK', 'A'),
(267, '660741', 1, 'NONE', '0', 2, 8, 'G9ZS2BS', 'TFT', 'CN-OFJ016-64180-78D-069A', 'CORE 2 DUO,3.00GHZ,RAM-1 GB,160GB HD', 'HZL/CZ/DTP/G9ZS2BS', '10.101.22.245', '2007', 'NO', 'NO', 'AMC', 'MICROCLINIC', 1318703400, 'NO', 'OK', 'A'),
(268, '298647', 1, 'NONE', '0', 1, 1, 'INI64903LJ', 'TFT', 'CNC637Q6TL', 'P-4,2.40GHZ,RAM-1GB,40GB HD', 'HZL/CZ/DTP/CNC637Q6TL', '10.101.23.147', '2007', 'NO', 'YES', 'AMC', 'MICROCLINIC', 1313260200, 'NO', 'OK', 'A'),
(269, '562917', 1, 'NONE', '0', 2, 7, 'BZ1DQ1S', 'TFT', 'CN-OJ672H-64180-88P-3021', 'CORE 2 DUO,3.00GHZ,RAM-1 GB,160GB HD', 'HZL/CZ/DTP/BZ1DQ1S', '10.101.21.174', '2007', 'NO', 'YES', 'AMC', 'MICROCLINIC', 1305484200, 'NO', 'OK', 'A'),
(270, '500652', 1, 'NONE', '0', 2, 7, 'HY1DQ1S', 'TFT', 'OFJ016-64180-75P-1B1A', 'CORE 2 DUO,3.00GHZ,RAM-1 GB,160GB HD', 'HZL/CZ/DTP/3135001074/BZ1DQ1S', '10.101.21.165', '2007', 'NO', 'YES', 'AMC', 'MICROCLINIC', 1316197800, 'NO', 'OK', 'A'),
(271, '770589', 1, 'NONE', '0', 1, 5, 'INI62201B6', 'TFT', 'CNC6031QFNC', 'P-4,2.40GHZ,RAM-1GB,40GB HD', 'HZL/CZ/DTP/INI62201B6', '10.101.22.108', '2007', 'NO', 'NO', 'AMC', 'MICROCLINIC', 1315938600, 'NO', 'OK', 'A'),
(272, '660204', 1, 'NONE', '0', 1, 6, 'INI6020158', 'TFT', 'CNK53413GC', 'P-4,2.40GHZ,RAM-1GB,40GB HD', 'HZL/CZ/DTP/INI6020158', '10.101.23.208', '2007', 'NO', 'NO', 'AMC', 'MICROCLINIC', 1318444200, 'NO', 'OK', 'A'),
(273, '661436', 1, 'NONE', '0', 2, 7, '4Y1DQ1S', 'TFT', 'CN-0F3061-064180-75P-1F6A', 'CORE 2 DUO,3.00GHZ,RAM-1 GB,160GB HD', 'HZL/CZ/DTP/4Y1DQ1S', '10.101.23.68', '2007', 'NO', 'YES', 'AMC', 'MICROCLINIC', 1313260200, 'NO', 'OK', 'A'),
(274, '660275', 1, 'NONE', '0', 2, 7, 'FY1D1Q', 'TFT', 'OFJ061-64180-75P-4YCA', 'CORE 2 DUO,3.00GHZ,RAM-1 GB,160GB HD', 'HZL/CZ/DTP/FY1D1Q', '10.101.20.211', '2007', 'NO', 'YES', 'AMC', 'MICROCLINIC', 1303065000, 'NO', 'OK', 'A'),
(275, '660806', 1, 'NONE', '0', 2, 7, 'SW1DQ1S', 'TFT', 'CN-OF50Q-64180-75P-1AVA', 'CORE 2 DUO,3.00GHZ,RAM-1 GB,160GB HD', 'HZL/CZ/DTP/SW1DQ1S', '10.101.23.102', '2007', 'NO', 'YES', 'AMC', 'MICROCLINIC', 1305397800, 'NO', 'OK', 'A'),
(276, '660495', 1, 'NONE', '0', 1, 5, 'INI6190CW4', 'TFT', 'CNC61133YX', 'P-4,2.40GHZ,RAM-1GB,40GB HD', 'HZL/CZ/DTP/INI6190CW4', '10.101.23.53', '2007', 'NO', 'YES', 'AMC', 'MICROCLINIC', 1315852200, 'NO', 'OK', 'A'),
(277, '194741', 1, 'NONE', '0', 2, 8, 'GD6U1BS', 'TFT', 'OFJ061-64180-78B-OYNA', 'CORE 2 DUO,3.00GHZ,RAM-1 GB,160GB HD', 'HZL/CZ/DTP/GD6U1BS', '10.101.23.53', '2007', 'NO', 'YES', 'AMC', 'MICROCLINIC', 1313260200, 'NO', 'OK', 'A'),
(278, '212872', 1, 'NONE', '0', 1, 6, 'INI42700HJ', 'TFT', 'CNC631QG3N', 'P-4,2.40GHZ,RAM-1GB,40GB HD', 'HZL/CZ/DTP/INI42700HJ', '10.101.23.82', '2007', 'NO', 'YES', 'AMC', 'MICROCLINIC', 1312828200, 'NO', 'OK', 'A'),
(279, '562904', 1, 'NONE', '0', 3, 9, 'L900105', 'TFT', 'V1XC463', 'I-5,2400 CPU,3.10 GHZ,H.D-320GB,RAM-4GB,DVD R/W ', 'HZL/CZ/DTP/L900105', '10.101.48.89', '2007', 'NO', 'YES', 'WAR', '1374863400', 1331490600, 'NO', 'OK', 'A'),
(280, '660013', 1, 'NONE', '0', 2, 7, '7V1DQ1S', 'TFT', 'OFJ061-64180-75P-06BA', 'CORE 2 DUO,3.00GHZ,RAM-1 GB,160GB HD', 'HZL/CZ/DTP/7V1DQ1S', '10.101.20.234', '2007', 'NO', 'YES', 'AMC', 'MICROCLINIC', 1316025000, 'NO', 'OK', 'A'),
(281, '667265', 1, 'NONE', '0', 2, 7, '9Z1DQ1S', 'TFT', '0FJ061-64180-75P-1FWA', 'CORE 2 DUO,3.00GHZ,RAM-1 GB,160GB HD', 'HZL/CZ/DTP/9Z1DQ1S', '10.101.23.170', '2007', 'NO', 'YES', 'AMC', 'MICROCLINIC', 1312741800, 'NO', 'OK', 'A'),
(282, '107628', 1, 'NONE', '0', 1, 5, 'INI62673D', 'CRT', 'CNC-443C-6005', 'P-4,2.40GHZ,RAM-1GB,40GB HD', 'HZL/CZ/DTP/INI62673D', '10.101.22.88', '2007', 'NO', 'YES', 'AMC', 'MICROCLINIC', 1302719400, 'NO', 'OK', 'A'),
(283, '272362', 1, 'NONE', '0', 3, 11, 'L911740', 'TFT', 'V199527', 'CORE-2(3.00GHZ)RAM-3GB,HDD250GB ', 'HZL/CZ/DTP/L911740', '10.101.22.158', '2007', 'NO', 'YES', 'WAR', '1367001000', 1336933800, 'NO', 'OK', 'A'),
(284, '273934', 1, 'NONE', '0', 2, 7, 'CY1DQ1S', 'TFT', 'OFJ061-64180-75P-1ALA', 'CORE 2 DUO,3.00GHZ,RAM-1 GB,160GB HD', 'HZL/CZ/DTP/CY1DQ1S', '10.101.22.64', '2007', 'NO', 'YES', 'AMC', 'MICROCLINIC', 1309285800, 'NO', 'OK', 'A'),
(285, '661504', 1, 'NONE', '0', 2, 8, 'HD641BS', 'TFT', 'OFJ061-64180-7BD-03FA', 'CORE 2 DUO,3.00GHZ,RAM-1 GB,160GB HD', 'HZL/CZ/DTP/HD641BS', '10.101.48.250', '2007', 'NO', 'YES', 'AMC', 'MICROCLINIC', 1311013800, 'NO', 'OK', 'A'),
(286, '660738', 1, 'NONE', '0', 1, 6, 'INI42700HV', 'TFT', 'CNC767Q0BS', 'P-4,2.40GHZ,RAM-1GB,40GB HD', 'HZL/CZ/DTP/INI42700HV', '10.101.48.208', '2007', 'NO', 'YES', 'AMC', 'MICROCLINIC', 1308249000, 'NO', 'OK', 'A'),
(287, '566544', 1, 'NONE', '0', 3, 9, 'L900052', 'TFT', 'V1AFR16', 'I-5,2400 CPU,3.10 GHZ,H.D-320GB,RAM-4GB,DVD R/W ', 'HZL/CZ/DTP/L900052', '10.101.48.245', '2007', 'NO', 'YES', 'WAR', '1374863400', 1349807400, 'NO', 'OK', 'A'),
(288, '277008', 1, 'NONE', '0', 2, 8, 'FG641BS', 'TFT', 'CN-0FJ061-64180-754-55BA', 'CORE 2 DUO,3.00GHZ,RAM-1 GB,160GB HD', 'HZL/CZ/DTP/FG641BS', '10.101.22.141', '2007', 'NO', 'YES', 'AMC', 'MICROCLINIC', 1300300200, 'NO', 'OK', 'A'),
(289, '263041', 1, 'NONE', '0', 1, 5, 'INI6160FNY', 'TFT', 'CNC734P311', 'P-4,2.40GHZ,RAM-1GB,40GB HD', 'HZL/CZ/DTP/INI6160FNY', '10.101.48.250', '2007', 'NO', 'YES', 'AMC', 'MICROCLINIC', 1347301800, 'NO', 'ISSUED FOR FINANCE AUDITOR DEENBANDHU MENARIYA', 'A'),
(290, '288107', 1, 'NONE', '0', 2, 7, '6V1D61S', 'TFT', 'CN-OFJ061-61480-75P-1EEA', 'CORE 2 DUO,3.00GHZ,RAM-1 GB,160GB HD', 'HZL/CZ/DTP/6V1D61S', '10.101.21.125', '2007', 'NO', 'YES', 'AMC', 'MICROCLINIC', 1348511400, 'NO', 'OK', 'A'),
(291, '299439', 1, 'NONE', '0', 2, 7, '1X1DQ1S', 'TFT', 'OF5061-64180-75P-1A6A', 'CORE 2 DUO,3.00GHZ,RAM-1 GB,160GB HD', 'HZL/CZ/DTP/1X1DQ1S', '10.101.23.189', '2007', 'NO', 'YES', 'AMC', 'MICROCLINIC', 1313519400, 'NO', 'OK', 'A'),
(292, '299426', 1, 'NONE', '0', 2, 7, '98ZF2BS', 'TFT', 'CN0J672H-64180-8BPOW5L', 'CORE 2 DUO,3.00GHZ,RAM-1 GB,160GB HD', 'HZL/CZ/DTP/98ZF2BS', '10.101.21.142', '2007', 'NO', 'YES', 'AMC', 'MICROCLINIC', 1321554600, 'NO', 'OK', 'A'),
(293, '401654', 1, 'NONE', '0', 1, 5, 'INI6160FNG', 'TFT', 'CNK5340Y47', 'P-4,2.40GHZ,RAM-1GB,40GB HD', 'HZL/CZ/DTP/INI6160FNG', '10.101.23.90', '2007', 'NO', 'YES', 'AMC', 'MICROCLINIC', 1307989800, 'NO', 'IP NOT ISSUED GIVEN IP IS PRADEEP VIJAY SIR.', 'A'),
(294, '401654', 1, 'NONE', '0', 1, 4, 'INI42700GY', 'TFT', 'CNC611360P', 'P-4,2.40GHZ,RAM-1GB,40GB HD', 'HZL/CZ/DTP/INI42700GY', '10.101.22.78', '2007', 'NO', 'YES', 'AMC', 'MICROCLINIC', 1313433000, 'NO', 'ISSUED PC FOR PRINTER 3050 IN SAP', 'A'),
(295, '444444', 1, 'NONE', '0', 1, 5, '39', 'TFT', 'CNC638NVJB', 'P-4,2.40GHZ,RAM-1GB,40GB HD', 'HZL/CZ/DTP/INI6160FNF', '10.101.48.106', '2007', 'NO', 'YES', 'AMC', 'MICROCLINIC', 1315765800, 'NO', 'ISSUED FOR SAP TEAM.', 'A'),
(296, '444444', 1, 'NONE', '0', 1, 6, '40', 'TFT', 'CNC6113660', 'P-4,2.40GHZ,RAM-1GB,40GB HD', 'HZL/CZ/DTP/INI42700H4', '10.101.23.58', '2007', 'NO', 'YES', 'AMC', 'MICROCLINIC', 1313173800, 'NO', 'ISSUED FOR SAP TEAM.', 'A'),
(297, '444444', 1, 'NONE', '0', 1, 5, '41', 'TFT', 'CNC61136SH', 'P-4,2.40GHZ,RAM-1GB,40GB HD', 'HZL/CZ/DTP/INI6160FLS ', '10.101.23.140', '2007', 'NO', 'YES', 'AMC', 'MICROCLINIC', 1307730600, 'NO', 'ISSUED FOR SAP TEAM.', 'A'),
(298, '605735', 1, 'NONE', '0', 2, 8, 'CK641BS', 'TFT', 'CN-OFJ061-64180-75P-1ARA', 'CORE 2 DUO,3.00GHZ,RAM-1 GB,160GB HD', 'HZL/CZ/DTP/CK641BS', '10.101.22.69', '2007', 'NO', 'NO', 'AMC', 'MICROCLINIC', 1299954600, 'NO', 'ISSUED FOR HYDRO1 LEACHING CONTROL ROOM', 'A'),
(299, '291479', 1, 'NONE', '0', 1, 1, 'INI708085B', 'TFT', 'CNC638NVS4', 'P-4,2.40GHZ,RAM-1GB,40GB HD', 'HZL/CZ/DTP/INI708085B', '10.101.20.168', '2007', 'NO', 'NO', 'AMC', 'MICROCLINIC', 1302633000, 'NO', 'OK', 'A'),
(300, '562535', 1, 'NONE', '0', 1, 6, 'INI42700H5', 'CRT', '5500', 'P-4,2.40GHZ,RAM-1GB,40GB HD', 'HZL/CZ/DTP/INI42700H5', '10.101.22.177', '2007', 'NO', 'YES', 'AMC', 'MICROCLINIC', 1315852200, 'NO', 'OK', 'A'),
(301, '561617', 1, 'NONE', '0', 1, 2, 'INI4460XD', 'CRT', 'CNCG4B06NL', 'P-4,2.40GHZ,RAM-1GB,40GB HD', 'HZL/CZ/DTP/INI4460XD', '10.101.22.104', '2007', 'NO', 'YES', 'AMC', 'MICROCLINIC', 1318357800, 'NO', 'OK', 'A'),
(302, '294874', 1, 'NONE', '0', 1, 4, 'INI5390604', 'CRT', 'CNC44306BH', 'P-4,2.40GHZ,RAM-1GB,40GB HD', 'HZL/CZ/DTP/INI5390604', '10.101.20.200', '2007', 'NO', 'YES', 'AMC', 'MICROCLINIC', 1310668200, 'NO', 'OK', 'A'),
(303, '289407', 1, 'NONE', '0', 1, 5, 'INI6160FPR', 'TFT', 'CNC6031QLG', 'P-4,2.40GHZ,RAM-1GB,40GB HD', 'HZL/CZ/DTP/INI6160FPR', '10.101.21.204', '2007', 'NO', 'YES', 'AMC', 'MICROCLINIC', 1308162600, 'NO', 'OK', 'A'),
(304, '667281', 1, 'NONE', '0', 1, 5, 'INI626073K', 'TFT', 'CNC640NQ45', 'P-4,2.40GHZ,RAM-1GB,40GB HD', 'HZL/CZ/DTP/INI626073K', '10.101.22.244', '2007', 'NO', 'YES', 'AMC', 'MICROCLINIC', 1310581800, 'NO', 'OK', 'A'),
(305, '294450', 1, 'NONE', '0', 1, 6, 'INI42700HM', 'CRT', 'CNC4430654', 'P-4,2.40GHZ,RAM-1GB,40GB HD', 'HZL/CZ/DTP/INI42700HM', '10.101.23.107', '2007', 'NO', 'YES', 'AMC', 'MICROCLINIC', 1313346600, 'NO', 'OK', 'A'),
(306, '664200', 1, 'NONE', '0', 1, 2, 'INI42700HX', 'TFT', 'INI42WB005', 'P-4,2.40GHZ,RAM-1GB,40GB HD', 'HZL/CZ/DTP/INI42700HX', '10.101.48.235', '2007', 'NO', 'NO', 'AMC', 'MICROCLINIC', 1312655400, 'NO', 'OK', 'A'),
(307, '311935', 1, 'NONE', '0', 1, 1, 'INI64903JV', 'TFT', '5340XGE', 'P-4,2.40GHZ,RAM-1GB,40GB HD', 'HZL/CZ/DTP/INI64903JV', '10.101.22.150', '2007', 'NO', 'YES', 'AMC', 'MICROCLINIC', 1315938600, 'NO', 'OK', 'A'),
(308, '666486', 1, 'NONE', '0', 1, 4, 'INI53800H9', 'TFT', 'IN424WA596', 'P-4,2.40GHZ,RAM-1GB,40GB HD', 'HZL/CZ/DTP/IN424WA596', '10.101.22.192', '2007', 'NO', 'NO', 'AMC', 'MICROCLINIC', 1306607400, 'NO', 'OK', 'A'),
(309, '660181', 1, 'NONE', '0', 2, 8, '4F641B6', 'TFT', 'CN-OFJ061-64180-794-5ODA', 'CORE 2 DUO,3.00GHZ,RAM-1 GB,160GB HD', 'HZL/CZ/DTP/4F641B6', '10.101.22.183', '2007', 'NO', 'YES', 'AMC', 'MICROCLINIC', 1295202600, 'NO', 'OK', 'A'),
(310, '202141', 1, 'NONE', '0', 2, 8, 'D9ZF2BS', 'TFT', 'OFJ061-64180-794-564A', 'CORE 2 DUO,3.00GHZ,RAM-1 GB,160GB HD', 'HZL/CZ/DTP/D9ZF2BS', '10.101.22.55', '2007', 'NO', 'YES', 'AMC', 'MICROCLINIC', 1308162600, 'NO', 'OK', 'A'),
(311, '560184', 1, 'NONE', '0', 1, 6, 'INI42700H2', 'TFT', 'IN34WB129', 'P-4,2.40GHZ,RAM-1GB,40GB HD', 'HZL/CZ/DTP/INI42700H2', '10.101.23.26', '2007', 'NO', 'YES', 'AMC', 'MICROCLINIC', 1330281000, 'NO', 'OK', 'A'),
(312, '285362', 1, 'NONE', '0', 1, 5, 'INI6120M62', 'TFT', 'CNC6020L4Y', 'P-4,2.40GHZ,RAM-1GB,40GB HD', 'HZL/CZ/DTP/INI6120M62', '10.101.22.185', '2007', 'NO', 'YES', 'AMC', 'MICROCLINIC', 1284489000, 'NO', 'OK', 'A'),
(313, '663175', 1, 'NONE', '0', 2, 7, '9L121BS', 'TFT', 'CN-0FJ061-64180-78D-049A', 'CORE 2 DUO,3.00GHZ,RAM-1 GB,160GB HD', 'HZL/CZ/DTP/9L121BS', '10.101.22.95', '2007', 'NO', 'YES', 'AMC', 'MICROCLINIC', 1307730600, 'NO', 'OK', 'A'),
(314, '660136', 1, 'NONE', '0', 1, 6, 'INI42700J2', 'TFT', 'INI424WA605', 'P-4,2.40GHZ,RAM-1GB,40GB HD', 'HZL/CZ/DTP/INI42700J2', '10.101.22.199', '2007', 'NO', 'YES', 'AMC', 'MICROCLINIC', 1304620200, 'NO', 'OK', 'A'),
(315, '135687', 1, 'NONE', '0', 2, 7, '2Y1DQ1S', 'TFT', 'OFJ061-64180-75P-19VA', 'CORE 2 DUO,3.00GHZ,RAM-1 GB,160GB HD', 'HZL/CZ/DTP/2Y1DQ1S', '10.101.23.77', '2007', 'NO', 'YES', 'AMC', 'MICROCLININC', 1307644200, 'NO', 'OK', 'A'),
(316, '665623', 1, 'NONE', '0', 3, 10, 'L900991', 'TFT', 'V1XC441', 'I-5,2400 CPU,3.10 GHZ,H.D-320GB,RAM-4GB,DVD R/W ', 'HZL/CZ/DTP/L900991', '10.101.21.133', '2007', 'NO', 'YES', 'WAR', '1374863400', 1350153000, 'NO', 'OLD DESKTOP DELL IS SUBMITTED.', 'A'),
(317, '665597', 1, 'NONE', '0', 1, 1, 'INI64903LN', 'TFT', 'CNC640QLQS', 'P-4,2.40GHZ,RAM-1GB,40GB HD', 'HZL/CZ/DTP/INI64903LN', '10.101.22.153', '2007', 'NO', 'YES', 'AMC', 'MICROCLINIC', 1318789800, 'NO', 'OK', 'A'),
(318, '664556', 1, 'NONE', '0', 2, 8, '3G641BS', 'TFT', 'CN-OFJ061-64180-78D-035A', 'CORE 2 DUO,3.00GHZ,RAM-1 GB,160GB HD', 'HZL/CZ/DTP/3G641BS', '10.101.22.212', '2007', 'NO', 'NO', 'AMC', 'MICROCLINIC', 1305311400, 'NO', 'OK', 'A'),
(319, '662765', 1, 'NONE', '0', 3, 9, 'L900039', 'TFT', 'V1CZ524', 'I-5,2400 CPU,3.10 GHZ,H.D-320GB,RAM-4GB,DVD R/W ', 'HZL/CZ/DTP/L900039', '10.101.21.201', '2007', 'NO', 'YES', 'WAR', '1374863400', 1331404200, 'NO', 'OK', 'D'),
(320, '667304', 1, 'NONE', '0', 1, 1, 'INI7157DN', 'CRT', 'CNC44306GM', 'P-4,2.40GHZ,RAM-1GB,40GB HD', 'HZL/CZ/DTP/INI7157DN', '10.101.22.246', '2007', 'NO', 'YES', 'AMC', 'MICROCLINIC', 1302719400, 'NO', 'OK', 'A'),
(321, '662419', 1, 'NONE', '0', 1, 6, 'INI42700H3', 'TFT', 'CNK5340XFX', 'P-4,2.40GHZ,RAM-1GB,40GB HD', 'HZL/CZ/DTP/INI42700H3', '10.101.21.234', '2007', 'NO', 'YES', 'AMC', 'MICROCLINIC', 1305225000, 'NO', 'OK', 'A'),
(322, '270694', 1, 'NONE', '0', 3, 10, 'L900976', 'TFT', 'V1CZ521', 'I-5,660,3.33GHZ,H.D-320GB,RAM-4GB,DVD R/W ', 'HZL/CZ/DTP/L900976', '10.101.22.111', '2007', 'NO', 'YES', 'WAR', '1385231400', 1299954600, 'NO', 'OK', 'A'),
(323, '665610', 1, 'NONE', '0', 2, 7, '3W1DQ1S', 'TFT', '0FJ061-64180-794-54UA', 'CORE 2 DUO,3.00GHZ,RAM-1 GB,160GB HD', 'HZL/CZ/DTP/3W1DQ1S', '10.101.22.156', '2007', 'NO', 'YES', 'AMC', 'MICROCLINIC', 1299868200, 'NO', 'OK', 'A'),
(324, '665872', 1, 'NONE', '0', 2, 7, '4V1DQ1S', 'TFT', 'OFJ061-64180-75P-1EWA', 'CORE 2 DUO,3.00GHZ,RAM-1 GB,160GB HD', 'HZL/CZ/DTP/4V1DQ1S', '10.101.22.222', '2007', 'NO', 'YES', 'AMC', 'MICROCLINIC', 1315852200, 'NO', 'OK', 'A'),
(325, '266336', 2, 'NONE', '0', 9, 20, 'LR-Y128T', 'NONE', 'NONE', 'CORE I5-2540M 2.60 GHZ , 4GB RAM , 320GB HDD', 'HZL/CZ/LP/LR-Y128T', '10.101.22.144', '2007', 'NO', 'YES', 'WAR', '1388514600', 1350498600, 'NO', 'OK AND SUBMITTED DESKTOP.', 'A'),
(326, '296267', 1, 'NONE', '0', 3, 9, 'L900980', 'TFT', 'V1XC417', 'I-5,2400 CPU,3.10 GHZ,H.D-320GB,RAM-4GB,DVD R/W ', 'HZL/CZ/DTP/L900980', '10.101.48.206', '2007', 'NO', 'YES', 'WAR', '1374863400', 1350585000, 'NO', 'ISSUED FOR CLZS EXCECUTIVE CLUB ZINC NAGAR', 'A'),
(327, '272346', 2, 'NONE', '0', 9, 14, 'L3-BG974 ', 'NONE', 'NONE', ' CORE 2 DUO, 2 GHZ, 512+1MB RAM, 60GB SATA HDD, DVD-COMBO, 14 XGA', 'HZL/CZ/LT/L3-BG974 ', '10.101.22.63 ', '2007', 'NO', 'YES', 'AMC', 'INSURED', 1315593000, 'NO', 'ISSUED FOR SAFETY TRAINING.', 'A'),
(328, '665131', 1, 'NONE', '0', 2, 7, 'BW1DQ1S', 'TFT', 'OFJ016064180-758-1E2A', 'CORE 2 DUO,3.00GHZ,RAM-1 GB,160GB HD', 'HZL/CZ/DTP/3135001074/BW1DQ1S', '10.101.21.72', '2007', 'NO', 'YES', 'AMC', 'MICROCLINIC', 1316197800, 'NO', 'OK', 'A'),
(329, '662422', 1, 'NONE', '0', 2, 7, '9Y1DQ1S', 'TFT', 'OFJ061-64180-75P-1A2A', 'CORE 2 DUO,3.00GHZ,RAM-1 GB,160GB HD', 'HZL/CZ/DTP/9Y1DQ1S', '10.101.20.188', '2007', 'NO', 'YES', 'AMC', 'MICROCLINIC', 1313519400, 'NO', 'OK', 'A'),
(330, '267665', 1, 'NONE', '0', 2, 7, '3V1DQ1S', 'TFT', 'OFJ061-64180-75P-1A1A', 'CORE 2 DUO,3.00GHZ,RAM-1 GB,160GB HD', 'HZL/CZ/DTP/3135001074/3V1DQ1S', '10.101.21.60', '2007', 'NO', 'YES', 'AMC', 'MICROCLINIC', 1300213800, 'NO', 'OK', 'D'),
(331, '278955', 1, 'NONE', '0', 2, 8, 'JB641BS', 'TFT', 'OFJ061-64180-75P-1ATA', 'CORE 2 DUO,3.00GHZ,RAM-1 GB,160GB HD', 'HZL/CZ/DTP/JB641BS', '10.101.21.118', '2007', 'NO', 'YES', 'AMC', 'MICROCLINIC', 1307903400, 'NO', 'OK', 'A'),
(332, '265324', 1, 'NONE', '0', 2, 7, '512DQ1S', 'TFT', 'OFJ061-64180-75P-1EGA', 'CORE 2 DUO,3.00GHZ,RAM-1 GB,160GB HD', 'HZL/CZ/DTP/512DQ1S', '10.101.21.225', '2007', 'NO', 'YES', 'AMC', 'MICROCLINIC', 1307903400, 'NO', 'OK', 'A'),
(333, '663845', 1, 'NONE', '0', 2, 7, '512DQ1S', 'TFT', 'OFJ061-64180-75P-1EGA', 'CORE 2 DUO,3.00GHZ,RAM-1 GB,160GB HD', 'HZL/CZ/DTP/512DQ1S', '10.101.21.63', '2007', 'NO', 'YES', 'AMC', 'MICROCLINIC', 1299695400, 'NO', 'OK', 'A'),
(334, '270982', 1, 'NONE', '0', 1, 1, 'INI71507DR', 'TFT', 'CNCC7C6Q8JY', 'P-4,2.40GHZ,RAM-512MB,80GB HD', 'HZL/CZ/DTP/INI71507DR', '10.101.23.231', '2007', 'NO', 'YES', 'AMC', 'MICROCLINIC', 1308076200, 'NO', 'OK', 'A'),
(335, '660576', 4, 'NONE', '0', 20, 25, 'CN25KE206V', 'NONE', 'NONE', 'NONE', 'HZL/CZ/SCNR/4100057658/CN25KE206V', 'NONE', 'NONE', 'NONE', 'NONE', 'WAR', '1391193000', 1351189800, 'NO', 'OK ISSUE FOR HYDRO 2 GATE', 'A'),
(336, '269922', 1, 'NONE', '0', 2, 7, 'HX1D1QS', 'TFT', 'OFJ061-64180-78D-03BF', 'CORE 2 DUO,3.00GHZ,RAM-1 GB,160GB HD', 'HZL/CZ/DTP/HX1D1QS', '10.101.21.103', '2007', 'NO', 'YES', 'AMC', 'MICROCLINIC', 1307989800, 'NO', 'OK', 'A'),
(337, '662736', 1, 'NONE', '0', 1, 4, 'INI5380', 'TFT', 'CNC637QOC9', 'P-4,2.40GHZ,RAM-512MB,80GB HD', 'HZL/CZ/DTP/INI5380', '10.101.48.57', '2007', 'NO', 'YES', 'AMC', 'MICROCLINIC', 1310754600, 'NO', 'OK', 'A'),
(338, '276465', 1, 'NONE', '0', 2, 7, '4Z1DQ1S', 'TFT', 'OFJ016-64180-75P-1F8A', 'CORE 2 DUO,3.00GHZ,RAM-1 GB,160GB HD', 'HZL/CZ/DTP/4Z1DQ1S', '10.101.48.202', '2007', 'NO', 'NO', 'AMC', 'MICROCLINIC', 1310754600, 'NO', 'OK', 'A'),
(339, '274250', 1, 'NONE', '0', 1, 1, 'INI64903LR', 'TFT', 'CNC53529ZB', 'P-4,2.40GHZ,RAM-512MB,80GB HD', 'HZL/CZ/DTP/CNC53529ZB', '10.101.21.58', '2007', 'NO', 'YES', 'AMC', 'MICROCLINIC', 1310668200, 'NO', 'OK', 'A'),
(340, '271758', 1, 'NONE', '0', 2, 7, 'D22DQ1S', 'TFT', 'CN-0FJ061-64180-75P-1ETA', 'CORE 2 DUO,3.00GHZ,RAM-1 GB,160GB HD', 'HZL/CZ/DTP/D22DQ1S', '10.101.48.95', '2007', 'NO', 'NO', 'AMC', 'MICROCLINIC', 1310236200, 'NO', 'OK', 'A'),
(341, '274182', 1, 'NONE', '0', 2, 7, '8120Q1S', 'TFT', 'CN0FJ061-64180-75P-1FVA', 'CORE 2 DUO,3.00GHZ,RAM-1 GB,160GB HD', 'HZL/CZ/DTP/8120Q1S', '10.101.22.51', '2007', 'NO', 'YES', 'AMC', 'MICROCLINIC', 1310495400, 'NO', 'OK', 'D'),
(342, '263339', 1, 'NONE', '0', 1, 1, 'INI71507DX', 'TFT', 'CNC706PRCK', 'P-4,2.40GHZ,RAM-512MB,80GB HD', 'HZL/CZ/DTP/INI71507DX', '10.101.21.213', '2007', 'NO', 'NO', 'AMC', 'MICROCLINIC', 1319567400, 'NO', 'OK', 'A'),
(343, '664035', 1, 'NONE', '0', 2, 7, '3X1DQ1S', 'TFT', 'OFJ061-64180-75P-4EYA', 'CORE 2 DUO,3.00GHZ,RAM-1 GB,160GB HD', 'HZL/CZ/DTP/3X1DQ1S', '10.101.21.75', '2007', 'NO', 'YES', 'AMC', 'MICROCLINIC', 1302201000, 'NO', 'OK', 'A'),
(344, '663243', 1, 'NONE', '0', 2, 7, '5V1DQ1S', 'TFT', 'OFJ061-64180-75P-1FKA', 'CORE 2 DUO,3.00GHZ,RAM-1 GB,160GB HD', 'HZL/CZ/DTP/5V1DQ1S', '10.101.21.76', '2007', 'NO', 'YES', 'AMC', 'MICROCLINIC', 1273689000, 'NO', 'OK', 'A'),
(345, '272061', 1, 'NONE', '0', 1, 4, 'INI53800CJ', 'TFT', 'CNC6031R4N', 'P-4,2.40GHZ,RAM-512MB,80GB HD', 'HZL/CZ/DTP/INI53800CJ', '10.101.22.189', '2007', 'NO', 'YES', 'AMC', 'MICROCLINIC', 1310754600, 'NO', 'OK', 'A'),
(346, '666091', 1, 'NONE', '0', 1, 5, 'INI6160FMZ', 'TFT', 'CNC6031QST', 'P-4,2.40GHZ,RAM-512MB,80GB HD', 'HZL/CZ/DTP/INI6160FMZ', '10.101.22.205', '2007', 'NO', 'YES', 'AMC', 'MICROCLINIC', 1307903400, 'NO', 'OK', 'A'),
(347, '264451', 1, 'NONE', '0', 2, 7, '5Z1DQ1S', 'TFT', '0FJ061-64180-75P-06CA', 'CORE 2 DUO,3.00GHZ,RAM-1 GB,160GB HD', 'HZL/CZ/DTP/5Z1DQ1S', '10.101.21.102', '2007', 'NO', 'NO', 'AMC', 'MICROCLINIC', 1307903400, 'NO', 'OK', 'A'),
(348, '271868', 1, 'NONE', '0', 2, 7, '7Z1DQ1S', 'TFT', 'OFJ061-6418-75P-2A5A', 'CORE 2 DUO,3.00GHZ,RAM-1 GB,160GB HD', 'HZL/CZ/DTP/7Z1DQ1S', '10.101.22.171', '2007', 'NO', 'YES', 'AMC', 'MICROCLINIC', 1308076200, 'NO', 'OK', 'A'),
(349, '271075', 1, 'NONE', '0', 2, 7, '5X1DQ1S', 'TFT', 'OFJ016-64180-75P-1AOA', 'CORE 2 DUO,3.00GHZ,RAM-1 GB,160GB HD', 'HZL/CZ/DTP/5X1DQ1S', '10.101.23.248', '2007', 'NO', 'YES', 'AMC', 'MICROCLINIC', 1313001000, 'NO', 'OK', 'A'),
(350, '270843', 1, 'NONE', '0', 3, 9, 'L900091', 'TFT', 'V1XC277', 'I-5,2400 CPU,3.10 GHZ,H.D-320GB,RAM-4GB,DVD R/W ', 'HZL/CZ/DTP/L900091', '10.101.21.84', '2007', 'NO', 'YES', 'WAR', '1374863400', 1334514600, 'NO', 'OK', 'A'),
(351, '421825', 1, 'NONE', '0', 1, 2, 'INI4460052', 'CRT', 'CNC44306GB', 'P-4,2.40GHZ,RAM-512MB,80GB HD', 'HZL/CZ/DTP/INI4460052', '10.101.23.30', '2007', 'NO', 'YES', 'AMC', 'MICROCLINIC', 1302373800, 'NO', 'OK', 'A'),
(352, '297266', 1, 'NONE', '0', 1, 4, 'INI53906D6', 'TFT', 'CNC640QJRO', 'P-4,2.40GHZ,RAM-512MB,80GB HD', 'HZL/CZ/DTP/INI53906D6', '10.101.21.114', '2007', 'NO', 'NO', 'AMC', 'MICROCLINIC', 1310581800, 'NO', 'OK', 'A'),
(353, '660369', 1, 'NONE', '0', 2, 7, '822DQ1S', 'TFT', 'OFJ061-64180-75P-1FOA', 'CORE 2 DUO,3.00GHZ,RAM-1 GB,160GB HD', 'HZL/CZ/DTP/822DQ1S', '10.101.21.106', '2007', 'NO', 'NO', 'AMC', 'MICROCLINIC', 1302805800, 'NO', 'OK', 'A'),
(354, '662121', 1, 'NONE', '0', 1, 5, 'INI6160FQ6', 'TFT', 'CNC6031R79', 'P-4,2.40GHZ,RAM-1GB,40GB HD', 'HZL/CZ/DTP/INI6160FQ6', '10.101.20.181', '2007', 'NO', 'YES', 'AMC', 'MICROCLINIC', 1307989800, 'NO', 'OK', 'A'),
(355, '667278', 1, 'NONE', '0', 1, 5, 'INI622019J', 'TFT', 'CNK5340XMG', 'P-4,2.40GHZ,RAM-512MB,80GB HD', 'HZL/CZ/DTP/INI622019J', '10.101.23.191', '2007', 'NO', 'YES', 'AMC', 'MICROCLINIC', 1316025000, 'NO', 'OK', 'A'),
(356, '660725', 1, 'NONE', '0', 2, 7, '822DQ1S', 'TFT', 'OFJ061-64180-75P-1EZA', 'CORE 2 DUO,3.00GHZ,RAM-1 GB,160GB HD', 'HZL/CZ/DTP/822DQ1S', '10.101.48.85', '2007', 'NO', 'YES', 'AMC', 'MICROCLINIC', 1310581800, 'NO', 'ISSUE FOR GATE PASS', 'A'),
(357, '660725', 1, 'NONE', '0', 2, 8, 'CJ641BS', 'TFT', 'CN-QUU578-64180-88J-1E8M-A00', 'CORE 2 DUO,3.00GHZ,RAM-1 GB,160GB HD', 'HZL/CZ/DTP/CJ641BS', '10.101.20.43', '2007', 'NO', 'YES', 'AMC', 'MICROCLINIC', 1305225000, 'NO', 'ISSUE FOR GATEPASS', 'A'),
(358, '660725', 1, 'NONE', '0', 2, 8, 'F9ZF2BS', 'TFT', 'OFJ061-64180-75P-1F1A', 'CORE 2 DUO,3.00GHZ,RAM-1 GB,160GB HD', 'HZL/CZ/DTP/F9ZF2BS', '192.168.22.100', '2007', 'NO', 'YES', 'AMC', 'MICROCLINIC', 1310754600, 'NO', 'ISSUE FOR GATEPASS', 'A'),
(359, '294997', 1, 'NONE', '0', 2, 8, '7LXF2BS', 'TFT', 'CNJ061-64180-8BP-2ZLL', 'CORE 2 DUO,3.00GHZ,RAM-1 GB,160GB HD', 'HZL/CZ/DTP/7LXF2BS', '10.101.20.208', '2007', 'NO', 'YES', 'AMC', 'MICROCLINIC', 1305311400, 'NO', 'OK', 'A'),
(360, '660725', 1, 'NONE', '0', 2, 7, '312DQ1S', 'TFT', 'CNJ061-64180-794-5B8A', 'CORE 2 DUO,3.00GHZ,RAM-1 GB,160GB HD', 'HZL/CZ/DTP/312DQ1S', '10.101.48.246', '2007', 'NO', 'NO', 'AMC', 'MICROCLINIC', 1350844200, 'NO', 'ISSUE FOR CONTRACTOR ACCESS IN OFFICE.', 'A'),
(361, '298346', 1, 'NONE', '0', 2, 7, '3L121BS', 'TFT', 'OFJ061-64180-75P-1FPA', 'CORE 2 DUO,3.00GHZ,RAM-1 GB,160GB HD', 'HZL/CZ/DTP/3L121BS', '10.101.22.239', '2007', 'NO', 'YES', 'AMC', 'MICROCLINIC', 1307989800, 'NO', 'ISSUE FOR RECEPTION', 'A'),
(362, '260235', 1, 'NONE', '0', 2, 7, '6M121BS', 'TFT', '3134006497', 'CORE 2 DUO,3.00GHZ,RAM-1 GB,160GB HD', 'HZL/CZ/DTP/3134006497', '10.101.23.109', '2007', 'NO', 'YES', 'AMC', 'MICROCLINIC', 1313260200, 'NO', 'BIG TFT ISSUE.', 'A'),
(363, '665898', 1, 'NONE', '0', 3, 9, 'L900094', 'TFT', 'V1XC447', 'I-5,2400 CPU,3.10 GHZ,H.D-320GB,RAM-4GB,DVD R/W ', 'HZL/CZ/DTP/L900094', '10.101.23.124', '2007', 'NO', 'YES', 'WAR', '1374863400', 1324319400, 'NO', 'OK', 'A'),
(364, '109943', 1, 'NONE', '0', 3, 10, 'L901029', 'NONE', 'NONE', 'I-5,2400 CPU,3.10 GHZ,H.D-320GB,RAM-4GB,DVD R/W ', 'HZL/CZ/DTP/L901029', '10.101.21.61', '2007', 'NO', 'YES', 'WAR', '1343327400', 1345055400, 'NO', 'ISSUE FOR FTP SERVER.', 'A'),
(365, '109943', 1, 'NONE', '0', 3, 9, 'L900106', 'TFT', 'V1AFR52', 'I-5,2400 CPU,3.10 GHZ,H.D-320GB,RAM-4GB,DVD R/W ', 'HZL/CZ/DTP/L900106', '10.101.20.205', '2007', 'NO', 'YES', 'WAR', '1374863400', 1353090600, 'NO', 'ISSUE FOR SANJEEV SIR', 'A'),
(366, '294366', 1, 'NONE', '0', 3, 10, 'L900782', 'TFT', 'V1CZ517', 'I-5,660,3.33GHZ,H.D-320GB,RAM-4GB,DVD R/W ', 'HZL/CZ/DTP/L900782', '10.101.21.89', '2007', 'NO', 'YES', 'WAR', '1385231400', 1345055400, 'NO', 'MANIKA PANDEY PC TRANSFER', 'A'),
(367, '269362', 1, 'NONE', '0', 3, 9, 'L900072', 'TFT', 'V1XC434', 'I-5,2400 CPU,3.10 GHZ,H.D-320GB,RAM-4GB,DVD R/W ', 'HZL/CZ/DTP/L900072', '10.101.23.250', '2007', 'NO', 'YES', 'WAR', '1374863400', 1316025000, 'NO', 'OK', 'A'),
(368, '299662', 1, 'NONE', '0', 3, 9, 'L900048', 'TFT', 'V1XC450', 'I-5,2400 CPU,3.10 GHZ,H.D-320GB,RAM-4GB,DVD R/W ', 'HZL/CZ/DTP/L900048', '10.101.21.214', '2007', 'NO', 'YES', 'WAR', '1374863400', 1315765800, 'NO', 'OK', 'A'),
(369, '272168', 1, 'NONE', '0', 3, 9, 'L900075', 'TFT', 'V1AFR50', 'I-5,2400 CPU,3.10 GHZ,H.D-320GB,RAM-4GB,DVD R/W ', 'HZL/CZ/DTP/L900075', '10.101.22.162', '2007', 'NO', 'YES', 'WAR', '1374863400', 1323196200, 'NO', 'OK', 'A'),
(370, '666428', 1, 'NONE', '0', 3, 9, 'L900092 ', 'TFT', 'V1XC459 ', 'I-5,2400 CPU,3.10 GHZ,H.D-320GB,RAM-4GB,DVD R/W ', 'HZL/CZ/DTP/L900092 ', '10.101.23.39', '2007', 'NO', 'YES', 'WAR', '1374863400', 1334082600, 'NO', 'OK', 'A'),
(371, '107039', 1, 'NONE', '0', 3, 11, 'L911733 ', 'TFT', 'V199488 ', 'CORE-2(3.00GHZ)RAM-3GB,HDD250GB ', 'HZL/CZ/DTP/L911733 ', '10.101.1.1', '2007', 'NO', 'YES', 'WAR', '1367001000', 1329157800, 'NO', 'ISSUED FOR CONFRENCE HALL HYDRO2', 'A'),
(372, '999999', 1, 'NONE', '0', 3, 11, 'L911730 ', 'TFT', 'V199467 ', 'CORE-2(3.00GHZ)RAM-3GB,HDD250GB ', 'HZL/CZ/DTP/L911730 ', '10.101.22.165', '2007', 'NO', 'YES', 'WAR', '1367001000', 1349548200, 'NO', 'ISSUE FOR ZINC SCHOOL', 'D'),
(373, '265638', 1, 'NONE', '0', 3, 9, 'L900061 ', 'TFT', 'V1XC474 ', 'I-5,2400 CPU,3.10 GHZ,H.D-320GB,RAM-4GB,DVD R/W ', 'HZL/CZ/DTP/L900061 ', '10.101.22.225', '2007', 'NO', 'YES', 'WAR', '1374863400', 1326479400, 'NO', 'OK', 'A'),
(374, '291534', 1, 'NONE', '0', 3, 10, 'L901011 ', 'TFT', 'V1CX930 ', 'I-5,660,3.33GHZ,H.D-320GB,RAM-4GB,DVD R/W ', 'HZL/CZ/DTP/L901011 ', '10.101.20.119', '2007', 'NO', 'YES', 'WAR', '1385231400', 1318617000, 'NO', 'OK', 'A'),
(375, '999999', 1, 'NONE', '0', 3, 10, 'L901019 ', 'TFT', 'V1XC436', 'I-5,660,3.33GHZ,H.D-320GB,RAM-4GB,DVD R/W ', 'HZL/CZ/DTP/L901019 ', '10.101.48.62', '2007', 'NO', 'YES', 'WAR', '1385231400', 1349548200, 'NO', 'ISSUE FOR ZINC SCHOOL STAFF ROOM.', 'A'),
(376, '999999', 1, 'NONE', '0', 3, 10, 'L900807 ', 'TFT', 'V1XC427', 'I-5,660,3.33GHZ,H.D-320GB,RAM-4GB,DVD R/W ', 'HZL/CZ/DTP/L900807', '10.101.48.61', '2007', 'NO', 'YES', 'WAR', '1385231400', 1349548200, 'NO', 'ISSUE FOR ZINC SCHOOL EXAMINATION HALL', 'A'),
(377, '999999', 1, 'NONE', '0', 3, 10, 'L900079  ', 'TFT', 'V1XC459', 'CORE-2(3.00GHZ)RAM-3GB,HDD250GB ', 'HZL/CZ/DTP/L900079', '10.101.22.165', '2007', 'NO', 'YES', 'WAR', '1385231400', 1349548200, 'NO', 'ISSUW FOR ZINC SCHOOL PHYSICS LAB.', 'A'),
(378, '109707', 1, 'NONE', '0', 3, 10, 'L900802 ', 'TFT', 'V1CY698 ', 'I-5,660,3.33GHZ,H.D-320GB,RAM-4GB,DVD R/W ', 'HZL/CZ/DTP/L900802 ', '10.101.22.82', '2007', 'NO', 'YES', 'WAR', '1385231400', 1318789800, 'NO', 'ISSUE FOR WSS CONTROL ROOM', 'A'),
(379, '109707', 1, 'NONE', '0', 3, 9, 'L900054 ', 'TFT', 'V1XC437 ', 'I-5,660,3.33GHZ,H.D-320GB,RAM-4GB,DVD R/W ', 'HZL/CZ/DTP/L900054 ', '10.101.22.90', '2007', 'NO', 'YES', 'WAR', '1385231400', 1321641000, 'NO', 'OK', 'A'),
(380, '561594', 1, 'NONE', '0', 3, 9, 'L900046 ', 'TFT', 'V1XC442 ', 'I-5,2400 CPU,3.10 GHZ,H.D-320GB,RAM-4GB,DVD R/W ', 'HZL/CZ/DTP/L900046', '10.101.23.36', '2007', 'NO', 'YES', 'WAR', '1374863400', 1320949800, 'NO', 'OK', 'A'),
(381, '660709', 1, 'NONE', '0', 3, 9, 'L900082 ', 'TFT', 'V1XC418 ', 'I-5,2400 CPU,3.10 GHZ,H.D-320GB,RAM-4GB,DVD R/W ', 'HZL/CZ/DTP/L900082 ', '10.101.23.86', '2007', 'NO', 'YES', 'WAR', '1374863400', 1321381800, 'NO', 'IP CHANGE PROXY TO DIRECT', 'A'),
(382, '299701', 1, 'NONE', '0', 3, 9, 'L900100   ', 'TFT', 'V1CX476 ', 'I-5,2400 CPU,3.10 GHZ,H.D-320GB,RAM-4GB,DVD R/W ', 'HZL/CZ/DTP/L900100   ', '10.101.23.23', '2007', 'NO', 'YES', 'WAR', '1374690600', 1318876200, 'NO', 'ISSUE FOR ITMS PROJECT', 'A'),
(383, '299701', 1, 'NONE', '0', 3, 9, 'L900045   ', 'TFT', 'V1XC373 ', 'I-5,2400 CPU,3.10 GHZ,H.D-320GB,RAM-4GB,DVD R/W ', 'HZL/CZ/DTP/L900045', '10.101.21.124', '2007', 'NO', 'YES', 'WAR', '1374690600', 1318617000, 'NO', 'ISSUED FOR ITMS PROJECT', 'A'),
(384, '299701', 1, 'NONE', '0', 3, 9, 'L900078', 'TFT', 'V1XC287 ', 'I-5,2400 CPU,3.10 GHZ,H.D-320GB,RAM-4GB,DVD R/W ', 'HZL/CZ/DTP/L900078', '10.101.21.67', '2007', 'N0', 'YES', 'WAR', '1343154600', 1316284200, 'NO', 'ISSUED FOR ITMS PROJECT', 'A'),
(385, '299701', 1, 'NONE', '0', 3, 9, 'L900057 ', 'TFT', 'V1XC284 ', 'I-5,2400 CPU,3.10 GHZ,H.D-320GB,RAM-4GB,DVD R/W ', 'HZL/CZ/DTP/L900057 ', '10.101.48.111', '2007', 'NO', 'YES', 'WAR', '1374690600', 1318703400, 'NO', 'ISSUED FOR ITMS PROJECT', 'A'),
(386, '299701', 1, 'NONE', '0', 3, 9, 'L900071', 'TFT', 'V1XC421 ', 'I-5,2400 CPU,3.10 GHZ,H.D-320GB,RAM-4GB,DVD R/W ', 'HZL/CZ/DTP/L900071', '10.101.48.112', '2007', 'NO', 'NO', 'WAR', '1374690600', 1326652200, 'NO', 'ISSUED FOR ITMS PROJECT', 'A'),
(387, '299701', 1, 'NONE', '0', 3, 9, 'L900064 ', 'TFT', 'V1XC419 ', 'I-5,2400 CPU,3.10 GHZ,H.D-320GB,RAM-4GB,DVD R/W ', 'HZL/CZ/DTP/L900064', '10.101.48.113', '2007', 'NO', 'YES', 'WAR', '1374690600', 1318789800, 'NO', 'ISSUED FOR ITMS PROJECT', 'A'),
(388, '299701', 1, 'NONE', '0', 3, 9, 'L900053 ', 'TFT', 'V1XC476 ', 'I-5,2400 CPU,3.10 GHZ,H.D-320GB,RAM-4GB,DVD R/W ', 'HZL/CZ/DTP/L900053 ', '10.101.48.114', '2007', 'NO', 'YES', 'WAR', '1374690600', 1324146600, 'NO', 'ISSUED FOR ITMS PROJECT', 'A'),
(389, '296267', 1, 'NONE', '0', 3, 9, 'L900067', 'TFT', 'V1XC430 ', 'I-5,2400 CPU,3.10 GHZ,H.D-320GB,RAM-4GB,DVD R/W ', 'HZL/CZ/DTP/L900067', '10.101.22.132', '2007', 'NO', 'YES', 'WAR', '1374690600', 1321554600, 'NO', 'ISSUED FOR ISF CONTROL ROOM.', 'A'),
(390, '999999', 1, 'NONE', '0', 1, 1, 'INI64903JT', 'CRT', '7540', 'P-4,2.40GHZ,RAM-1GB,40GB HD', 'HZL/CZ/DTP/INI64903JT', '10.101.48.59', '2007', 'NO', 'YES', 'AMC', 'MICROCLINIC', 1305484200, 'NO', 'ISSUED FOR ZINC SCHOOL SHUKHWAL JI PC.', 'A'),
(391, '999999', 1, 'NONE', '0', 2, 8, '2D641BS', 'TFT', 'CNJO61-64180-794-504A', 'CORE 2 DUO,3.00GHZ,RAM-1 GB,160GB HD', 'HZL/CZ/DTP/2D641BS', '101.68.95.62', '2007', 'NO', 'YES', 'AMC', 'MICROCLINIC', 1313605800, 'NO', 'ISSUED FOR PRINCIPAL SIR OFFICE.', 'A'),
(392, '566023', 1, 'NONE', '0', 2, 7, 'CV1VQ1S', 'TFT', 'OT7570', 'CORE 2 DUO,3.00GHZ,RAM-1 GB,160GB HD', 'HZL/CZ/DTP/CV1VQ1S', '10.101.48.252', '2007', 'NO', 'YES', 'AMC', 'MICROCLINIC', 1348857000, 'NO', 'OK', 'A'),
(393, '270539', 1, 'NONE', '0', 1, 4, 'INI53800D4', 'TFT', 'CNC44305GB', 'P-4,2.40GHZ,RAM-1GB,40GB HD', 'HZL/CZ/DTP/INI53800D4', '10.101.48.247', '2007', 'NO', 'YES', 'AMC', 'MICROCLINIC', 1350844200, 'NO', 'SUMIT GUPTA PC TRANSFER.', 'A'),
(394, '263847', 1, 'NONE', '0', 3, 9, 'L900209', 'TFT', 'V1XC472', 'I-5,2400 CPU,3.10 GHZ,H.D-320GB,RAM-4GB,DVD R/W ', 'HZL/CZ/DTP/L900209', '10.101.48.248', '2007', 'YES', 'YES', 'WAR', '1374690600', 1351449000, 'NO', 'ISSUED FOR AUTO CAD SOFTWARE 13 PURPOSE', 'A'),
(395, '293095', 1, 'NONE', '0', 2, 7, '522DQ1S', 'TFT', 'CN-OFJ061-64180-75P-1FNA', 'CORE 2 DUO,3.00GHZ,RAM-1 GB,160GB HD', 'HZL/CZ/DTP/522DQ1S', '10.101.22.89', '2007', 'NO', 'NO', 'AMC', 'MICROCLINIC', 1351449000, 'NO', 'ISSUED FOR AUSMELT ELECTRICAL S/I.', 'A'),
(396, '268363', 1, 'NONE', '0', 1, 2, 'INI44606W6', 'TFT', 'CNC837Q0RS', 'P-4,2.40GHZ,RAM-1GB,40GB HD', 'HZL/CZ/DTP/INI44606W6', '10.101.23.210', '2007', 'NO', 'YES', 'AMC', 'MICROCLINIC', 1350239400, 'NO', 'ISSUED FOR ROSTER CONTROL ROOM PC.', 'A'),
(397, '295158', 1, 'NONE', '0', 1, 2, 'INI44606W8', 'TFT', 'CNC5330N49', 'P-4,2.40GHZ,RAM-1GB,40GB HD', 'HZL/CZ/DTP/INI44606W8', '10.101.20.253', '2007', 'NO', 'YES', 'AMC', 'MICROCLINIC', 1351881000, 'NO', 'TRANSFER ABHILASHA OJHA PC.', 'A'),
(398, '663269', 1, 'NONE', '0', 2, 8, 'H9ZF2BS', 'TFT', 'CN-OFJ061-64180-75P-1FCA', 'CORE 2 DUO,3.00GHZ,RAM-1 GB,160GB HD', 'HZL/CZ/DTP/H9ZF2BS', '10.101.48.236', '2007', 'NO', 'NO', 'AMC', 'MICROCLINIC', 1351794600, 'NO', 'OK', 'A'),
(399, '272168', 1, 'NONE', '0', 3, 9, 'L91E437', 'TFT', 'V1XC462', 'I-5,2400 CPU,3.10 GHZ,H.D-320GB,RAM-4GB,DVD R/W ', 'HZL/CZ/DTP/3135002010/D5/L91E437', '10.101.22.80', '2007', 'NO', 'NO', 'WAR', '1436034600', 1352485800, 'MOUSE AND KEYBOARD', 'ISSUE FOR AUSMELT CONTROL ROOM', 'A'),
(400, '299701', 1, 'NONE', '0', 3, 9, 'L91E438', 'TFT', 'V1XDY22', 'I-5,2400 CPU,3.10 GHZ,H.D-320GB,RAM-4GB,DVD R/W ', 'HZL/CZ/DTP/3135002010/D6/L91E438', '10.101.21.224', '2007', 'NO', 'YES', 'WAR', '1436034600', 1352485800, 'NO', 'ISSUE FOR ITMS PROJECT AND OLD H06100 SUBMITTED.', 'A'),
(401, '108672', 1, 'NONE', '0', 1, 4, 'INI53908GB', 'TFT', 'CNC64OQJTX', 'P-4,2.40GHZ,RAM-1GB,40GB HD', 'HZL/CZ/DTP/INI53908GB', '10.101.22.180', '2007', 'NO', 'YES', 'AMC', 'MICROCLINIC', 1352658600, 'NO', 'OLD HP D220MT PC SUBMITTED.', 'A'),
(402, '298346', 1, 'NONE', '0', 1, 4, 'INI53906D9', 'TFT', 'CNC6020KZB', 'P-4,2.40GHZ,RAM-1GB,40GB HD', 'HZL/CZ/DTP/INI53906D9', '10.101.1.001', '2007', 'NO', 'YES', 'AMC', 'MICROCLINC', 1352399400, 'NO', 'ISSUED FOR SECURITY PURPOSE (RAVI KHOGAWAT)', 'A'),
(403, '660042', 1, 'NONE', '0', 3, 9, 'L91E407', 'TFT', 'V1XDY10', 'I-5,2400 CPU,3.10 GHZ,H.D-320GB,RAM-4GB,DVD R/W ', 'HZL/CZ/DTP/3135002010/D4/L91E407', '10.101.23.38', '2007', 'NO', 'YES', 'WAR', '1436034600', 1352140200, 'KEYBOARD AND MOUSE', 'ISSUED FOR CANTEEN PURPOSE AND OLD HP 6120 SUBMITTED.', 'A'),
(404, '267665', 2, 'NONE', '0', 9, 20, 'LR-343BL', 'NONE', 'NONE', 'CORE I5-2540M 2.60 GHZ , 4GB RAM , 320GB HDD', 'HZL/CZ/LT/LR-343BL', '10.101.21.60', '2007', 'NO', 'YES', 'WAR', '1404153000', 1353522600, 'NO', 'OK OLD DELL PC SUBMITTED.', 'A'),
(405, '109943', 2, 'NONE', '0', 9, 19, 'LR-YNDML', 'NONE', 'NONE', 'INTEL CORE(P8700(2.53GHZ), 4GB RAM, 250GB HDD, 14.1 LCD', 'HZL/CZ/LT/LR-YNDML', '10.101.23.135', '2007', 'NO', 'YES', 'AMC', 'INSURED', 1313605800, 'NO', 'OK', 'A'),
(406, '867515', 2, 'NONE', '0', 9, 44, 'R8EAMT0', 'NONE', 'NONE', 'CORE 2 DUO, 1.8 GHZ, 1 +1=2GB RAM, 120GB SATA HDD, DVD-WRITER, 14.1 WXGA', 'HZL/CZ/LT/R8EAMT0', '10.101.21.227', '2007', 'NO', 'YES', 'AMC', 'INSURED', 1350066600, 'NO', 'TRANSFER LAPTOP', 'A'),
(407, '663968', 2, 'NONE', '0', 9, 44, 'R8-EAMPI ', 'NONE', 'NONE', 'CORE 2 DUO, 1.8 GHZ, 1 +1=2GB RAM, 120GB SATA HDD, DVD-WRITER, 14.1 WXGA', 'HZL/CZ/LT/R8-EAMPI ', '10.101.23.139', '2007', 'NO', 'YES', 'AMC', 'INSURED', 1356114600, 'NO', 'OK', 'A'),
(408, '999997', 2, 'NONE', '0', 9, 20, 'LR-Y128L ', 'NONE', 'NONE', 'INTEL CORE I5(2.40GHZ), 4GB RAM, 320GB HDD', 'HZL/CZ/LT/LR-Y128L', '10.101.22.241', '2007', 'NO', 'YES', 'WAR', '1408559400', 1356114600, 'NO', 'ISSUE FOR AUDIT PURPOSE', 'A'),
(409, '662901', 1, 'NONE', '0', 1, 5, 'INI622019M', 'TFT', 'CNC61315MM', 'P-4,2.40GHZ,RAM-512MB,80GB HD', 'HZL/CZ/DTP/INI622019M', '10.101.21.221', '2007', 'NO', 'YES', 'AMC', 'MICROCLINIC', 1318617000, 'NO', 'OK', 'A'),
(410, '108931', 1, 'NONE', '0', 1, 1, 'INI64903NL', 'TFT', 'CNC640QJ5S', 'P-4,2.40GHZ,RAM-512MB,80GB HD', 'HZL/CZ/DTP/INI64903NL', '10.101.22.170', '2007', 'NO', 'YES', 'AMC', 'MICROCLINIC', 1313001000, 'NO', 'OK', 'A'),
(411, '275770', 1, 'NONE', '0', 1, 2, 'INI51201YR', 'TFT', 'CNC5330LHT', 'P-4,2.40GHZ,RAM-512MB,80GB HD', 'HZL/CZ/DTP/INI6160FMJ', '10.101.21.211', '2007', 'NO', 'YES', 'AMC', 'MICROCLINIC', 1300041000, 'NO', 'OK', 'A'),
(412, '269197', 1, 'NONE', '0', 2, 7, 'FL121BS', 'TFT', 'NO', 'CORE 2 DUO,3.00GHZ,RAM-1 GB,160GB HD', 'HZL/CZ/DTP/FL121BS', '10.101.20.238', '2007', 'NO', 'YES', 'AMC', 'MICROCLINIC', 1353695400, 'NO', 'OK', 'A');
INSERT INTO `hz_registration` (`id`, `empid`, `hardware`, `cartage`, `printertype`, `make`, `model`, `cpuno`, `monitortype`, `monitorno`, `sysconfig`, `assetcode`, `ipaddr`, `officever`, `licensesoft`, `internet`, `internettype`, `warnorvendor`, `date`, `otheritasset`, `status`, `activestatus`) VALUES
(413, '662516', 1, 'NONE', '0', 1, 2, 'INI44606XC', 'TFT', 'CNC6010T5Q', 'P-4,2.40GHZ,RAM-512MB,80GB HD', 'HZL/CZ/DTP/INI44606XC', '10.101.22.137', '2007', 'NO', 'YES', 'AMC', 'MICROCLINIC', 1316025000, 'NO', 'OK', 'A'),
(414, '662639', 1, 'NONE', '0', 1, 1, 'INI71507OH', 'TFT', 'CNC5352CRG', 'P-4,2.40GHZ,RAM-512MB,80GB HD', 'HZL/CZ/DTP/INI71507OH', '10.101.22.237', '2007', 'NO', 'YES', 'AMC', 'MICROCLINIC', 1344796200, 'NO', 'OK', 'A'),
(415, '277309', 1, 'NONE', '0', 1, 5, 'INI624005L', 'CRT', '5500', 'P-4,2.40GHZ,RAM-512MB,80GB HD', 'HZL/CZ/DTP/INI624005L', '10.101.22.182', '2007', 'NO', 'NO', 'AMC', 'MICROCLINIC', 1316284200, 'NO', 'OK', 'A'),
(416, '665607', 1, 'NONE', '0', 2, 7, '912DQ1S', 'TFT', 'CN-OFJ061-64180-78D-03UA', 'CORE 2 DUO,3.00GHZ,RAM-1 GB,160GB HD', 'HZL/CZ/DTP/912DQ1S', '10.101.22.126', '2007', 'NO', 'YES', 'AMC', 'MICROCLINIC', 1323973800, 'NO', 'OK', 'A'),
(417, '662228', 1, 'NONE', '0', 1, 1, 'INI64903NB', 'TFT', 'CNC637Q0BD', 'P-4,2.40GHZ,RAM-512MB,80GB HD', 'HZL/CZ/DTP/INI64903NB', '10.101.23.41', '2007', 'NO', 'YES', 'AMC', 'MICROCLINIC', 1316025000, 'NO', 'OK', 'A'),
(418, '662655', 1, 'NONE', '0', 1, 6, 'INI4070QBP', 'TFT', 'CNC640QJVO', 'P-4,2.40GHZ,RAM-512MB,80GB HD', 'HZL/CZ/DTP/INI4070QBP', '10.101.21.218', '2007', 'NO', 'YES', 'AMC', 'MICROCLINIC', 1318703400, 'NO', 'OK', 'A'),
(419, '663997', 1, 'NONE', '0', 1, 5, 'INI6160FPC', 'CRT', '5500', 'P-4,2.40GHZ,RAM-512MB,80GB HD', 'HZL/CZ/DTP/INI6160FPC', '10.101.21.228', '2007', 'NO', 'NO', 'AMC', 'MICROCLINIC', 1316197800, 'NO', 'OK', 'A'),
(420, '139337', 1, 'NONE', '0', 1, 1, 'INI64903HN', 'TFT', 'CNC637Q0CT', 'P-4,2.40GHZ,RAM-512MB,80GB HD', 'HZL/CZ/DTP/INI64903HN', '10.101.21.170', '2007', 'NO', 'YES', 'AMC', 'MICROCLINIC', 1307298600, 'NO', 'OK', 'A'),
(421, '294269', 1, 'NONE', '0', 2, 8, 'FH641BS', 'TFT', 'OFJ061-64180-78D-OUEA', 'CORE 2 DUO,3.00GHZ,RAM-1 GB,160GB HD', 'HZL/CZ/DTP/FH641BS', '10.101.48.65', '2007', 'NO', 'YES', 'AMC', 'MICROCLINIC', 1302892200, 'NO', 'OK', 'A'),
(422, '281230', 1, 'NONE', '0', 1, 2, 'INI44606SH', 'CRT', 'INI424WA310', 'P-4,2.40GHZ,RAM-512MB,80GB HD', 'HZL/CZ/DTP/INI44606SH', '10.101.21.73', '2007', 'NO', 'YES', 'AMC', 'MICROCLINIC', 1315765800, 'NO', 'OK', 'A'),
(423, '660327', 1, 'NONE', '0', 2, 7, '1WDQ1S', 'TFT', 'OFJO61-64180-75P-1A4A', 'CORE 2 DUO,3.00GHZ,RAM-1 GB,160GB HD', 'HZL/CZ/DTP/1WDQ1S', '10.101.20.108', '2007', 'NO', 'YES', 'AMC', 'MICROCLINIC', 1474137000, 'NO', 'OK', 'A'),
(424, '294272', 1, 'NONE', '0', 1, 4, 'INI53906D3', 'TFT', 'CNC6031QTZ', 'P-4,2.40GHZ,RAM-512MB,80GB HD', 'HZL/CZ/DTP/INI53906D3', '10.101.22.28', '2007', 'NO', 'NO', 'AMC', 'MICROCLINIC', 1316284200, 'NO', 'OK', 'A'),
(425, '663887', 1, 'NONE', '0', 2, 8, 'GH641BS', 'TFT', 'OFJ061-64180-794-54TA', 'CORE 2 DUO,3.00GHZ,RAM-1 GB,160GB HD', 'HZL/CZ/DTP/GH641BS', '10.101.21.144', '2007', 'NO', 'YES', 'AMC', 'MICROCLINIC', 1331836200, 'NO', 'OK', 'A'),
(426, '293338', 1, 'NONE', '0', 2, 7, '922DQ1S', 'TFT', 'OFJO61-64180-794-56PA', 'CORE 2 DUO,3.00GHZ,RAM-1 GB,160GB HD', 'HZL/CZ/DTP/922DQ1S', '10.101.48.82', '2007', 'NO', 'YES', 'AMC', 'MICROCLINIC', 1316111400, 'NO', 'OK', 'A'),
(427, '661766', 1, 'NONE', '0', 1, 5, 'INI6160FMK', 'TFT', 'CNC6030955', 'P-4,2.40GHZ,RAM-512MB,80GB HD', 'HZL/CZ/DTP/INI6160FMK', '10.101.22.98', '2007', 'NO', 'YES', 'AMC', 'MICROCLINIC', 1297708200, 'NO', 'OK', 'A'),
(428, '770550', 1, 'NONE', '0', 1, 2, 'INI44606WS', 'TFT', 'CNC61134XT', 'P-4,2.40GHZ,RAM-512MB,80GB HD', 'HZL/CZ/DTP/INI44606WS', '10.101.22.211', '2007', 'NO', 'YES', 'AMC', 'MICROCLINIC', 1316025000, 'NO', 'OK', 'A'),
(429, '661711', 1, 'NONE', '0', 1, 2, 'INI44606WB', 'TFT', 'CNC805QD0F', 'P-4,2.40GHZ,RAM-512MB,80GB HD', 'HZL/CZ/DTP/INI44606WB', '10.101.23.72', '2007', 'NO', 'YES', 'AMC', 'MICROCLINIC', 1316197800, 'NO', 'OK', 'A'),
(430, '108902', 1, 'NONE', '0', 1, 6, 'INI40700BG', 'TFT', 'INI349WA193', 'P-4,2.40GHZ,RAM-512MB,80GB HD', 'HZL/CZ/DTP/INI40700BG', '10.101.20.203', '2007', 'NO', 'YES', 'AMC', 'MICROCLINIC', 1297967400, 'NO', 'OK', 'A'),
(431, '291110', 1, 'NONE', '0', 2, 8, '2CZF2BS', 'TFT', '0FJ061-64180-75P-1FFA', 'CORE 2 DUO,3.00GHZ,RAM-1 GB,160GB HD', 'HZL/CZ/DTP/2CZF2BS', '10.101.21.230', '2007', 'NO', 'YES', 'AMC', 'MICROCLINIC', 1321554600, 'NO', 'OK', 'A'),
(432, '269333', 1, 'NONE', '0', 2, 7, '6Z1DQ1S', 'TFT', 'OFJ061-64180-75P-1G3A', 'CORE 2 DUO,3.00GHZ,RAM-1 GB,160GB HD', 'HZL/CZ/DTP/6Z1DQ1S', '10.101.23.223', '2007', 'NO', 'YES', 'AMC', 'MICROCLINIC', 1302892200, 'NO', 'OK', 'A'),
(433, '287043', 1, 'NONE', '0', 2, 7, '3Z1DQ1S', 'TFT', '0FJ061-64180-75P-1F8A', 'CORE 2 DUO,3.00GHZ,RAM-1 GB,160GB HD', 'HZL/CZ/DTP/3Z1DQ1S', '10.101.21.194', '2007', 'NO', 'YES', 'AMC', 'MICROCLINIC', 1318530600, 'NO', 'OK', 'A'),
(434, '285618', 1, 'NONE', '0', 2, 7, 'HW1DQ1S', 'TFT', 'OFJ061-64180-75P-1EDA', 'CORE 2 DUO,3.00GHZ,RAM-1 GB,160GB HD', 'HZL/CZ/DTP/HW1DQ1S', '10.101.21.212', '2007', 'NO', 'YES', 'AMC', 'MICROCLINIC', 1318703400, 'NO', 'OK', 'A'),
(435, '270898', 3, '4', '4', 14, 26, '1320 LASER JET', 'NONE', 'NONE', 'NONE', 'HZL/CZ/LJP/1320 LASER JET', 'NONE', 'NONE', 'NONE', 'NONE', 'AMC', 'MICROCLINIC', 1247769000, 'NO', 'ISSUE FOR COMMON PURPOSE IN COMMERCIAL.', 'A'),
(436, '401748', 3, 'NONE', '9', 14, 35, '2727', 'NONE', 'NONE', 'NONE', 'HZL/CZ/LJP/2727', '10.101.20.62', 'NONE', 'NONE', 'NONE', 'AMC', 'MICROCLINIC', 1277922600, 'NO', 'ISSUE FRO COMMERCIAL DEPARTMENT.', 'A'),
(437, '109464', 3, '12', '8', 14, 44, '1536', 'NONE', 'NONE', 'NONE', 'HZL/CZ/LJP/1536', '10.101.20.63', 'NONE', 'NONE', 'NONE', 'WAR', '1395081000', 1354732200, 'NO', 'ISSUE FOR COMMERCIAL BUILDING.', 'A'),
(438, '301356', 3, '2', '8', 14, 23, '1022', 'NONE', 'NONE', 'NONE', 'HZL/CZ/LJP/1022', '10.101.0.1', 'NONE', 'NONE', 'NONE', 'AMC', 'MICROCLINIC', 1242498600, 'NO', 'OK', 'A'),
(439, '210887', 3, '4', '9', 14, 31, '3392', 'NONE', 'NONE', 'NONE', 'HZL/CZ/LJP/3392', '10.101.0.1', 'NONE', 'NONE', 'NONE', 'AMC', 'MICROCLINIC', 1246818600, 'NO', 'OK', 'A'),
(440, '269359', 3, 'NONE', '2', 14, 59, '5160', 'NONE', 'NONE', 'NONE', 'HZL/CZ/DMP/5160', 'NONE', 'NONE', 'NONE', 'NONE', 'AMC', 'MICROCLINIC', 1237228200, 'OK', 'ISSUE FOR JAYARAMAN SIR CABIN.', 'A');

-- --------------------------------------------------------

--
-- Table structure for table `hz_stock`
--

CREATE TABLE IF NOT EXISTS `hz_stock` (
  `id` int(8) NOT NULL AUTO_INCREMENT,
  `department` int(5) NOT NULL,
  `hardware` int(8) NOT NULL,
  `type` varchar(200) NOT NULL,
  `make` int(8) NOT NULL,
  `model` int(8) NOT NULL,
  `invoiceno` varchar(100) NOT NULL,
  `orderdate` bigint(20) NOT NULL,
  `partyname` varchar(150) NOT NULL,
  `receivername` varchar(150) NOT NULL,
  `quantity` int(5) NOT NULL,
  `rate` int(10) NOT NULL,
  `otherstatus` varchar(200) NOT NULL,
  `entrytype` varchar(50) NOT NULL,
  PRIMARY KEY (`id`),
  KEY `department` (`department`),
  KEY `department_2` (`department`),
  KEY `hardware` (`hardware`),
  KEY `make` (`make`),
  KEY `model` (`model`)
) ENGINE=InnoDB  DEFAULT CHARSET=latin1 AUTO_INCREMENT=252 ;

--
-- Dumping data for table `hz_stock`
--

INSERT INTO `hz_stock` (`id`, `department`, `hardware`, `type`, `make`, `model`, `invoiceno`, `orderdate`, `partyname`, `receivername`, `quantity`, `rate`, `otherstatus`, `entrytype`) VALUES
(2, 2, 2, '0', 9, 18, 'DEL R/500750/11-12', 1308940200, 'STERLING INFOWAYS PVT. LTD.', 'CSC IT', 2, 48571, 'RECEIVED', 'NEW'),
(3, 2, 2, '0', 9, 20, '6400205021', 1314037800, 'LENOVO(INDIA) PVT. LTD. NEW DELHI', 'CSC IT', 20, 45500, 'RECEIVED', 'NEW'),
(4, 2, 2, '0', 9, 18, 'DEL R/502947', 1295807400, 'STERLING INFOWAYS PVT. LTD.', 'CSC IT', 3, 48571, 'RECEIVED WITH LENOVO BAG.', 'NEW'),
(5, 2, 2, '0', 9, 19, 'TI/131', 1292265000, 'INNOVATIVE TELECOM & SOFTWARE PVT LTD.', 'CSC IS', 11, 52400, 'RECEIVED WITH LENOVO BAG.', 'NEW'),
(6, 2, 2, '0', 9, 19, 'TI/133', 1292265000, 'INNOVATIVE TELECOM & SOFTWARE PVT LTD', 'CSC IS', 4, 52400, 'RECEIVED WITH LENOVO BAG.', 'NEW'),
(7, 2, 2, '0', 10, 13, 'HO TRANSFER', 1281897000, 'PARMAR TECHNOSHOP UDAIPUR', 'CSC IS', 1, 105504, 'TRANSFER LAPTOP FROM UDAIPUR', 'TRANSFER'),
(8, 2, 2, '0', 9, 15, 'HO TRANSFER', 1286821800, 'HINDUSTAN ZINC UDAIPUR', 'CSC IT', 1, 50000, 'SERIAL NO L3H7965 WARRENTY DATE 10/05/2011', 'NEW'),
(9, 2, 2, '0', 9, 19, 'RI138', 1277836200, 'INNOVATIVE TELECOM & SOFTWARE PVT. LTD.', 'CSC IT', 1, 48088, 'RECEIVED WITH LENOVO CARRY BAG', 'NEW'),
(10, 2, 2, '0', 9, 38, 'SIPL\09-10RNP570', 1245436200, 'STERLING INFOWAYS PVT. LTD.', 'CSC IS', 4, 49500, 'RECEICVED WITH LENOVO CARRY BAG', 'NEW'),
(11, 2, 2, '0', 9, 15, 'SIPL/08-09/463', 1219084200, 'SEQUEL INFOCOM PVT. LTD.', 'CSC IS', 1, 49400, 'RECEIVED WITH LENOVO CARRY BAG.', 'NEW'),
(12, 2, 2, '0', 9, 15, 'SIPL/07-08/840', 1196361000, 'SEQUEL INFOCOM PVT. LTD.', 'CSC IS', 1, 50600, 'RECEIVED WITH CARRY BAG.', 'NEW'),
(13, 2, 2, '0', 9, 14, 'SIPL/07-08/240', 1181759400, 'SEQUEL INFOCOM PVT. LTD.', 'CSC IT', 2, 60000, 'RECEIVED WITH LENOVO CARRY BAG.', 'NEW'),
(14, 2, 2, '0', 9, 14, 'SIPL/07-08/184', 1180377000, 'SEQUEL INFOCOM PVT. LTD.', 'CSC IT', 1, 60000, 'RECEIVED WITH CARRY BAG', 'NEW'),
(15, 2, 2, '0', 9, 14, 'SIPL/07-08/183', 1180377000, 'SEQUEL INFOCOM PVT. LTD.', 'CSC IT', 1, 60000, 'RECEIVED WITH CARRY BAG.', 'NEW'),
(16, 2, 2, '0', 9, 14, 'SIPL/07-08/60', 1177007400, 'SEQEAL INFOCOM PVT. LTD.', 'CSC IT', 1, 69000, 'RECEIVED WITH CARRY BAG.', 'NEW'),
(17, 2, 2, '0', 9, 14, 'SIPL/07-08/38', 1176489000, 'SEQUEAL INFOCOM PVT. LTD.', 'CSC IT', 3, 60500, 'RECEIVED WITH CARRY BAG.', 'NEW'),
(18, 2, 2, '0', 9, 14, 'SIPL/07-08/39', 1176489000, 'SEQEAL INFOCOM PVT. LTD.', 'CSC IT', 1, 60500, 'RECEIVED WITH CARRY BAG.', 'NEW'),
(19, 2, 2, '0', 9, 14, '06-07/SIPL/916', 1167676200, 'SEQUEL INFOCOM PVT. LTD.', 'CSC IT', 1, 60500, 'RECEIVED WITH CARRY BAG.', 'NEW'),
(20, 2, 2, '0', 9, 20, '6400208176', 1342204200, 'LENOVO(INDIA) PVT. LTD.', 'CSC IT', 15, 46324, 'RECEIVED WITH CARRY BAG.', 'NEW'),
(21, 2, 1, '0', 3, 9, '6400494545', 1342117800, 'LENOVO(INDIA) PVT. LTD.', 'CSC IT', 40, 33091, 'RECEIVED', 'NEW'),
(22, 2, 2, '0', 9, 38, '69', 1265740200, 'INNOVATIVE TELECOM & SOFTWARE PVT. LTD.', 'CSC IT', 8, 48550, 'RECEIVED WITH CARRY BAG.', 'NEW'),
(24, 2, 2, '0', 9, 38, '1016', 1237919400, 'HINDUSTAN ZINC UDAIPUR', 'CSC IT', 4, 49500, 'RECEIVED BY HEAD OFFICE WITH CARRY BAG.', 'NEW'),
(25, 2, 2, '0', 9, 15, '12121', 1211135400, 'HINDUSTAN ZINC UDAIPUR', 'CSC IT', 9, 45350, 'RECEIVED BY HEAD OFFICE WITH CARRY BAG.', 'NEW'),
(26, 2, 2, '0', 9, 15, '12122', 1211135400, 'HINDUSTAN ZINC UDAIPUR', 'CSC IT', 1, 45350, 'RECEIVED BY HEAD OFFICE WITH CARRY BAG.', 'NEW'),
(27, 2, 2, '0', 9, 15, '12116', 1210271400, 'HINDUSTAN ZINC UDAIPUR', 'CSC IT', 20, 45350, 'RECEIVED BY HEAD OFFICE WITH CARRY BAG.', 'NEW'),
(28, 2, 2, '0', 10, 13, '387', 1339353000, 'JAI JINENDRA UDAIPUR', 'CSC IT', 9, 68847, 'RECEIVED 6 BALCK AND 3 SILVER COLOR WITH CARRY BAG.', 'NEW'),
(29, 2, 1, '0', 3, 9, '6400482179', 1311618600, 'LENOVO(INDIA) PVT. LTD.', 'CSC IT', 62, 33091, 'RECEIVED', 'NEW'),
(30, 2, 2, '0', 9, 20, '6400205051', 1314210600, 'LENOVO(INDIA) PVT. LTD.', 'CSC IT', 3, 45500, 'RECEIVED WITH CARRY BAG.', 'NEW'),
(31, 2, 1, '0', 3, 9, '6400482572', 1313778600, 'LENOVO(INDIA) PVT. LTD.', 'CSC IT', 6, 33091, 'RECEIVED.', 'NEW'),
(32, 2, 1, '0', 3, 11, 'RI39', 1273170600, 'INNOVATIVE TELECOM & SOFTWARE PVT. LTD.', 'CSC IT', 10, 32908, 'RECEIVED', 'NEW'),
(33, 2, 1, '0', 3, 10, 'RI289', 1292524200, 'INNOVATIVE TELECOM & SOFTWARE PVT. LTD.', 'CSC IT', 33, 35800, 'RECEIVED', 'NEW'),
(36, 2, 2, '0', 9, 44, 'SIPL/09-10RNP570', 1245436200, 'STERLING INFOWAYS PVT. LTD.', 'CSC IT', 4, 49500, 'RECEICVED WITH LENOVO CARRY BAG', 'NEW'),
(37, 2, 2, '0', 9, 44, '69', 1265740200, 'INNOVATIVE TELECOM & SOFTWARE PVT. LTD.', 'CSC IT', 8, 48550, 'RECEIVED WITH CARRY BAG.', 'NEW'),
(38, 2, 2, '0', 9, 44, 'SIPL/09-10RNP570', 1245436200, 'STERLING INFOWAYS PVT. LTD.', 'CSC IT', 4, 49500, 'RECEIVED WITH CARRY BAG.', 'NEW'),
(39, 2, 2, '0', 9, 44, '1016', 1237919400, 'HINDUSTAN ZINC UDAIPUR', 'CSC IT', 4, 49500, 'RECEIVED BY HEAD OFFICE WITH CARRY BAG.', 'NEW'),
(41, 2, 1, '0', 2, 8, 'SIPL/08/09/700', 1225477800, 'M/S SEQUEL INFOCOM PVT LTD.', 'CSC IT', 20, 32500, 'BUYER ORDER NO. HZL/DZS/PUR/HO-106/DSR-2162/08-09/3898', 'NEW'),
(42, 2, 1, '0', 2, 8, 'SIPL/07-08/995', 1199039400, 'M/S SEQUEL INFOCOM PVT LTD.', 'CSC- IT', 1, 30000, 'BUYER ORDER CAPEX-2B/7/4100025853', 'NEW'),
(43, 2, 1, '0', 2, 8, 'SIPL/07-08/778', 1194892200, 'M/S SEQUEL INFOCOM PVT LTD.', 'CSC-IT', 1, 48150, 'BUYER ORDER NUMBER CAPEX-2/07/4100024104', 'NEW'),
(44, 2, 1, '0', 2, 8, 'SIPL/07-08/778', 1194892200, 'M/S SEQUEL INFOCOM PVT LTD.', 'CSC-IT', 2, 41150, 'BUYER ORDER NUMBER CAPEX-2/07/4100024104', 'NEW'),
(45, 2, 1, '0', 2, 8, 'SIPL/07-08/718', 1193337000, 'M/S SEQUEL INFOCOM PVT LTD.', 'CSC-IT', 29, 30000, 'CAPEX-2/07/4100024104', 'NEW'),
(46, 2, 1, '0', 2, 7, 'SIPL/07-08/593', 1189967400, 'M/S SEQUEL INFOCOM PVT LTD.', 'CSC-IT', 3, 31000, 'BUYER ORDER NO. CAPEX/0708/4100022983', 'NEW'),
(47, 2, 1, '0', 2, 7, 'SIPL/07-08/594', 1189967400, 'M/S SEQUEL INFOCOM PVT LTD.', 'CSC-IT', 13, 31000, 'BUYER ORDER NO. H2/07/274/4100023081', 'NEW'),
(48, 2, 1, '0', 2, 7, 'SIPL/07-08/596', 1189967400, 'M/S SEQUEL INFOCOM PVT LTD.', 'CSC-IT', 3, 31000, 'BUYER ORDER NO. H2/07/274/4100023079', 'NEW'),
(49, 2, 1, '0', 2, 7, 'SIPL/07/08/321', 1183660200, 'M/S SEQUEL INFOCOM PVT LTD.', 'CSC-IT', 96, 31000, 'BUYER ORDER NO. H2/07/115/4100021702/9128', 'NEW'),
(50, 2, 1, '0', 1, 6, '951', 1140805800, 'M/S TAYAL SOFTWARE COUNSULTANCY SERVICES', 'CSC-IT', 10, 34400, 'ORDER NO HZL/CPG/CAPX/PC/HP', 'NEW'),
(51, 2, 1, '0', 1, 6, '11362', 1154543400, 'M/S HINDUSTAN ZINC LIMITED UDAIPUR', 'CSC-IT', 1, 15000, 'HO EMPLOYEE SURENDRA KUMAR GARG TRANSFERED', 'TRANSFER'),
(52, 2, 1, '0', 1, 4, '1095', 1162665000, 'M/S TAYAL SOFTWARE COUNSULTANCY SERVICES', 'CSC-IT', 32, 37500, 'ORDER NO CPG/SS/05-06/DLSPU/PO', 'NEW'),
(53, 2, 1, '0', 1, 4, '1051', 1130437800, 'TAYAL SOFTWARE COUNSULTANCY SERVICES', 'CSC-IT', 9, 37500, 'ORDER NO. CPG/SS/05-06/DLSPU/PO', 'NEW'),
(54, 2, 1, '0', 1, 5, '109', 1146162600, 'TAYAL SOFTWARE CONSULTANCY SERVICES', 'CSC-IT', 25, 38000, 'ORDER NO CL05/VS/04/4100012899/4972', 'NEW'),
(55, 2, 1, '0', 1, 5, '208', 1147631400, 'M/S TAYAL SOFTWARE COUNSULTANCY SERVICES', 'CSC-IT', 45, 38000, 'ORDER NO CL05/VS/04/4100012899/4972', 'NEW'),
(56, 2, 1, '0', 1, 2, '11736', 1143397800, 'HINDUSTAN ZINC LIMITED', 'CSC-IT', 2, 15000, 'HITENDRA AND KRISHNAN R TRANSFER FROM HO', 'TRANSFER'),
(57, 2, 1, '0', 1, 4, '11731', 1141842600, 'HINDUSTAN ZINC LIMITED UDAIPUR', 'CSC-IT', 1, 18000, 'MR. DB JAIN TRANSFRER FROM HO', 'TRANSFER'),
(58, 2, 1, '0', 1, 6, '11712', 1136399400, 'HINDUSTAN ZINC LIMITED UDAIPUR', 'CSC-IT', 1, 18500, 'SUDHIR PATHALI 301466 TRANSFER', 'TRANSFER'),
(59, 2, 1, '0', 1, 5, '11769', 1150828200, 'HINDUSTAN ZINC LIMITED UDAIPUR', 'CSC-IT', 4, 30000, 'TRANSFER FROM HO', 'TRANSFER'),
(60, 2, 1, '0', 1, 4, '11755', 1148581800, 'HINDUSTAN ZINC LIMITED UDAIPUR', 'CSC-IT', 2, 30000, 'TRANSFER FROM HO', 'TRANSFER'),
(61, 2, 1, '0', 1, 5, '509', 1151346600, 'TAYAL SOFTWARE COUNSULTANCY SERVICES', 'CSC-IT', 15, 38000, 'OK', 'NEW'),
(62, 2, 1, '0', 1, 5, '617', 1152729000, 'TAYAL SOFTWARE COUNSULTANCY SERVICES', 'CSC-IT', 10, 38000, 'ORDER NO HY-06/286/4100014358', 'NEW'),
(63, 2, 1, '0', 1, 5, '372', 1149618600, 'TAYAL SOFTWARE COUNSULTANCY SERVICES', 'CSC-IT', 5, 38000, 'ORDER NO.CL05/VS/04/4100012899/4972', 'NEW'),
(64, 2, 1, '0', 1, 1, '1813', 1165948200, 'TAYAL SOFTWARE COUNSULTANCY SERVICES', 'CSC-IT', 25, 34135, 'ORDER NO DZS/PUR/PO-1502/06-07/39/1100', 'NEW'),
(65, 2, 1, '0', 1, 1, '219', 1178217000, 'TAYAL SOFTWARE COUNSULTANCY SERVICES', 'CSC-IT', 10, 34135, 'ORDER NO. HY/06-1166/4100019412', 'NEW'),
(66, 2, 1, '0', 1, 1, '217', 1178217000, 'TAYAL SOFTWARE COUNSULTANCY SERVICES', 'CSC-IT', 3, 34135, 'ORDER NO CAPEX-121/4100019698', 'NEW'),
(69, 2, 3, '1', 13, 4, '0583', 1310495400, 'M/S PARMAR TECHNO SHOP UDAIPUR', 'CSC-IT', 5, 10550, 'S/N JNVY095845, 95795, 95819, 95555, 95813', 'NEW'),
(70, 2, 3, '8', 14, 44, 'V2283', 1331231400, 'M/S E-CONNECT SOLUTIONS PVT LTD. UDAIPUTR', 'CSC-IT', 2, 20351, 'S/N CNC9CDRCX2', 'NEW'),
(71, 2, 3, '1', 13, 45, '0583', 1310495400, 'M/S PARMAR TECHNO SHOP UDAIPUR', 'CSC-IT', 5, 7190, 'S/N JNWY362511', 'NEW'),
(72, 2, 3, '4', 14, 24, '0583', 1310495400, 'M/S PARMAR TECHNO SHOP UDAIPUR', 'CSC-IT', 5, 5900, 'S/N CNCFL43190, CNCFL88409', 'NEW'),
(73, 2, 3, '8', 14, 29, '1309', 1264012200, 'HINDUSTAN ZINC LIMITED UDAIPUR', 'CSC-IT', 1, 20000, 'S/N CNCK107958', 'TRANSFER'),
(74, 2, 3, '8', 14, 46, '1299', 1289932200, 'M/S PARMAR TECHNO SHOP UDAIPUR', 'CSC-IT', 1, 15600, 'S/N VNC3P01259', 'NEW'),
(75, 2, 3, '8', 14, 47, '1299', 1289932200, 'M/S PARMAR TECHNO SHOP UDAIPUR', 'CSC-IT', 1, 13900, 'S/N CNC9B8PN09', 'NEW'),
(76, 1, 3, '8', 14, 27, '1299', 1289932200, 'M/S PARMAR TECHNO SHOP UDAIPUR', 'CSC-IT', 1, 13809, 'S/N VNF3G25278', 'NEW'),
(77, 2, 3, '9', 14, 35, '1916', 1264617000, 'M/S PARMAR TECHNO SHOP UDAIPUR', 'CSC-IT', 1, 38500, 'S/N SCNG89DDSXC', 'NEW'),
(78, 2, 3, '9', 14, 36, '1916', 1264617000, 'M/S PARMAR TECHNO SHOP UDAIPUR', 'CSC-IT', 1, 16390, 'S/N SCNJ89CT15X', 'NEW'),
(79, 2, 3, '4', 14, 48, '1916', 1264617000, 'M/S PARMAR TECHNO SHOP UDAIPUR', 'CSC-IT', 2, 7350, 'S/N VNF8N05219, VNF8L05579', 'NEW'),
(80, 2, 3, '1', 13, 4, '1916', 1264617000, 'M/S PARMAR TECHNO SHOP UDAIPUR', 'CSC-IT', 1, 10500, 'S/N JNVY068463', 'NEW'),
(81, 2, 3, '9', 14, 35, '318', 1277922600, 'SWASTIK COMPUTER UDAIPUR', 'CSC-IT', 1, 36403, 'S/N CNG8B14M55', 'NEW'),
(82, 2, 3, '8', 14, 29, 'S/09-10/375', 1247509800, 'M/S SEQUEL INFOCOM PVT LTD. JAIPUR', 'CSC-IT', 1, 21250, 'S/N CNCJC25153', 'NEW'),
(83, 2, 3, '1', 13, 4, 'S/09-10/375', 1247509800, 'M/S SEQUEL INFOCOM PVT LTD. JAIPUR', 'CSC-IT', 2, 10721, 'S/N JNVY056741, JNVY057541', 'NEW'),
(84, 2, 3, '4', 14, 24, '113', 1213986600, 'M/S COMPUTECH CHITTORGARH', 'CSC-IT', 1, 7500, 'S/N SVNC3811524', 'NEW'),
(85, 2, 4, '0', 20, 24, '683', 1172860200, 'MS/ COMPUTECH CHITTORGARH', 'CSC-IT', 1, 3400, 'OK', 'NEW'),
(86, 2, 4, '0', 20, 24, '23', 1177266600, 'M/S COMPUTECH CHITTORGARH', 'CSC-IT', 1, 3350, 'OK', 'NEW'),
(87, 2, 3, '8', 14, 22, '23', 1177266600, 'M/S COMPUTECH CHITTORGARH', 'CSC-IT', 1, 42300, 'OK', 'NEW'),
(88, 2, 3, '6', 14, 39, '1550', 1223577000, 'M/S ARIHANT INFOTECH CHITTORGARH', 'CSC-IT', 1, 18605, 'S/N CNAJ87Y021', 'NEW'),
(89, 2, 3, '1', 13, 4, '262', 1221676200, 'M/S COMPUTECH CHITTORGARH', 'CSC-IT', 1, 10500, 'OK', 'NEW'),
(90, 2, 3, '1', 13, 45, '177', 1217010600, 'M/S COMPUTECH CHITTORGARH', 'CSC-IT', 1, 6750, 'S/N JNWY145695', 'NEW'),
(91, 2, 3, '9', 14, 36, '178', 1217010600, 'M/S COMPUTECH CHITTORGARH', 'CSC-IT', 1, 15800, 'S/N CNCZ834JHT', 'NEW'),
(92, 2, 3, '1', 13, 4, '412', 1200508200, 'M/S COMPUTECH CHITTORGARH', 'CSC-IT', 5, 10500, 'S/N JNVY023424,6869,8032,7905,7904', 'NEW'),
(93, 2, 3, '5', 14, 32, '430', 1201631400, 'M/S COMPUTECH CHITTORGARH', 'CSC-IT', 2, 14000, 'S/N CNCKN84323,CNCKN84504', 'NEW'),
(94, 2, 3, '1', 13, 49, '559', 1227810600, 'M/S COSMOS ELECTRONICS CHITTORGARH', 'CSC-IT', 1, 6587, 'OK', 'NEW'),
(95, 2, 3, '9', 14, 31, '58', 1176748200, 'M/S ARIHANT INFOTECH CHITTORGARH', 'CSC-IT', 1, 40000, 'S/N CNJP52412', 'NEW'),
(96, 2, 3, '8', 14, 46, 'PO CXPY10/058/4100049727', 1289845800, 'M/S PARMAR TECHNO SHOP UDAIPUR', 'CSC-IT', 1, 15600, 'OK', 'NEW'),
(97, 2, 3, '8', 14, 27, 'PO CXPY10/058/4100049727', 1289845800, 'M/S PARMAR TECHNO SHOP UDAIPUR', 'CSC-IT', 1, 14500, 'OK', 'NEW'),
(98, 2, 3, '8', 14, 47, 'PO CXPY10/058/4100049727', 1289845800, 'M/S PARMAR TECHNO SHOP UDAIPUR', 'CSC-IT', 1, 13900, 'OK', 'NEW'),
(99, 2, 4, '0', 36, 46, '1391', 1282329000, 'M/S HINDUSTAN ZINC LIMITED UDAIPUR', 'CSC-IT', 2, 5000, 'S/N 8217, 8221', 'NEW'),
(100, 2, 3, '5', 14, 32, '1813', 1166466600, 'M/S TAYAL SOFTWARE CONCULTANCY SERVICES UDAIPUR', 'CSC-IT', 1, 14160, '1 YEAR CARRY IN WARRANTY', 'NEW'),
(101, 2, 3, '4', 14, 25, 'PO NO--  HY06-895/4100018203', 1168453800, 'M/S COMPUTECH CHITTORGARH', 'CSC-IT', 1, 12400, 'OK', 'NEW'),
(102, 2, 3, '5', 14, 32, 'PO NO-- CPP2227P07/4100025867', 1199471400, 'M/S ELITE COMPUTERS', 'CSC-IT', 1, 14700, 'PK', 'NEW'),
(103, 2, 3, '8', 14, 28, 'PO NO--CAPEX-811/4100030024', 1214591400, 'M/S COMPUTECH CHITTORGARH', 'CSC-IT', 3, 24700, 'OK', 'NEW'),
(104, 2, 3, '1', 13, 4, 'PO NO--CAPEX-811/4100030024', 1214591400, 'M/S COMPUTECH CHITTORGARH', 'CSC-IT', 3, 10600, 'OK', 'NEW'),
(105, 2, 3, '9', 14, 38, 'PO NO-- CAPEX-811/4100029582', 1213036200, 'M/S SEQUEL INFOCOM PVT LTD JAIPUR', 'CSC-IT', 1, 23920, 'OK', 'NEW'),
(108, 2, 4, '0', 20, 25, 'PO NO--C8013/RG/4100032108', 1222367400, 'M/S COMPUTECH CHITTORGARH', 'CSC-IT', 1, 3400, 'OK', 'NEW'),
(109, 2, 3, '1', 14, 49, 'PO NO--HY 06-804/4100030696', 1217183400, 'M/S COMPUTECH CHITTORGARH', 'CSC-IT', 1, 7020, 'OK', 'NEW'),
(110, 2, 3, '8', 14, 27, 'PO NO--CPP08B058/4100028417', 1208543400, 'KAY KAY SOFTECH PVT LTD. KOTA', 'CSC-IT', 1, 14000, 'OK', 'NEW'),
(111, 2, 3, '5', 14, 32, 'PO NO--H1/08/53/7100000011', 1210617000, 'M/S ARIHANT INFOTECH CHITTORGARH', 'CSC-IT', 1, 15600, 'OK', 'NEW'),
(112, 2, 3, '4', 14, 24, 'PO NO--CAPEX-811/4100029860', 1213986600, 'M/S COMPUTECH CHITTORGARH', 'CSC-IT', 1, 7800, 'OK', 'NEW'),
(113, 2, 3, '7', 14, 40, 'PO NO-- CAPEX-124/4100020721', 1179513000, 'M/S TAYAL SOFTWARE CONSULTANCY SERVICES', 'CSC-IT', 1, 36400, 'OK', 'NEW'),
(114, 2, 3, '8', 14, 22, 'PO NO--H2-07-115/4100021064', 1180722600, 'M/S PARMAR TECHNO SHOP UDAIPUR', 'CSC-IT', 2, 35900, 'OK', 'NEW'),
(115, 2, 3, '4', 14, 25, 'PO NO-- HY-06-1146/4100019648', 1175538600, 'M/S COMPUTECH CHITTORGARH', 'CSC-IT', 1, 12400, 'OK', 'NEW'),
(116, 2, 3, '8', 14, 21, 'PO NO-- HY 06-1159/4100019554', 1175106600, 'M/S COMUTECH CHITTORGARH', 'CSC-IT', 1, 42300, 'OK', 'NEW'),
(117, 2, 3, '4', 14, 25, 'PO NO-- CL05/VS/04/4100012899', 1145212200, 'M/S TAYAL SOFTWARE CONSULTANCY SERVICES UDAIPUR', 'CSC-IT', 4, 15112, 'OK', 'NEW'),
(118, 2, 3, '8', 14, 21, 'PO NO--CLZS/CPX98/4100017713', 1137177000, 'M/S COMPUTECH CHITTORGARH', 'CSC-IT', 1, 42300, 'OK', 'NEW'),
(119, 2, 4, '0', 20, 47, 'PO NO--CLZS/CPX98/4100017713', 1166034600, 'M/S COMPUTECH CHITTORGARH', 'CSC-IT', 1, 6950, 'OK', 'NEW'),
(120, 2, 3, '8', 14, 23, 'PO NO-- CL05/A0257/4100009783', 1158863400, 'M/S TAYAL SOFTWARE COUNSULTANCY SERVICES UDAIPUR', 'CSC-IT', 4, 20500, 'OK', 'NEW'),
(121, 2, 3, '6', 14, 50, 'PO NO-- CLZS/CPX02/4100014506', 1151605800, 'M/S TAYAL SOFTWARE CONSULTANCY SERVICES UDAIPUR', 'CSC-IT', 2, 9700, 'OK', 'NEW'),
(122, 2, 3, '10', 15, 51, '682', 1172860200, 'M/S COMPUTECH CHITTORGARH', 'CSC-IT', 1, 16000, 'OK', 'NEW'),
(123, 2, 1, '0', 1, 2, 'PO NO-- CPG/PKG/04-05/PC/HP/DETAILED PO', 1100802600, 'M/S TAYAL SOFTWARE CONSULTANCY SERVICES UDAIPUR', 'CSC-IT', 12, 35500, 'OK', 'NEW'),
(124, 2, 1, '0', 1, 2, 'PO NO-- CPG/PKG/04-05/PC/HP/DETAILED PO', 1100802600, 'M/S TAYAL SOFTWARE COUNSULTANCY SERVICES UDAIPUR', 'CSC-IT', 51, 35500, 'FOR PROJECT', 'NEW'),
(125, 2, 1, '0', 1, 6, '11374', 1125685800, 'HINDUSTAN ZINC LIMITED UDAIPUR', 'CSC-IT', 3, 30000, 'S/N IN142700HN, H3,65', 'TRANSFER'),
(126, 2, 1, '0', 1, 4, 'PO NO-- CPG/SS/05-06/DLSPU/PO', 1129746600, 'M/S TAYAL SOFTWARE CONSULTANCY SERVICES UDAIPUR', 'CSC-IT', 52, 37500, 'OK', 'NEW'),
(127, 2, 3, '4', 14, 25, 'PO NO--CL05/VS/04/4100012899', 1145212200, 'M/S TAYAL SOFTWARE CONSULTANCY SERVICES UDAIPUR', 'CSC-IT', 4, 15112, 'OK', 'NEW'),
(128, 2, 3, '1', 16, 11, '11731', 1141842600, 'M/S HINDUSTAN ZINC LIMITED UDAIPUR', 'CSC-IT', 1, 10000, 'TRANSFER FOR D.B. JAIN', 'TRANSFER'),
(129, 2, 1, '0', 1, 5, 'PO N0--HY-06/286/4100014358', 1151346600, 'M/S TAYAL SOFTWARE CONSULTANCY SERVICES UDAIPUR', 'CSC-IT', 25, 38000, 'OK', 'NEW'),
(130, 2, 1, '0', 1, 1, 'PO NO-- HHY06-894/4100017742', 1166207400, 'M/S TAYAL SOFTWARE CONSULTANCY SERVICES UDAIPUR', 'CSC-IT', 22, 34135, 'OK', 'NEW'),
(131, 2, 3, '5', 14, 32, 'PO NO-- HHY06-894/4100017742', 1166207400, 'M/S TAYAL SOFTWARE CONSULTANCY SERVICES UDAIPUR', 'CSC-IT', 1, 14160, 'OK', 'NEW'),
(132, 2, 1, '0', 1, 48, 'PO NO-- CL05/VIS/1/4100012298', 1142274600, 'M/S TAYAL SOFTWARE CONSULTANCY SERVICES UDAIPUR', 'CSC-IT', 5, 33000, 'OK', 'NEW'),
(134, 2, 2, '0', 9, 44, 'CXPY09/052/4100043460', 1267641000, 'M/S INNOVATIVE TELECOM & SOFTWARE PVT LTD. SURAT', 'CSC-IT', 1, 55000, 'OK', 'NEW'),
(135, 2, 6, '0', 22, 27, 'PO NO- CPG/PKG/04-05/LOTUS NOTES SERVER', 1102357800, 'M/S TAYAL SOFTWARE CONSULTANCY SERVICES UDAIPUR', 'CSC-IT', 1, 170000, 'OK', 'NEW'),
(136, 2, 6, '0', 22, 27, '1179', 1132252200, 'M/S TAYAL SOFTWARE CONSULTANCY SERVICES UDAIPUR', 'CSC-IT', 1, 166000, 'OK', 'NEW'),
(137, 2, 6, '0', 22, 26, 'ML/07-08/030', 1178821800, 'M/S MICRO LINK INFOTECH', 'CSC-IT', 1, 111000, 'OK', 'NEW'),
(138, 2, 6, '0', 22, 26, '2520', 1204137000, 'M/S TAYAL SOFTWARE CONSULTANCY SERVICES UDAIPUR', 'CSC-IT', 1, 121984, 'OK', 'NEW'),
(139, 2, 6, '0', 22, 26, '2094', 1199385000, 'M/S TAYAL SOFTWARE CONSULTANCY SERVICES UDAIPUR', 'CSC-IT', 1, 266000, 'OK', 'NEW'),
(141, 2, 6, '0', 22, 27, 'PO NO-- DZS/PUR(RC)/05-06/1721', 1143743400, 'M/S MICROLINK INFOTECH MUMBAI', 'CSC-IT', 2, 102400, 'OK', 'NEW'),
(144, 2, 6, '0', 38, 50, 'NOT AVIALABLE', 1276626600, 'NOT AVIALABLE', 'CSC-IT', 1, 160000, 'OK', 'NEW'),
(145, 2, 6, '0', 38, 50, 'NOT AVIALABLE', 1218825000, 'NOT AVIALABLE', 'CSC_IT', 1, 180000, 'OK', 'NEW'),
(146, 2, 6, '0', 39, 51, 'NOT AVIALABLE', 1137349800, 'NOT AVIALABLE', 'CSC-IT', 1, 100000, 'OK', 'NEW'),
(147, 2, 2, '0', 9, 15, 'PANT NAGAR TRANSFER', 1349634600, 'HINDUSTAN ZINC', 'CSC-IT', 1, 40000, 'OK', 'TRANSFER'),
(148, 2, 2, '0', 9, 52, 'SELF OWN', 1295375400, 'HINDUSTAN ZINC', 'CSC-IT', 1, 40000, 'OK', 'NEW'),
(149, 2, 4, '0', 20, 25, '0901', 1347474600, 'M/S PARMAR TECHNO SHOP UDAIPUR', 'CSC-IT', 3, 10770, 'OK', 'NEW'),
(151, 2, 3, '8', 14, 44, 'V888', 1347906600, 'E-CONNECT SOLUTION PVT LTD', 'CSC-IT', 5, 19846, 'PO NO 4400007908', 'NEW'),
(152, 2, 3, '9', 14, 53, 'V908', 1348165800, 'E-CONNECT SOLUTION PVT LTD', 'CSC-IT', 1, 13210, '4400007908', 'NEW'),
(153, 2, 3, '9', 14, 53, 'V888', 1347906600, 'E-CONNECT SOLUTION PVT LTD UDAIPUR', 'CSC-IT', 3, 13210, 'PO NO 4400007908', 'NEW'),
(154, 2, 1, '0', 1, 6, 'SELF', 1356201000, 'SELF', 'CSC-IT', 10, 20000, 'OK', 'NEW'),
(155, 2, 2, '0', 9, 18, '1', 1318876200, 'SELF', 'CSC-IT', 1, 45000, 'OK', 'NEW'),
(156, 2, 6, '0', 40, 53, '1', 1342290600, 'IBM', 'CSC-IT', 1, 400000, 'OK', 'NEW'),
(157, 2, 11, '0', 30, 54, 'SELF ENTRY', 1284316200, 'CSC-IT', 'CSC-IT', 2, 15000, 'OK', 'NEW'),
(158, 2, 11, '0', 30, 55, 'SELF', 1236277800, 'CSC-IT', 'CSC-IT', 2, 10000, 'OK', 'NEW'),
(159, 2, 11, '0', 30, 56, 'SELF', 1238697000, 'CSC-IT', 'CSC-IT', 2, 10000, 'OK', 'NEW'),
(160, 2, 11, '0', 30, 57, 'SELF', 1235932200, 'SELF', 'CSC-IT', 10, 10000, 'OK', 'NEW'),
(161, 2, 11, '0', 31, 58, 'SELF', 1170354600, 'SELF', 'CSC-IT', 10, 10000, 'OK', 'NEW'),
(162, 2, 11, '0', 31, 59, 'SELF', 1204569000, 'SELF', 'CSC-IT', 15, 12000, 'OK', 'NEW'),
(163, 2, 11, '0', 31, 60, 'SELF', 1199125800, 'SELF', 'CSC-IT', 40, 10000, 'OK', 'NEW'),
(164, 2, 11, '0', 30, 61, 'SELF', 1233599400, 'SELF', 'CSC-IT', 2, 111111, 'OK', 'NEW'),
(165, 2, 11, '0', 30, 62, 'SELF', 1207161000, 'CSC-IT', 'CSC-IT', 60, 10000, 'OK', 'NEW'),
(166, 2, 11, '0', 30, 63, 'SELF', 1304447400, 'SELF', 'CSC-IT', 2, 12223, 'OK', 'NEW'),
(167, 2, 11, '0', 30, 64, 'SELF', 1244053800, 'CSC-IT', 'CSC-IT', 2, 22444, 'OK', 'NEW'),
(168, 2, 11, '0', 30, 65, 'SELF', 1201977000, 'CSC-IT', 'CSC-IT', 1, 12000, 'OK', 'NEW'),
(169, 2, 11, '0', 30, 66, 'SELF', 1170441000, 'CSC-IT', 'CSC-IT', 2, 10000, 'OK', 'NEW'),
(170, 2, 11, '0', 30, 67, 'SELF', 1207074600, 'CSC-IT', 'CSC-IT', 5, 10000, 'OK', 'NEW'),
(171, 2, 11, '0', 30, 68, 'SELF', 1284489000, 'CSC-IT', 'CSC-IT', 15, 10000, 'OK', 'NEW'),
(172, 2, 11, '0', 30, 69, 'SELF', 1236018600, 'CSC-IT', 'CSC-IT', 5, 12333, 'OK', 'NEW'),
(173, 2, 11, '0', 30, 70, 'SELF', 1207247400, 'CSC-IT', 'CSC-IT', 5, 10000, 'OK', 'NEW'),
(174, 2, 11, '0', 30, 71, 'SELF', 1172946600, 'CSC-IT', 'CSC-IT', 3, 10000, 'OK', 'NEW'),
(175, 2, 11, '0', 30, 72, 'SELF', 1230834600, 'CSC-IT', 'CSC-IT', 3, 10000, 'OK', 'NEW'),
(176, 2, 11, '0', 30, 73, 'SELF', 1201977000, 'CSC-IT', 'CSC-IT', 3, 10000, 'OK', 'NEW'),
(177, 2, 11, '0', 31, 74, 'SELF', 1213295400, 'CSC-IT', 'CSC-IT', 4, 10000, 'OK', 'NEW'),
(178, 2, 11, '0', 31, 75, 'SELF', 1230748200, 'CSC-IT', 'CSC-IT', 10, 11234, 'OK', 'NEW'),
(179, 2, 11, '0', 31, 76, 'SELF', 1243967400, 'CSC-IT', 'CSC-IT', 30, 10000, 'OK', 'NEW'),
(180, 2, 11, '0', 30, 68, 'SELF', 1233599400, 'CSC-IT', 'CSC-IT', 2, 10000, 'OK', 'NEW'),
(181, 2, 11, '0', 30, 70, 'SELF', 1172860200, 'CSC-IT', 'CSC-IT', 2, 10000, 'OK', 'NEW'),
(182, 2, 11, '0', 30, 77, 'SELF', 1172860200, 'CSC-IT', 'CSC-IT', 2, 3322, 'OK', 'NEW'),
(183, 2, 11, '0', 30, 78, 'SELF', 1235932200, 'CSC-IT', 'CSC-IT', 2, 12000, 'OK', 'NEW'),
(184, 2, 11, '0', 31, 75, 'SELF', 1167676200, 'CSC-IT', 'CSC-IT', 2, 1234, 'OK', 'NEW'),
(187, 2, 3, '2', 14, 54, 'SELF', 1235932200, 'CSC-I', 'CSC-IT', 1, 10000, 'OK', 'NEW'),
(188, 2, 3, '2', 14, 55, 'SELF', 1170527400, 'CSC-IT', 'CSC-IT', 1, 15000, 'OK', 'NEW'),
(189, 2, 3, '3', 14, 16, 'SELF', 1267554600, 'CSC-IT', 'CSC-IT', 1, 15000, 'OK', 'NEW'),
(190, 2, 3, '8', 14, 27, 'SELF', 1172773800, 'CSC-IT', 'CSC-IT', 1, 25000, 'OK', 'NEW'),
(192, 2, 3, '9', 14, 38, 'SELF', 1233599400, 'CSC-IT', 'CSC-IT', 1, 25000, 'OK', 'NEW'),
(193, 2, 3, '8', 14, 56, 'SELF', 1239129000, 'CSC-IT', 'CSC-IT', 1, 20000, 'OK', 'NEW'),
(194, 2, 3, '8', 14, 29, 'SELF', 1237141800, 'CSC-IT', 'CSC-IT', 1, 18900, 'OK', 'NEW'),
(195, 2, 3, '5', 14, 34, 'SELF', 1205433000, 'CSC-IT', 'CSC-IT', 1, 18000, 'OK', 'NEW'),
(196, 2, 3, '9', 14, 57, 'SELF', 1247855400, 'CSC-IT', 'CSC-IT', 1, 19000, 'OK', 'NEW'),
(197, 2, 3, '2', 14, 58, 'SELF', 1174156200, 'CSC-IT', 'CSC-IT', 1, 15000, 'OK', 'NEW'),
(198, 2, 3, '2', 14, 59, 'SELF', 1255372200, 'CSC-IT', 'CSC-IT', 1, 15000, 'OK', 'NEW'),
(199, 2, 3, '1', 14, 10, 'SELF', 1234290600, 'CSC-IT', 'CSC-IT', 1, 15000, 'OK', 'NEW'),
(200, 2, 3, '2', 14, 60, 'SELF', 1203013800, 'CSC-IT', 'CSC-IT', 1, 20000, 'OK', 'NEW'),
(201, 2, 3, '1', 13, 6, 'SELF', 1171564200, 'CSC-IT', 'CSC-IT', 1, 4000, 'OK', 'NEW'),
(202, 2, 3, '6', 14, 61, 'SELF', 1205692200, 'CSC-IT', 'CSC-IT', 2, 12000, 'OK', 'NEW'),
(203, 2, 3, '9', 14, 33, 'SELF', 1202841000, 'CSC-IT', 'CSC-IT', 2, 15000, 'OK', 'NEW'),
(204, 2, 3, '3', 14, 17, 'SELF', 1202841000, 'CSC-IT', 'CSC-IT', 2, 15000, 'OK', 'NEW'),
(205, 2, 3, '2', 14, 62, 'CSC-IT', 1200508200, 'CSC-IT', 'CSC-IT', 2, 8000, 'OK', 'NEW'),
(206, 2, 3, '1', 13, 63, 'SELF', 1268677800, 'CSC-IT', 'CSC-IT', 2, 10000, 'OK', 'NEW'),
(207, 2, 3, '4', 14, 19, 'SELF', 1237055400, 'CSC-IT', 'CSC-IT', 2, 10000, 'OK', 'NEW'),
(208, 2, 3, '4', 14, 48, 'SELF', 1242325800, 'CSC-IT', 'CSC-IT', 3, 15000, 'OK', 'NEW'),
(209, 2, 3, '9', 14, 36, 'SELF', 1203100200, 'CSC-IT', 'CSC-IT', 3, 20000, 'OK', 'NEW'),
(210, 2, 3, '4', 14, 26, 'SELF', 1208284200, 'CSC-IT', 'CSC-IT', 3, 15500, 'OK', 'NEW'),
(211, 2, 3, '8', 14, 28, 'SELF', 1234722600, 'CSC-IT', 'CSC-IT', 3, 15600, 'OK', 'NEW'),
(212, 2, 3, '9', 14, 35, 'SELF', 1203186600, 'CSC-IT', 'CSC-IT', 2, 35000, 'OK', 'NEW'),
(213, 2, 3, '8', 14, 22, 'SELF', 1237141800, 'CSC-IT', 'CSC-IT', 3, 25000, 'OK', 'NEW'),
(214, 2, 3, '2', 14, 13, 'SELF', 1205605800, 'CSC-IT', 'CSC-IT', 3, 15000, 'OK', 'NEW'),
(215, 2, 3, '4', 14, 18, 'SELF', 1205605800, 'CSC-IT', 'CSC-IT', 3, 15000, 'OK', 'NEW'),
(216, 2, 3, '8', 14, 21, 'SELF', 1205605800, 'CSC-IT', 'CSC-IT', 4, 15000, 'OK', 'NEW'),
(217, 2, 3, '1', 13, 2, 'SELF', 1205605800, 'CSC-IT', 'CSC-IT', 3, 15200, 'OK', 'NEW'),
(218, 2, 3, '9', 14, 43, 'SELF', 1237228200, 'CSC-IT', 'CSC-IT', 6, 16000, 'OK', 'NEW'),
(219, 2, 3, '5', 14, 32, 'SELF', 1237228200, 'CSC-IT', 'CSC-IT', 7, 16000, 'OK', 'NEW'),
(220, 2, 3, '4', 14, 25, 'SELF', 1229020200, 'CSC-IT', 'CSC-IT', 9, 15000, 'OK', 'NEW'),
(221, 2, 3, '1', 14, 4, 'SELF', 1237314600, 'CSC-IT', 'CSC-IT', 9, 5000, 'OK', 'NEW'),
(222, 2, 3, '4', 14, 20, 'SELF', 1202841000, 'CSC-IT', 'CSC-IT', 10, 10000, 'OK', 'NEW'),
(223, 2, 3, '1', 13, 49, '2', 1237055400, 'CSC-IT', 'CSC-IT', 2, 10000, 'OK', 'NEW'),
(224, 2, 3, '4', 14, 24, 'CSC-IT', 1208025000, 'CSC-IT', 'CSC-IT', 10, 10000, 'OK', 'NEW'),
(225, 2, 3, '8', 14, 23, 'SELF', 1239820200, 'CSC-IT', 'CSC-IT', 13, 15000, 'OK', 'NEW'),
(226, 2, 3, '8', 14, 46, 'CSC-IT', 1237055400, 'CSC-IT', 'CSC-IT', 1, 18000, 'OK', 'NEW'),
(227, 2, 3, '8', 14, 29, 'SELF', 1237055400, 'CSC-IT', 'CSC-IT', 1, 12000, 'OK', 'NEW'),
(228, 2, 3, '8', 14, 47, 'SELF', 1236969000, 'CSC-IT', 'CSC-IT', 1, 15000, 'OK', 'NEW'),
(229, 2, 3, '1', 13, 4, 'SELF', 1237055400, 'CSC-IT', 'CSC-IT', 1, 16000, 'OK', 'NEW'),
(230, 2, 3, '8', 14, 27, 'SELF', 1237055400, 'CSC-IT', 'CSC-IT', 1, 15600, 'OK', 'NEW'),
(231, 2, 3, '4', 14, 64, 'SELF', 1267554600, 'CSC-IT', 'CSC-IT', 2, 16000, 'OK', 'NEW'),
(232, 2, 3, '1', 14, 4, 'SELF', 1207074600, 'CSC-IT', 'CSC-IT', 5, 15000, 'OK', 'NEW'),
(233, 2, 3, '1', 13, 49, 'SELF', 1233685800, 'CSC-IT', 'CSC-IT', 1, 5000, 'OK', 'NEW'),
(235, 2, 3, '5', 14, 52, 'SELF', 1286821800, 'CSC-IT', 'CSC-IT', 4, 30000, 'OK', 'NEW'),
(236, 1, 3, '2', 13, 14, '47465', 1353263400, 'HIM', 'HIM', 12, 34, '1', 'NEW'),
(237, 1, 3, '3', 14, 16, '6666', 1572287400, 'HIM', 'HIM', 5, 23, '1', 'NEW'),
(238, 3, 3, '3', 14, 16, 'EWE', 1502994600, 'EWQE', 'WEQW', 5, 5, '5', 'NEW'),
(241, 3, 3, '2', 14, 14, '555', 1172601000, 'PARTY NAME:', 'NAME OF RECEIVER:', 5, 5, '5', 'NEW'),
(242, 4, 3, '2', 15, 15, '768756', 1297881000, 'GJHG', 'HJKH', 7, 5, '4', 'NEW'),
(243, 2, 1, '0', 1, 1, '1 FEB', 1422729000, 'PARTYNME', 'HIMANSHU', 12, 5000, '1', 'NEW'),
(249, 2, 1, '0', 1, 1, 'JIJIJ', 1239906600, 'PARTY NAME', 'NAME OF RECEIVER:', 3, 1, '1', 'NEW'),
(250, 2, 3, '1', 13, 2, 'GGGG', 1208284200, 'PARTY NAME', 'NAME OF RECEIVER:', 4, 1, '1', 'NEW'),
(251, 2, 3, '1', 13, 1, '11', 1199212200, '11', '11', 4, 1, '1', 'NEW');

-- --------------------------------------------------------

--
-- Table structure for table `hz_transfer_requests`
--

CREATE TABLE IF NOT EXISTS `hz_transfer_requests` (
  `RequestID` int(11) NOT NULL AUTO_INCREMENT,
  `RequestorID` varchar(255) NOT NULL,
  `EmployeeID` varchar(255) NOT NULL,
  `HardwareID` int(11) NOT NULL,
  `ProductID` int(11) NOT NULL,
  `Email` varchar(255) NOT NULL,
  `TransferReason` text NOT NULL,
  `FirstManagerRejected` tinyint(1) NOT NULL DEFAULT '0',
  `FirstManagerRejectMsg` text NOT NULL,
  `SecondManagerRejected` tinyint(1) NOT NULL DEFAULT '0',
  `SecondManagerRejectMsg` text NOT NULL,
  `ReceiverRejected` tinyint(1) NOT NULL DEFAULT '0',
  `ReceiverRejectMsg` text NOT NULL,
  `HodRejected` tinyint(1) NOT NULL DEFAULT '0',
  `HodRejectMsg` text NOT NULL,
  `Status` tinyint(4) NOT NULL,
  PRIMARY KEY (`RequestID`),
  KEY `EmployeeID` (`EmployeeID`)
) ENGINE=MyISAM  DEFAULT CHARSET=latin1 AUTO_INCREMENT=11 ;

--
-- Dumping data for table `hz_transfer_requests`
--

INSERT INTO `hz_transfer_requests` (`RequestID`, `RequestorID`, `EmployeeID`, `HardwareID`, `ProductID`, `Email`, `TransferReason`, `FirstManagerRejected`, `FirstManagerRejectMsg`, `SecondManagerRejected`, `SecondManagerRejectMsg`, `ReceiverRejected`, `ReceiverRejectMsg`, `HodRejected`, `HodRejectMsg`, `Status`) VALUES
(1, '444444', '555555', 1, 3, 'himanshuzone@gmail.com', 'Reason for transfer:', 0, '', 0, '', 0, '', 0, '', 1);

-- --------------------------------------------------------

--
-- Table structure for table `hz_units`
--

CREATE TABLE IF NOT EXISTS `hz_units` (
  `id` int(5) NOT NULL AUTO_INCREMENT,
  `name` varchar(200) NOT NULL,
  PRIMARY KEY (`id`)
) ENGINE=InnoDB  DEFAULT CHARSET=latin1 AUTO_INCREMENT=6 ;

--
-- Dumping data for table `hz_units`
--

INSERT INTO `hz_units` (`id`, `name`) VALUES
(1, 'PYRO'),
(2, 'HYDRO1'),
(3, 'HYDRO2'),
(4, 'COMMON'),
(5, 'CPP');

-- --------------------------------------------------------

--
-- Table structure for table `hz_users`
--

CREATE TABLE IF NOT EXISTS `hz_users` (
  `id` int(11) NOT NULL AUTO_INCREMENT,
  `username` varchar(150) NOT NULL,
  `password` varchar(150) NOT NULL,
  `isadmin` tinyint(1) NOT NULL DEFAULT '0',
  PRIMARY KEY (`id`)
) ENGINE=InnoDB  DEFAULT CHARSET=latin1 AUTO_INCREMENT=5 ;

--
-- Dumping data for table `hz_users`
--

INSERT INTO `hz_users` (`id`, `username`, `password`, `isadmin`) VALUES
(1, 'admin', 'password1', 1),
(2, 'guest', 'guest', 0),
(3, 'user1', '11', 0),
(4, 'avanik', 'jain', 1);

--
-- Constraints for dumped tables
--

--
-- Constraints for table `hz_cartage`
--
ALTER TABLE `hz_cartage`
  ADD CONSTRAINT `hz_cartage_ibfk_1` FOREIGN KEY (`hw_id`) REFERENCES `hz_hardware` (`id`);

--
-- Constraints for table `hz_configuration`
--
ALTER TABLE `hz_configuration`
  ADD CONSTRAINT `hz_configuration_ibfk_1` FOREIGN KEY (`make_id`) REFERENCES `hz_make` (`id`);

--
-- Constraints for table `hz_criticalregistration`
--
ALTER TABLE `hz_criticalregistration`
  ADD CONSTRAINT `hz_criticalregistration_ibfk_1` FOREIGN KEY (`department`) REFERENCES `hz_departments` (`id`),
  ADD CONSTRAINT `hz_criticalregistration_ibfk_2` FOREIGN KEY (`hardware`) REFERENCES `hz_hardware` (`id`),
  ADD CONSTRAINT `hz_criticalregistration_ibfk_3` FOREIGN KEY (`make`) REFERENCES `hz_make` (`id`),
  ADD CONSTRAINT `hz_criticalregistration_ibfk_4` FOREIGN KEY (`model`) REFERENCES `hz_model` (`id`);

--
-- Constraints for table `hz_critical_hardware_name`
--
ALTER TABLE `hz_critical_hardware_name`
  ADD CONSTRAINT `hz_critical_hardware_name_ibfk_2` FOREIGN KEY (`hardware_id`) REFERENCES `hz_hardware` (`id`);

--
-- Constraints for table `hz_critical_make`
--
ALTER TABLE `hz_critical_make`
  ADD CONSTRAINT `hz_critical_make_ibfk_1` FOREIGN KEY (`criticalhw_id`) REFERENCES `hz_critical_hardware` (`id`);

--
-- Constraints for table `hz_make`
--
ALTER TABLE `hz_make`
  ADD CONSTRAINT `hz_make_ibfk_1` FOREIGN KEY (`hw_id`) REFERENCES `hz_hardware` (`id`);

--
-- Constraints for table `hz_model`
--
ALTER TABLE `hz_model`
  ADD CONSTRAINT `hz_model_ibfk_1` FOREIGN KEY (`make_id`) REFERENCES `hz_make` (`id`);

--
-- Constraints for table `hz_otherregistration`
--
ALTER TABLE `hz_otherregistration`
  ADD CONSTRAINT `hz_otherregistration_ibfk_1` FOREIGN KEY (`empid`) REFERENCES `hz_employees` (`empid`),
  ADD CONSTRAINT `hz_otherregistration_ibfk_3` FOREIGN KEY (`hardware`) REFERENCES `hz_hardware` (`id`),
  ADD CONSTRAINT `hz_otherregistration_ibfk_4` FOREIGN KEY (`make`) REFERENCES `hz_make` (`id`),
  ADD CONSTRAINT `hz_otherregistration_ibfk_5` FOREIGN KEY (`model`) REFERENCES `hz_model` (`id`);

--
-- Constraints for table `hz_otherstock`
--
ALTER TABLE `hz_otherstock`
  ADD CONSTRAINT `hz_otherstock_ibfk_1` FOREIGN KEY (`department`) REFERENCES `hz_departments` (`id`),
  ADD CONSTRAINT `hz_otherstock_ibfk_2` FOREIGN KEY (`hardware`) REFERENCES `hz_hardware` (`id`),
  ADD CONSTRAINT `hz_otherstock_ibfk_3` FOREIGN KEY (`make`) REFERENCES `hz_make` (`id`);

--
-- Constraints for table `hz_printermodel`
--
ALTER TABLE `hz_printermodel`
  ADD CONSTRAINT `hz_printermodel_ibfk_1` FOREIGN KEY (`printertype_id`) REFERENCES `hz_printertype` (`id`);

--
-- Constraints for table `hz_printertype`
--
ALTER TABLE `hz_printertype`
  ADD CONSTRAINT `hz_printertype_ibfk_1` FOREIGN KEY (`hw_id`) REFERENCES `hz_hardware` (`id`);

--
-- Constraints for table `hz_registration`
--
ALTER TABLE `hz_registration`
  ADD CONSTRAINT `hz_registration_ibfk_2` FOREIGN KEY (`hardware`) REFERENCES `hz_hardware` (`id`),
  ADD CONSTRAINT `hz_registration_ibfk_3` FOREIGN KEY (`make`) REFERENCES `hz_make` (`id`);

--
-- Constraints for table `hz_stock`
--
ALTER TABLE `hz_stock`
  ADD CONSTRAINT `hz_stock_ibfk_1` FOREIGN KEY (`department`) REFERENCES `hz_departments` (`id`),
  ADD CONSTRAINT `hz_stock_ibfk_2` FOREIGN KEY (`hardware`) REFERENCES `hz_hardware` (`id`),
  ADD CONSTRAINT `hz_stock_ibfk_3` FOREIGN KEY (`make`) REFERENCES `hz_make` (`id`);
